track_id,name,artist,spotify_preview_url,spotify_id,tags,genre,year,duration_ms,danceability,energy,key,loudness,mode,speechiness,acousticness,instrumentalness,liveness,valence,tempo,time_signature
TRNNGMK128F423F034,Where Is My Mind?,Pixies,https://p.scdn.co/mp3-preview/d4a375a9c19d4ea8083658b58402926d6990499b?cid=774b29d4f13844c495f206cafdad9c86,0DJU6KGwdkxEPCy3BZ3UZY,"rock, alternative, indie, alternative_rock, indie_rock, 80s, soundtrack",Rock,2005,230093,0.514,0.435,4,-13.517,1,0.0353,0.0078,0.000859,0.0802,0.212,82.104,4
TRAALAH128E078234A,Bitter Sweet Symphony,The Verve,https://p.scdn.co/mp3-preview/3debe861147de110f5e72e6badd5aaa63247f2d4?cid=774b29d4f13844c495f206cafdad9c86,0jLnevC3Vn34qVWrAa4X6x,"rock, alternative, indie, pop, alternative_rock, indie_rock, british, chillout, soundtrack, 90s, beautiful, britpop",,1999,358333,0.383,0.907,9,-5.409,1,0.0405,0.0313,0.0,0.347,0.514,171.052,4
TRQFICK128F92F5190,Toxicity,System of a Down,https://p.scdn.co/mp3-preview/89e93c71655e81579d011e4521f7b6e9db173834?cid=774b29d4f13844c495f206cafdad9c86,0snQkGI5qnAmohLE7jTsTn,"rock, alternative, metal, alternative_rock, hard_rock, nu_metal",,2001,218933,0.413,0.873,8,-4.151,1,0.0536,0.000264,0.00249,0.204,0.48,116.68,3
TRPFYYL128F92F7144,Float On,Modest Mouse,https://p.scdn.co/mp3-preview/0d741d740ea0e449057d326439a47e974447e86d?cid=774b29d4f13844c495f206cafdad9c86,1Urf1M52P3R6NYdAOJizoW,"rock, alternative, indie, alternative_rock, indie_rock, indie_pop, 00s",Rock,2004,208466,0.646,0.893,6,-4.799,1,0.0301,0.0151,3.59e-06,0.0892,0.559,100.951,4
TRFWGOJ128E0780C8B,In My Place,Coldplay,https://p.scdn.co/mp3-preview/e152576c5affbc6d08bb5b67ff0f4d18e29914ce?cid=774b29d4f13844c495f206cafdad9c86,0M1MFIuPCxRitJ4lF7q3tx,"rock, alternative, indie, pop, alternative_rock, indie_rock, british, chillout, 00s, britpop, mellow",Rock,2012,228346,0.423,0.566,9,-6.55,1,0.0272,0.0526,3.66e-06,0.196,0.218,144.688,4
TRCRCBT128F4260DD1,Such Great Heights,The Postal Service,https://p.scdn.co/mp3-preview/0185e782194fa2fecba88d96ad9afb4fff8d6406?cid=774b29d4f13844c495f206cafdad9c86,0cs7BfenkAuxTVJv96KMme,"rock, electronic, alternative, indie, pop, indie_rock, indie_pop, love",,2003,267466,0.649,0.814,5,-8.447,1,0.0469,0.00918,0.23,0.0672,0.199,174.979,4
TRSCMBY128F9311188,Mardy Bum,Arctic Monkeys,https://p.scdn.co/mp3-preview/4964cbac745e7e8ef3968b684ba291e8c756c579?cid=774b29d4f13844c495f206cafdad9c86,0gNQKJ5uTPeuxF2iVJAUAc,"rock, alternative, indie, alternative_rock, indie_rock, british, 00s, britpop",Rock,2006,175426,0.634,0.599,2,-5.447,1,0.0365,0.0288,0.0,0.197,0.312,112.215,4
TRWQINA128F9339E57,Buddy Holly,Weezer,https://p.scdn.co/mp3-preview/8e4fe24146a0acac840e9f3ed45f92b684bd96bf?cid=774b29d4f13844c495f206cafdad9c86,0gOyllwzM7IvfuYZ903zNv,"rock, alternative, indie, alternative_rock, indie_rock, 90s, american",Rock,1994,159226,0.556,0.92,8,-4.606,1,0.0367,0.00271,0.00021,0.117,0.771,121.138,4
TRFOVTO128F4228CC3,Fortunate Son,Creedence Clearwater Revival,https://p.scdn.co/mp3-preview/3136857b0f683af80257d8641b8e2680ddd8f2ce?cid=774b29d4f13844c495f206cafdad9c86,02W3Xt0zd4cXTQ923Cx9Q3,"rock, classic_rock, 60s",Rock,2005,138052,0.631,0.761,0,-3.905,1,0.0381,0.0562,0.26,0.201,0.45,132.498,4
TRGDQFS128F933AD5C,Violet Hill,Coldplay,https://p.scdn.co/mp3-preview/d1203aa08085a764cc2d494e48f6aaf58b244e59?cid=774b29d4f13844c495f206cafdad9c86,0aeknkZO0MWCdgwlNMypib,"rock, alternative, indie, pop, alternative_rock, british, 00s, britpop",Rock,2008,221306,0.332,0.587,1,-7.905,0,0.0362,0.0571,0.00162,0.0864,0.109,76.051,4
TRBNYBX128F422EC61,Hey There Delilah,Plain White T's,https://p.scdn.co/mp3-preview/fbac064e4b0b969269bb8f0120b12ee588bf50bf?cid=774b29d4f13844c495f206cafdad9c86,03U2Ypm7VifnymUMQC0CUh,"rock, alternative, indie, pop, indie_rock, acoustic, emo, love, beautiful, mellow",Rock,2006,247060,0.451,0.261,2,-12.467,1,0.029,0.981,3.21e-06,0.659,0.372,100.46,4
TRDMUWU128E078EDDB,Dumb,Nirvana,https://p.scdn.co/mp3-preview/b8463d9fe1e8540fd6d673d05d8e8de6951d350d?cid=774b29d4f13844c495f206cafdad9c86,13noTim30TG19L0rg9fa9k,"rock, alternative, alternative_rock, 90s, grunge",Rock,1993,149706,0.682,0.405,6,-11.86,1,0.028,0.151,0.387,0.27,0.846,113.719,4
TRARTEH128F423DBC1,15 Step,Radiohead,https://p.scdn.co/mp3-preview/18f2a704083cc69612e54165b0afeba18aa9462e?cid=774b29d4f13844c495f206cafdad9c86,6dsq7Nt5mIFzvm5kIYNORy,"rock, electronic, alternative, indie, alternative_rock, experimental, indie_rock, british, britpop",Rock,2007,237293,0.6,0.853,1,-7.584,1,0.0423,0.0489,0.346,0.0934,0.847,94.457,4
TRYALRP128F92F521E,Aerials,System of a Down,https://p.scdn.co/mp3-preview/17c08cf40c2f21a4b3e65fd092749a3e35e59b68?cid=774b29d4f13844c495f206cafdad9c86,0m9h2rgCymn7kreQoNKwD8,"rock, alternative, metal, alternative_rock, hard_rock, nu_metal",Metal,2011,234826,0.406,0.924,0,-3.384,0,0.0516,0.00146,0.0422,0.0774,0.254,79.957,4
TRWVOJJ12903CCC654,My Immortal,Evanescence,https://p.scdn.co/mp3-preview/1d1e3814d3256397f6e6702e7a92e11fb734b519?cid=774b29d4f13844c495f206cafdad9c86,0ftNFLfm5CaVQtJCK0w2L5,"rock, alternative, female_vocalists, metal, alternative_rock, piano, love, beautiful, gothic_metal, gothic",Rock,2014,270266,0.364,0.285,9,-9.927,1,0.032,0.75,5.69e-06,0.1,0.0707,149.552,4
TRXBTXG128F9305E78,Lisztomania,Phoenix,https://p.scdn.co/mp3-preview/6675be62d15f4555cc4f8f622897999229a1e965?cid=774b29d4f13844c495f206cafdad9c86,2tlV0DuPxMnJntkrmzjZEq,"rock, electronic, alternative, indie, pop, indie_rock, dance, indie_pop, french",,2009,241640,0.645,0.797,0,-6.434,1,0.039,0.0359,0.00589,0.496,0.335,97.524,4
TRITVFR128E078EE0B,Drain You,Nirvana,https://p.scdn.co/mp3-preview/da7756514debde7f7918c54b7b30628de8a3f88f?cid=774b29d4f13844c495f206cafdad9c86,0bTLGlCqwZXwJGWGE2Dywg,"rock, alternative, alternative_rock, 90s, grunge",Rock,1991,223880,0.325,0.929,11,-5.625,0,0.0695,0.000129,2.22e-06,0.184,0.198,133.358,4
TRFXBVX128F4265DC7,Bulls on Parade,Rage Against the Machine,https://p.scdn.co/mp3-preview/9a0a212b91ae9561473158a58852f10d91a32440?cid=774b29d4f13844c495f206cafdad9c86,0tZ3mElWcr74OOhKEiNz1x,"rock, alternative, metal, alternative_rock, hard_rock, 90s",Rock,1996,229466,0.412,0.919,5,-7.291,1,0.184,0.0124,0.0601,0.424,0.572,166.367,4
TRULNMQ128F92E1FDA,Plug In Baby,Muse,https://p.scdn.co/mp3-preview/61726c38fc9e4b262bdc5ef805dcb844b58b827e?cid=774b29d4f13844c495f206cafdad9c86,0wJ9toDPSurZw7IGZVk566,"rock, alternative, indie, alternative_rock, indie_rock, progressive_rock, british",Rock,2001,220480,0.406,0.953,2,-5.74,1,0.0473,6.48e-06,0.000407,0.0911,0.307,136.007,4
TRGJTIY128F4296A0E,All You Need Is Love,The Beatles,https://p.scdn.co/mp3-preview/876bc3e961a7834b620b813710d5d0894e5b2ae1?cid=774b29d4f13844c495f206cafdad9c86,0BWoyGLDhDwvFtTOntc6ko,"rock, pop, classic_rock, british, psychedelic, 60s, oldies, love",,2006,220045,0.372,0.532,7,-7.968,1,0.0314,0.232,0.0,0.0951,0.727,102.627,4
TRPAFCY128F931119B,A Certain Romance,Arctic Monkeys,https://p.scdn.co/mp3-preview/86b717f29a75399918886faa8c896bacd5e6d3fb?cid=774b29d4f13844c495f206cafdad9c86,0eDQj41kzBhMKQIkTt6OJR,"rock, alternative, indie, alternative_rock, indie_rock, british, britpop",,2006,331200,0.455,0.881,11,-5.587,1,0.0401,0.000566,6.06e-05,0.11,0.201,137.949,4
TROVIUK128F145A17F,Ooh La,The Kooks,https://p.scdn.co/mp3-preview/74df4290711741a30d54a02929a93b0303994731?cid=774b29d4f13844c495f206cafdad9c86,0QiQwayYRa0WC6u4mQJtDI,"rock, alternative, indie, indie_rock, british, britpop",Rock,2006,208973,0.543,0.873,10,-5.159,0,0.0803,0.0165,9.45e-05,0.15,0.786,150.891,4
TRHJOFO12903CBFDE9,There Is a Light That Never Goes Out,The Smiths,https://p.scdn.co/mp3-preview/839d38dbf04ca2ff858eb03d0442358ffb393adb?cid=774b29d4f13844c495f206cafdad9c86,0AF5UIZeHvvnXI1phyhyZ9,"rock, alternative, indie, pop, alternative_rock, indie_rock, 80s, british, new_wave, post_punk, love, beautiful, britpop",Rock,2008,243573,0.522,0.734,4,-6.899,1,0.0269,0.0425,0.0,0.172,0.864,135.991,4
TRWYIOX128F9311181,Riot Van,Arctic Monkeys,https://p.scdn.co/mp3-preview/274c5f7aa66ca4fed06336de8238975ace0459d3?cid=774b29d4f13844c495f206cafdad9c86,0RN9h0ojhQWtAD6O8X7Zzp,"rock, alternative, indie, alternative_rock, indie_rock, british, britpop",Rock,2006,134933,0.593,0.333,9,-14.342,1,0.046,0.358,0.0,0.245,0.258,103.537,4
TRAMGPM128F9311196,From the Ritz to the Rubble,Arctic Monkeys,https://p.scdn.co/mp3-preview/adb4300b31fc1f1e9e352d0af723fc2d3628e3ec?cid=774b29d4f13844c495f206cafdad9c86,1quwqNTrkIETU55QYjVO2v,"rock, alternative, indie, alternative_rock, indie_rock, british, britpop",Rock,2006,195426,0.215,0.876,9,-5.327,0,0.0429,0.00165,0.0,0.313,0.715,188.89,4
TRDBTTU128F931E20E,All Star,Smash Mouth,https://p.scdn.co/mp3-preview/24a26524cd1e364126bb9680ae4b2d3792946cd6?cid=774b29d4f13844c495f206cafdad9c86,0DtHpSWynP5QBx8EPPSG3c,"rock, alternative, pop, alternative_rock, soundtrack, 90s, pop_rock, ska",,2000,198933,0.728,0.883,11,-6.097,1,0.0324,0.062,0.0,0.0563,0.84,104.022,4
TRIDPWO128F423DBC6,Faust Arp,Radiohead,https://p.scdn.co/mp3-preview/7f8e0f1c60eaa0817e07f48d5954887ca148ef37?cid=774b29d4f13844c495f206cafdad9c86,5SdmtFbNOD7Qej6jFCHkOM,"rock, electronic, alternative, indie, alternative_rock, experimental, indie_rock, british, acoustic, beautiful",Rock,2007,129680,0.338,0.289,0,-13.479,1,0.0366,0.834,0.344,0.0966,0.226,121.857,3
TRRUIKN128E078218F,Climbing Up the Walls,Radiohead,https://p.scdn.co/mp3-preview/5b1e45987b96b274c80e52c54572b16c8f8c901e?cid=774b29d4f13844c495f206cafdad9c86,040qcdVdtU2ruOwmG5z0lA,"rock, electronic, alternative, indie, alternative_rock, experimental, british, chillout, 90s, beautiful, britpop",Rock,1996,285200,0.172,0.655,11,-7.476,0,0.042,0.0971,0.128,0.195,0.221,78.653,4
TRGKAHN128F4253C0E,Still Take You Home,Arctic Monkeys,https://p.scdn.co/mp3-preview/e692ef473cc4b5d9066fc81ac9eb9edd575ac600?cid=774b29d4f13844c495f206cafdad9c86,28J7s6ylqLYzBUTBSUyEjm,"rock, alternative, indie, alternative_rock, indie_rock, british, britpop",Rock,2006,173666,0.599,0.946,8,-4.192,1,0.0378,0.000669,0.0,0.0973,0.653,108.934,4
TROIESH128F422EEA3,Go Your Own Way,Fleetwood Mac,https://p.scdn.co/mp3-preview/b4b050fb5f906aba4e08064c453d3344ea68e583?cid=774b29d4f13844c495f206cafdad9c86,0FeCO85RKW8fDRytwXof2x,"rock, pop, classic_rock, 70s",Rock,1977,218400,0.597,0.812,5,-12.062,1,0.0315,0.0219,0.00106,0.102,0.823,135.68,4
TRIROYA12903CE1794,Something Good Can Work,Two Door Cinema Club,https://p.scdn.co/mp3-preview/7717f734cc51035b1d1fd7664acaabf54ce5beaa?cid=774b29d4f13844c495f206cafdad9c86,0IvfFrZGN0xgUwvm79bzc9,"rock, electronic, alternative, indie, pop, indie_rock, british, indie_pop, britpop",Rock,2010,164200,0.647,0.83,0,-5.025,1,0.0342,0.00522,0.000852,0.17,0.73,119.91,4
TRNUMRY12903CB6530,On Melancholy Hill,Gorillaz,https://p.scdn.co/mp3-preview/cd7991e7076d0410677032dd9093a9cd712b69fd?cid=774b29d4f13844c495f206cafdad9c86,0Gn4JEW3u7Hu2EpuRmQETL,"rock, electronic, alternative, indie, pop, british, beautiful",,2010,233866,0.689,0.739,2,-5.81,1,0.026,1.51e-05,0.509,0.064,0.578,120.423,4
TRCIVWB128F92FDBB3,Strawberry Swing,Coldplay,https://p.scdn.co/mp3-preview/5c8971b01e17419868278ab95b2847a8db93e165?cid=774b29d4f13844c495f206cafdad9c86,06inBM2SUiyg3nGDC2KvUG,"rock, alternative, indie, pop, alternative_rock, indie_rock, british, love, beautiful, 00s, britpop, mellow",Rock,2009,249666,0.195,0.669,1,-10.457,1,0.0601,0.00804,0.788,0.238,0.428,173.12,4
TRLWTAG128E0789037,Kids With Guns,Gorillaz,https://p.scdn.co/mp3-preview/fd854bcd8723cabba5897e6fc1f481513e95a161?cid=774b29d4f13844c495f206cafdad9c86,0eEgMbSzOHmkOeVuNC3E0k,"rock, electronic, alternative, indie, pop, alternative_rock, british, hip_hop, trip_hop",Rock,2005,225773,0.838,0.475,4,-5.505,0,0.036,0.000417,0.714,0.226,0.711,106.217,4
TRTDZXN128F4252EA3,How to Disappear Completely,Radiohead,https://p.scdn.co/mp3-preview/a7631fa65da16818cf24822b44ff1be7d9cf30f6?cid=774b29d4f13844c495f206cafdad9c86,03KRkF62P0whzOVY8v3KGj,"rock, electronic, alternative, indie, alternative_rock, ambient, experimental, british, beautiful, 00s, mellow",Rock,2000,356333,0.168,0.302,6,-11.645,0,0.0344,0.315,0.79,0.11,0.205,102.041,4
TRPFLRB128F14A895D,No Cars Go,Arcade Fire,https://p.scdn.co/mp3-preview/8e6a84174cc98edec0b02f4cea9f319c4f41a139?cid=774b29d4f13844c495f206cafdad9c86,0nev4XL4Y6hrDsRpK4ERcU,"rock, alternative, indie, alternative_rock, indie_rock, beautiful",,2007,343626,0.333,0.75,1,-6.942,1,0.0371,0.00072,0.224,0.12,0.276,135.296,4
TRUQEKG128F9310309,Is This It,The Strokes,https://p.scdn.co/mp3-preview/74e77724b58f3a516ebba5b6b1589bc9cbc09905?cid=774b29d4f13844c495f206cafdad9c86,0jBE7Fn78EAvmIs3dCd6GO,"rock, alternative, indie, alternative_rock, indie_rock, american, 00s",,2001,151333,0.667,0.692,5,-8.361,1,0.0285,0.147,3.75e-05,0.349,0.846,96.022,4
TRGVSMR128F42B58E7,New Born,Muse,https://p.scdn.co/mp3-preview/77fda0e5664dcd557fc26576fcb4bf538558e25e?cid=774b29d4f13844c495f206cafdad9c86,2lJBnmPHVwPUuvKlZxAp6T,"rock, alternative, indie, alternative_rock, progressive_rock, british",Rock,2001,365480,0.316,0.918,4,-7.333,1,0.0932,0.00354,0.14,0.112,0.148,152.007,4
TRONYHY128F92C9D11,Revelry,Kings of Leon,https://p.scdn.co/mp3-preview/1c2604b381e6106ca4a180900a98fb5fce20006c?cid=774b29d4f13844c495f206cafdad9c86,039Q3UlFQ6kavVIZHpO4mL,"rock, alternative, indie, alternative_rock, indie_rock, male_vocalists, beautiful, 00s, mellow",Rock,2008,201733,0.437,0.748,4,-6.593,1,0.0689,0.196,0.000328,0.158,0.383,149.834,4
TRXFYCU128F4258741,Ziggy Stardust,David Bowie,https://p.scdn.co/mp3-preview/7d9f79af0556952cd2cc2bc9077c51771e6f3a8a?cid=774b29d4f13844c495f206cafdad9c86,0NwGSYFvpiQ0ydLY3jRWSA,"rock, classic_rock, british, 70s",Rock,2009,194653,0.408,0.646,7,-7.181,1,0.0435,0.0714,0.0,0.176,0.565,80.148,4
TRKKBJS128F92EF7D2,Tears Don't Fall,Bullet for My Valentine,https://p.scdn.co/mp3-preview/4cc4ca5c7ecb43006ccd0f7c50c8520e70f12fef?cid=774b29d4f13844c495f206cafdad9c86,0mJIGr6BPu9bFYT1ZVI2NV,"rock, metal, hardcore, metalcore, emo, screamo",,2006,279066,0.363,0.92,7,-3.522,0,0.117,0.00124,0.0,0.0813,0.331,162.167,4
TRDWWGK128F4243516,Cape Cod Kwassa Kwassa,Vampire Weekend,https://p.scdn.co/mp3-preview/3cd5480f5351b5e7a07c898c37fa456fda75f7c3?cid=774b29d4f13844c495f206cafdad9c86,1MVWDP5ycK3n3ZRdyGrf31,"rock, alternative, indie, pop, indie_rock, american, indie_pop, 00s",Rock,2012,211840,0.843,0.456,2,-10.213,1,0.0407,0.837,0.0312,0.239,0.799,105.031,4
TRGFQXC128F92F3C37,ATWA,System of a Down,https://p.scdn.co/mp3-preview/9746e630b909c775cf024db2e2af52cec8f83d79?cid=774b29d4f13844c495f206cafdad9c86,1tFCPpKhLU97qRnEYLaR62,"rock, alternative, metal, alternative_rock, hard_rock, heavy_metal, nu_metal",,2001,176200,0.376,0.787,5,-4.731,0,0.0395,0.00357,0.0,0.552,0.372,87.105,4
TRGOUNV128F4281928,Neighborhood #1 (Tunnels),Arcade Fire,https://p.scdn.co/mp3-preview/5864c6774e3b465bdd73acc807b15bd830fdbbdb?cid=774b29d4f13844c495f206cafdad9c86,1juKLNmTdLlhlIDd3lr2p3,"rock, alternative, indie, alternative_rock, indie_rock, piano, indie_pop, beautiful, 00s",Rock,2005,288333,0.285,0.732,0,-5.544,1,0.0323,0.078,0.0138,0.327,0.237,123.38,4
TRXESGJ12903CC04D2,California Dreamin',The Mamas & the Papas,https://p.scdn.co/mp3-preview/448b2f6fd0c02a838ab53b43968e588cd91fd157?cid=774b29d4f13844c495f206cafdad9c86,00RNV4yiUmdZL54rQ6Xf2M,"rock, pop, classic_rock, folk, 60s, oldies",,2011,148666,0.447,0.902,0,-8.133,0,0.0768,0.0173,0.00179,0.288,0.379,119.647,4
TRJSEXD128F423DBC4,Weird Fishes/Arpeggi,Radiohead,https://p.scdn.co/mp3-preview/eb168dd71ed9050c65254d04b3825e880fd0845f?cid=774b29d4f13844c495f206cafdad9c86,0yV2fk1ZgO45ayns6AWsm0,"rock, electronic, alternative, indie, alternative_rock, experimental, indie_rock, british, beautiful, 00s",,2013,317379,0.53,0.561,11,-9.587,0,0.0379,0.783,0.804,0.0812,0.22,153.015,4
TRIZULQ128F932E773,Kid A,Radiohead,https://p.scdn.co/mp3-preview/d45bfcd7c203a6ea7c6b4986cef9d8e5b107817f?cid=774b29d4f13844c495f206cafdad9c86,1qFfsUxth2V4yXg8YcRblp,"rock, electronic, alternative, indie, alternative_rock, ambient, experimental, british, chillout, post_rock, 00s",,2000,284506,0.63,0.429,5,-15.54,1,0.0356,0.261,0.85,0.309,0.168,112.93,4
TRWBSOX128F92D2DCD,Mr. Blue Sky,Electric Light Orchestra,https://p.scdn.co/mp3-preview/bb98f258a01d52c9b1c86ae82c67132bd52f29af?cid=774b29d4f13844c495f206cafdad9c86,02KyAft40Cnid923l8t3ki,"rock, pop, classic_rock, progressive_rock, british, 70s",Rock,2006,304440,0.47,0.375,10,-10.876,1,0.0283,0.256,0.0,0.361,0.418,89.271,4
TRLYATC128F9311186,Red Light Indicates Doors Are Secured,Arctic Monkeys,https://p.scdn.co/mp3-preview/bf1b968fda54696edab184a09b26c5cc1ae58090?cid=774b29d4f13844c495f206cafdad9c86,0x5Ql77PzlojCaiiOhW9mh,"rock, alternative, indie, alternative_rock, indie_rock, british, 00s, britpop",Rock,2006,145626,0.618,0.856,11,-4.842,0,0.0302,0.00325,0.0,0.149,0.907,110.678,4
TRSEHKD128E0782311,Coffee & TV,Blur,https://p.scdn.co/mp3-preview/91936c94d51d132cd0aea95903130de0321e8af7?cid=774b29d4f13844c495f206cafdad9c86,0HFBn4Grwd2AHZk3H1ntNo,"rock, alternative, indie, alternative_rock, indie_rock, british, 90s, britpop",Rock,1999,358693,0.738,0.786,2,-9.07,1,0.0363,0.0483,0.294,0.101,0.718,121.609,4
TRBHLDQ128F423EF10,Blue Orchid,The White Stripes,https://p.scdn.co/mp3-preview/21e89f3b9cc649ccd9cfe8093bc337ea9d530c5b?cid=774b29d4f13844c495f206cafdad9c86,1ENdtW2odmA39CxxVqJOCG,"rock, alternative, indie, alternative_rock, indie_rock, 00s",Rock,2005,160266,0.478,0.657,10,-8.523,0,0.323,0.0778,1.85e-05,0.121,0.611,151.229,4
TRMYECS128F92DE4B4,Rabbit Heart (Raise It Up),Florence + the Machine,https://p.scdn.co/mp3-preview/983e2d09fd48fc92d29b45193c3a8f950a7ec9e2?cid=774b29d4f13844c495f206cafdad9c86,0AXtUwPpFDkNLcOzNZH4ir,"rock, alternative, indie, pop, female_vocalists, british, indie_pop",Rock,2010,232360,0.625,0.858,9,-3.483,0,0.0462,0.092,1.36e-06,0.266,0.418,116.98,4
TRVNFJO128F42BC5A0,Dashboard,Modest Mouse,https://p.scdn.co/mp3-preview/e25abab538f266580f7c6156e5064dbdb069a435?cid=774b29d4f13844c495f206cafdad9c86,0dxj1d6FdNZKEDfsvLK4ya,"rock, alternative, indie, alternative_rock, indie_rock, indie_pop",Rock,2007,247280,0.647,0.903,11,-5.012,0,0.0374,0.0101,4.22e-05,0.253,0.96,135.921,4
TRBOCQJ128F425DEF4,"Of Moons, Birds & Monsters",MGMT,https://p.scdn.co/mp3-preview/8a2351ec07e30a027a42de8e9dc6c38102d87f03?cid=774b29d4f13844c495f206cafdad9c86,0FpnCmQMQLRm9jT6LsGIc8,"rock, electronic, alternative, indie, indie_rock, psychedelic, indie_pop, psychedelic_rock",,2007,286720,0.598,0.899,1,-3.861,0,0.0424,0.0218,0.0137,0.0814,0.403,124.061,4
TRLNBNI128E07822C0,Planet Telex,Radiohead,https://p.scdn.co/mp3-preview/4635aeb3172535b2b702d1f0bd9c2c24210a1d40?cid=774b29d4f13844c495f206cafdad9c86,05evePUsIT1cmIURp1hgu6,"rock, alternative, indie, alternative_rock, experimental, indie_rock, british, 90s, britpop",Rock,1995,259200,0.429,0.88,9,-8.013,0,0.109,0.0206,0.698,0.607,0.255,148.965,3
TRRPRXH128F423F02F,Debaser,Pixies,https://p.scdn.co/mp3-preview/072c2c407aa9d2223d505d5fabd867d2e9176ff6?cid=774b29d4f13844c495f206cafdad9c86,01LS3ND17pTJAGXsZRYOxI,"rock, alternative, indie, alternative_rock, punk, indie_rock, 80s, american, post_punk, grunge",Rock,2005,188013,0.288,0.967,5,-4.267,1,0.0947,0.000616,0.741,0.94,0.449,133.044,4
TRNXEPE128F9339E47,My Name Is Jonas,Weezer,https://p.scdn.co/mp3-preview/c4bf6a3a0588d8763039c2c03f91e7f29bfbe733?cid=774b29d4f13844c495f206cafdad9c86,0YU04WSkTVomRgeDOWlEzX,"rock, alternative, indie, alternative_rock, indie_rock, 90s",,2015,206120,0.261,0.947,11,-3.031,1,0.0488,0.000197,0.00332,0.31,0.55,185.942,3
TRNJGXP128F428F408,The Hardest Button to Button,The White Stripes,https://p.scdn.co/mp3-preview/dc4e019099ccecf0fafbbed81a22968831539966?cid=774b29d4f13844c495f206cafdad9c86,0tHeScWiI9EuF9IuH36Beu,"rock, alternative, indie, alternative_rock, indie_rock, 00s, blues_rock",Rock,2003,212266,0.689,0.511,4,-8.407,0,0.0742,0.00808,0.276,0.0914,0.578,128.458,4
TRZEJSA128F92DE1B3,505,Arctic Monkeys,https://p.scdn.co/mp3-preview/b439ea59b20171acba51a365c4eed15777fb9600?cid=774b29d4f13844c495f206cafdad9c86,0BxE4FqsDD1Ot4YuBXwAPp,"rock, alternative, indie, alternative_rock, indie_rock, british, beautiful",Rock,2007,253586,0.526,0.866,0,-5.822,1,0.0568,0.00287,7.78e-05,0.0945,0.248,140.266,4
TRZCIWG128F4248B25,Lost!,Coldplay,https://p.scdn.co/mp3-preview/12ca9924f99e37ee2e9b8847cfbd66dffef1b532?cid=774b29d4f13844c495f206cafdad9c86,060glLDdEdP52BrE74HNu3,"rock, alternative, indie, pop, alternative_rock, indie_rock, british, beautiful, 00s, britpop",Rock,2012,236213,0.359,0.779,7,-7.52,1,0.0412,0.0057,0.837,0.379,0.582,86.951,4
TRHRFIN128F425DEF1,4th Dimensional Transition,MGMT,https://p.scdn.co/mp3-preview/ccddaff8d6db5b81020c3cf67a782077facd6ea4?cid=774b29d4f13844c495f206cafdad9c86,14Hlfk7LY4TOw450LaVteS,"rock, electronic, alternative, indie, indie_rock, psychedelic, american, indie_pop, psychedelic_rock, 00s",Rock,2008,238013,0.381,0.939,9,-4.684,1,0.125,0.042,0.918,0.172,0.335,159.97,4
TRXNVAQ128F93176BA,The Beautiful People,Marilyn Manson,https://p.scdn.co/mp3-preview/851e9b6547b0fff72c9ff92cef3cd05920d0f797?cid=774b29d4f13844c495f206cafdad9c86,0DbPcbiSwuFgC01h1gdxDJ,"rock, alternative, metal, alternative_rock, hard_rock, industrial, 90s",,2009,214040,0.619,0.832,10,-10.136,0,0.0573,0.000908,0.615,0.18,0.811,144.001,4
TRYSPOW128F4280A46,Caring Is Creepy,The Shins,https://p.scdn.co/mp3-preview/db59fdc94014ee63fa154a4b25d90e51d0912d09?cid=774b29d4f13844c495f206cafdad9c86,0EKT63mcvEXuB5rxCW9pzP,"rock, alternative, indie, indie_rock, soundtrack, indie_pop, mellow",Rock,2001,200173,0.413,0.707,2,-8.65,1,0.0375,0.0232,2.84e-06,0.293,0.494,94.614,4
TRYAEUK128F425DEF7,The Handshake,MGMT,https://p.scdn.co/mp3-preview/3b64e1c1a20ebe2cb0842ed083452b98078f5e67?cid=774b29d4f13844c495f206cafdad9c86,0kmnnk3chw9y2vRFAuk12A,"rock, electronic, alternative, indie, pop, indie_rock, psychedelic",Rock,2007,219626,0.565,0.763,11,-7.043,0,0.0584,0.27,0.0087,0.299,0.283,139.995,4
TRWJYOT128F935572B,In the Aeroplane Over the Sea,Neutral Milk Hotel,https://p.scdn.co/mp3-preview/23f5b39b7eb6b13081ec4a8705405e1c75fbd836?cid=774b29d4f13844c495f206cafdad9c86,3xEbrpJTTcsaWMX4gHKd4O,"rock, alternative, indie, folk, indie_rock, 90s, acoustic, love, beautiful",Rock,1998,202560,0.26,0.724,7,-5.093,1,0.033,0.334,0.0,0.114,0.222,93.726,3
TRAFMVN128F147CBCE,Fade to Black,Metallica,https://p.scdn.co/mp3-preview/233bd67ad724582de2e2ffdf1ef3e4d7fc58aace?cid=774b29d4f13844c495f206cafdad9c86,12oSzrBIyirNs0aCwk6elL,"rock, metal, hard_rock, 80s, heavy_metal, thrash_metal",Metal,1984,417400,0.258,0.907,7,-7.287,1,0.112,0.0183,0.201,0.11,0.317,113.679,4
TROIBHC128F14958FC,Poison,Alice Cooper,https://p.scdn.co/mp3-preview/a696c26e9ae65e438e900c0712d13eba4c392f78?cid=774b29d4f13844c495f206cafdad9c86,00zSwKv31z21axKYH7xxkT,"rock, metal, classic_rock, hard_rock, 80s, heavy_metal",,2001,267306,0.319,0.896,2,-6.35,0,0.111,0.0412,0.000133,0.16,0.255,118.696,4
TRUOJJS128F145C256,A Rush of Blood to the Head,Coldplay,https://p.scdn.co/mp3-preview/3974cb926795e1a15dc738da26bfd659c4b3280b?cid=774b29d4f13844c495f206cafdad9c86,04ZAwhY76rVwALw4Xyhmkl,"rock, alternative, indie, pop, alternative_rock, indie_rock, british, chillout, love, beautiful, 00s, britpop, mellow",Rock,2002,349973,0.536,0.49,5,-7.176,1,0.0245,0.178,2.32e-06,0.255,0.136,138.331,4
TRNIQYK12903CCD224,Everlasting Light,The Black Keys,https://p.scdn.co/mp3-preview/216ef04ed35b5d2a0b039d4941b1a2c61b4e9cb9?cid=774b29d4f13844c495f206cafdad9c86,1owojdFFHXWvbAe3QtGwEG,"rock, indie, indie_rock, blues, blues_rock",,2010,204626,0.644,0.595,4,-6.548,1,0.0444,0.133,0.00744,0.346,0.709,181.666,4
TRHODCF128E0789036,Last Living Souls,Gorillaz,https://p.scdn.co/mp3-preview/f465e73153bb8f7956a497b398c1ebc94e489717?cid=774b29d4f13844c495f206cafdad9c86,0hQi5BNLOLNJUwc9JKGhBL,"rock, electronic, alternative, indie, pop, alternative_rock, experimental, british, hip_hop, trip_hop",Rock,2005,190400,0.849,0.555,9,-5.602,0,0.0604,0.0257,0.351,0.0625,0.891,137.08,4
TRJRDCZ128F427FC25,Radio/Video,System of a Down,https://p.scdn.co/mp3-preview/8e83539b33d333b7f93031a659a61774bb4e181e?cid=774b29d4f13844c495f206cafdad9c86,05ClDIpXqiXCkyO4UvL0A8,"rock, alternative, metal, alternative_rock, hard_rock, heavy_metal, nu_metal",Rock,2005,249226,0.358,0.918,6,-2.472,0,0.0722,0.157,9.09e-06,0.369,0.489,139.327,4
TRZJGCC128F427A496,For Emma,Bon Iver,https://p.scdn.co/mp3-preview/49c5c569079d6dceeba89b1b18ae061eb941352e?cid=774b29d4f13844c495f206cafdad9c86,0mP897I93DZwdgtjkSriwj,"rock, indie, folk, singer_songwriter, acoustic, male_vocalists, beautiful, 00s, mellow",Folk,2008,220720,0.669,0.613,4,-11.12,0,0.036,0.487,0.18,0.132,0.565,110.67,4
TRPRQXU128E0789D38,White Shadows,Coldplay,https://p.scdn.co/mp3-preview/76a345742020272060da010d2891c873992607e1?cid=774b29d4f13844c495f206cafdad9c86,0WWz2AaqxLoO0fa9ou6Fqc,"rock, alternative, indie, pop, alternative_rock, indie_rock, british, britpop",Rock,2005,328219,0.491,0.783,8,-8.997,0,0.0484,0.00521,0.0361,0.0951,0.26,127.437,4
TRWIKBF128F92DD506,Goodbye My Lover,James Blunt,https://p.scdn.co/mp3-preview/f9126a8531cc80064251fd975fc971a25eb2a4ce?cid=774b29d4f13844c495f206cafdad9c86,0Iit3mwdeG3aIcK4kOviUo,"rock, alternative, indie, pop, singer_songwriter, british, acoustic, piano, male_vocalists, love, beautiful, britpop, mellow",Pop,2012,258373,0.412,0.309,4,-10.079,1,0.0546,0.95,0.00388,0.0944,0.265,79.907,3
TRHSVNJ128E0780D7B,Pure Morning,Placebo,https://p.scdn.co/mp3-preview/42be861caeeb76ac7b66b09f284218c61e547337?cid=774b29d4f13844c495f206cafdad9c86,0Vexs3SutFnDeCtypL2zit,"rock, alternative, indie, alternative_rock, indie_rock, british, 90s, britpop",Rock,2011,238480,0.451,0.912,8,-6.48,1,0.0666,0.0518,6.08e-06,0.09,0.22,81.797,4
TRQFLSV128F427EC6B,The World at Large,Modest Mouse,https://p.scdn.co/mp3-preview/47dbf9514ca77c442914dbdad50dabc2d429213f?cid=774b29d4f13844c495f206cafdad9c86,0uO1ejCv4Spok2NQ0oUHUm,"rock, alternative, indie, alternative_rock, indie_rock, indie_pop, beautiful, mellow, chill",Rock,2004,272506,0.523,0.477,6,-9.076,1,0.0254,0.0961,0.000106,0.101,0.249,76.973,4
TRRIHBF128F428192D,Crown of Love,Arcade Fire,https://p.scdn.co/mp3-preview/342f7f89736c5da5545abd50253cf1014c24b4ba?cid=774b29d4f13844c495f206cafdad9c86,1VmKmRUxKSyNMF2x3ndgst,"rock, alternative, indie, alternative_rock, indie_rock, love, beautiful, 00s",Rock,2005,282333,0.317,0.651,3,-6.492,1,0.0274,0.0561,8.82e-05,0.278,0.283,102.642,1
TRQTSAO128F4255A33,O Green World,Gorillaz,https://p.scdn.co/mp3-preview/6a109a3d3506da403ca76efb8c6dd66ce124e0d1?cid=774b29d4f13844c495f206cafdad9c86,4hNPMfFHauPIbOKvdYqFt7,"rock, electronic, alternative, indie, pop, alternative_rock, british, hip_hop, trip_hop",Rock,2005,275000,0.672,0.768,0,-7.718,1,0.0347,0.00201,0.905,0.136,0.858,122.583,4
TRVPSZF128F147DF97,We Never Change,Coldplay,https://p.scdn.co/mp3-preview/258325aacfde147fcffcf0945780875f236bc7ed?cid=774b29d4f13844c495f206cafdad9c86,5TB6QgrF0RPIxSCGfRDLoe,"rock, alternative, indie, pop, alternative_rock, indie_rock, british, chillout, acoustic, beautiful, britpop, mellow, chill",,2000,249400,0.433,0.288,6,-10.801,0,0.0296,0.535,0.000169,0.105,0.131,136.939,3
TRIFLWF128E078903C,Every Planet We Reach Is Dead,Gorillaz,https://p.scdn.co/mp3-preview/de0d7569b190a5e60704f1149964fa1e43e5c480?cid=774b29d4f13844c495f206cafdad9c86,1ciO7AcAkMAlva1K7uoyzq,"rock, electronic, alternative, indie, pop, alternative_rock, british, hip_hop, trip_hop, chill",Rock,2005,293266,0.578,0.484,4,-7.08,0,0.0273,0.0159,0.0105,0.0654,0.362,88.152,4
TRSJKLY128E079849E,Here It Goes Again,OK Go,https://p.scdn.co/mp3-preview/7327e3ac55e460208a753ce81872321dc06b7603?cid=774b29d4f13844c495f206cafdad9c86,0OpEsGqcmU1yGAfWO5sPRW,"rock, alternative, indie, alternative_rock, indie_rock, dance",Rock,2010,180213,0.54,0.89,0,-2.313,1,0.041,0.000351,6.72e-05,0.112,0.828,145.711,4
TRKPWGR128E078EE06,Where Did You Sleep Last Night,Nirvana,https://p.scdn.co/mp3-preview/ef8295c839e34d88cc7b90d9fcc46d82ed6efe0e?cid=774b29d4f13844c495f206cafdad9c86,0bx2T62sxyvuHqgg5ZsgAc,"rock, alternative, alternative_rock, 90s, acoustic, grunge, cover",Rock,2002,302533,0.551,0.673,3,-7.362,1,0.0805,0.651,0.00047,0.683,0.349,108.482,3
TRAXPDB128F14A8954,Black Mirror,Arcade Fire,https://p.scdn.co/mp3-preview/edc21eb37d32ea56ec832868826045cd71893f6c?cid=774b29d4f13844c495f206cafdad9c86,0IgnwEF4fuidaugeMEKUl4,"rock, alternative, indie, alternative_rock, indie_rock, 00s",Rock,2007,253373,0.527,0.847,10,-9.717,0,0.0385,0.0596,0.421,0.111,0.155,124.048,4
TRGAOLV128E0789D40,Swallowed in the Sea,Coldplay,https://p.scdn.co/mp3-preview/a9a6080f335cf83d0e43fdedf012735f4c7edf51?cid=774b29d4f13844c495f206cafdad9c86,2u2WL5N3KnQnykOZi3fxL6,"rock, alternative, indie, pop, alternative_rock, indie_rock, british, love, britpop, mellow",,2005,239001,0.265,0.378,11,-10.823,1,0.0316,0.0557,1.29e-06,0.119,0.153,142.1,4
TRUCHHA128EF3435EA,Feeling This,blink-182,https://p.scdn.co/mp3-preview/2e5ad4741d169569368f484f58da56ecde77e4e7?cid=774b29d4f13844c495f206cafdad9c86,00ZsT6WcQHTKBc4atXPvXh,"rock, alternative, alternative_rock, punk, punk_rock",Rock,2009,173600,0.407,0.964,4,-5.888,1,0.09,0.0811,0.0,0.569,0.54,173.116,4
TRHGHWT128F425DEFA,Future Reflections,MGMT,https://p.scdn.co/mp3-preview/2e6f9b7ea6f49bf1a5e81285bb9c4db0738198f5?cid=774b29d4f13844c495f206cafdad9c86,09ejRvctY0z8dv14bTEfqm,"rock, electronic, alternative, indie, experimental, indie_rock, psychedelic, electro, indie_pop, psychedelic_rock, 00s",,2009,238466,0.506,0.977,5,-4.064,1,0.0958,0.104,0.0347,0.409,0.487,140.031,4
TRDTWRO128F427B6B0,Sofa Song,The Kooks,https://p.scdn.co/mp3-preview/075b0bf2c64b9ffa7e2675226188a1235e2246f9?cid=774b29d4f13844c495f206cafdad9c86,0Vfgpl5VpDBQexEPYUqaQK,"rock, alternative, indie, alternative_rock, indie_rock, british, britpop",Rock,2006,133253,0.425,0.949,1,-3.828,0,0.104,0.0101,1.79e-05,0.296,0.718,80.331,4
TRWQBUW128F422BC38,Slow Hands,Interpol,https://p.scdn.co/mp3-preview/7c6d4166bc7d95eee30181d6dd78a68f5a4efa62?cid=774b29d4f13844c495f206cafdad9c86,0LVgW4kmt8wunI3sdlShJk,"rock, alternative, indie, alternative_rock, indie_rock, post_punk, 00s",Rock,2004,184466,0.245,0.976,11,-2.513,0,0.0523,0.000397,0.465,0.362,0.659,141.882,4
TRVUELD128F933B42A,I Can Talk,Two Door Cinema Club,https://p.scdn.co/mp3-preview/a22b63b0d3da0ac4e1afc976ab4f28f3b42cd948?cid=774b29d4f13844c495f206cafdad9c86,0jkdpM3WaCu5U5ANU9Djs2,"rock, electronic, alternative, indie, indie_rock, british",Rock,2009,177520,0.47,0.775,9,-4.848,0,0.214,2.87e-05,0.297,0.259,0.6,162.96,4
TRDADYI128F14A8956,Neon Bible,Arcade Fire,https://p.scdn.co/mp3-preview/d85d387a64c38cb38330749562f7c9edf2d20171?cid=774b29d4f13844c495f206cafdad9c86,0bweN7BKqTYU0tq2IEpvlr,"rock, alternative, indie, alternative_rock, indie_rock, 00s, mellow",Rock,2007,136640,0.581,0.297,9,-19.128,1,0.101,0.908,0.704,0.0629,0.0442,86.788,4
TRHHYQQ128F42BB341,Rock & Roll Queen,The Subways,https://p.scdn.co/mp3-preview/00e4a3def706eebb0b876c45761de13247b5b511?cid=774b29d4f13844c495f206cafdad9c86,0e3qvNUMTCBs7TX73P9qXu,"rock, alternative, indie, alternative_rock, indie_rock, british",Rock,2005,169946,0.395,0.764,10,-6.258,0,0.0419,0.000316,0.00131,0.111,0.325,141.423,4
TRYLDDB128F1474B86,Miss Murder,AFI,https://p.scdn.co/mp3-preview/9b4d4a5666be44697da32fed0184acc6be7575ba?cid=774b29d4f13844c495f206cafdad9c86,0Ti2dlF2xLjXblvdU5fCxM,"rock, alternative, alternative_rock, punk, hardcore, punk_rock, emo",Rock,2006,206586,0.308,0.873,8,-4.542,1,0.0533,0.00022,0.000729,0.0974,0.686,143.519,4
TRYUBWR128E07840BA,Tomorrow Comes Today,Gorillaz,https://p.scdn.co/mp3-preview/d5953c143aea3471f1805598f19ccf5cdc0b787b?cid=774b29d4f13844c495f206cafdad9c86,0qXdCJeemw8eaE3BL9kHks,"rock, electronic, alternative, indie, alternative_rock, british, chillout, hip_hop, trip_hop, 00s, chill",Rock,2011,193600,0.751,0.596,6,-4.594,1,0.0301,0.0071,0.589,0.103,0.57,93.213,4
TRADCIF128F9338278,City of Delusion,Muse,https://p.scdn.co/mp3-preview/0a0f1335837b7dfdc739897065661af2a66b8bb4?cid=774b29d4f13844c495f206cafdad9c86,01UDZvyiTClLHj5328OJSu,"rock, alternative, indie, alternative_rock, indie_rock, progressive_rock, british, britpop",Rock,2007,288266,0.285,0.915,2,-5.158,0,0.0741,0.00268,0.0279,0.137,0.309,119.817,4
TRZGABY128F1462E00,Ocean Avenue,Yellowcard,https://p.scdn.co/mp3-preview/b2b5d20865277b4ae07aa77311fb6efc8109416a?cid=774b29d4f13844c495f206cafdad9c86,0ZnOEMxU9fSQffqZG5Eqcd,"rock, alternative, pop, alternative_rock, punk, punk_rock, emo, love",Rock,2011,198973,0.49,0.912,6,-4.008,0,0.0647,3.87e-05,9.85e-05,0.0928,0.741,173.793,4
TRRKODA128F146DE22,Robot Rock,Daft Punk,https://p.scdn.co/mp3-preview/9ec3a52390ff23aeb2ce125591839ef16be18abb?cid=774b29d4f13844c495f206cafdad9c86,0mqH3csuodko0zRL8WCuce,"rock, electronic, dance, house, techno, electro, french",Electronic,2005,287720,0.59,0.787,7,-5.766,1,0.0512,6.94e-06,0.845,0.0293,0.598,111.926,4
TRQNVSC128E0781AF9,Parklife,Blur,https://p.scdn.co/mp3-preview/093413c02db355cef98a3684d6bf112da392a30b?cid=774b29d4f13844c495f206cafdad9c86,0Bkl9g6bpdimjUoFjI9eSO,"rock, alternative, indie, indie_rock, british, 90s, britpop",Rock,2014,187040,0.634,0.877,4,-6.905,1,0.0607,0.152,0.0,0.328,0.749,138.388,4
TRVFHPK12903CA720C,Bigmouth Strikes Again,The Smiths,https://p.scdn.co/mp3-preview/6c50f0c8068914d5766546b0b465aad4316fea2e?cid=774b29d4f13844c495f206cafdad9c86,3oebt3tEE76ulYJEY4x0dQ,"rock, alternative, indie, pop, alternative_rock, indie_rock, 80s, british, new_wave, post_punk, britpop",,1987,193893,0.351,0.848,1,-8.149,0,0.0434,0.0105,0.0,0.101,0.818,134.964,4
TRVDAWN128F149BCE1,Phantom Limb,The Shins,https://p.scdn.co/mp3-preview/9763feb9983046b9e9ce813ad0468cfa5a615251?cid=774b29d4f13844c495f206cafdad9c86,0T5Xmj7m5UzGuuTlpi0FjW,"rock, alternative, indie, pop, indie_rock, american, indie_pop, mellow",,2007,287533,0.515,0.871,9,-4.113,1,0.0367,0.000585,0.0,0.0877,0.498,119.869,4
TRPDIJL128F145C25D,Transatlanticism,Death Cab for Cutie,https://p.scdn.co/mp3-preview/c5c8a3e9ca2f7331428aa49eb9c9ea8a5d3ae3f2?cid=774b29d4f13844c495f206cafdad9c86,0Q3W3sL8H56NLDOiwLAhO5,"rock, alternative, indie, indie_rock, piano, indie_pop, emo, love, beautiful, mellow, chill",Rock,2003,475093,0.441,0.445,9,-9.921,1,0.031,0.388,0.611,0.179,0.196,127.489,4
TRJEWIK128F92E4749,Them Bones,Alice in Chains,https://p.scdn.co/mp3-preview/d2cb08f5458152f98bf6c4b16ebdabe7615a0602?cid=774b29d4f13844c495f206cafdad9c86,0FqQfY1Gc0WdaQ7C1SqFYj,"rock, alternative, metal, alternative_rock, hard_rock, 90s, grunge",,2007,150000,0.15,0.955,9,-4.591,1,0.0612,0.0206,0.000201,0.282,0.309,164.957,1
TROXHEA128F146EC58,You Could Be Happy,Snow Patrol,https://p.scdn.co/mp3-preview/70f2b9997e1db46f4fbb2e829f04a69a9425fed2?cid=774b29d4f13844c495f206cafdad9c86,1Ow3WmxZDYdPpOFIhJ4pID,"rock, alternative, indie, pop, alternative_rock, indie_rock, british, love, beautiful, 00s, britpop, mellow, chill",Rock,2006,182133,0.648,0.321,5,-9.693,1,0.0273,0.549,6.33e-06,0.0737,0.253,110.928,4
TRIVHEM128F931DBBE,So Here We Are,Bloc Party,https://p.scdn.co/mp3-preview/4b87ddac9a970ae92e10d65dc29081fc50338d90?cid=774b29d4f13844c495f206cafdad9c86,1IlloBPE1WSEwAMyvDjIzA,"rock, alternative, indie, alternative_rock, indie_rock, british, beautiful, britpop",Rock,2005,232320,0.144,0.841,9,-4.778,1,0.0535,0.00551,0.789,0.118,0.145,155.324,4
TRLAHEF128F4255BE5,Rest My Chemistry,Interpol,https://p.scdn.co/mp3-preview/2d5694334632af1958448d681d21cd149e6d9fac?cid=774b29d4f13844c495f206cafdad9c86,00X2yTYv92I6duQLVnXPZk,"rock, alternative, indie, alternative_rock, indie_rock, post_punk, beautiful",Rock,2007,300506,0.506,0.899,11,-4.793,0,0.0364,0.0287,0.28,0.2,0.475,150.27,4
TRFCHEY128E079219C,Dragula,Rob Zombie,https://p.scdn.co/mp3-preview/010a9336d47f6ca60efd7be39fe11dd0228e2faa?cid=774b29d4f13844c495f206cafdad9c86,05xOchVv7Tfb5JO0JUL02v,"rock, metal, hard_rock, heavy_metal, industrial, 90s",,2009,222906,0.584,0.98,0,-5.3,0,0.0762,8.63e-05,0.000121,0.084,0.518,125.029,4
TRXTGOV128E0780C92,A Whisper,Coldplay,https://p.scdn.co/mp3-preview/2871daf282eff729ec13638a79b60351c644d497?cid=774b29d4f13844c495f206cafdad9c86,7KolrFGhfDi1JTSgQBT5sI,"rock, alternative, indie, pop, alternative_rock, indie_rock, british, britpop",Rock,2002,238333,0.277,0.797,0,-5.66,1,0.0385,0.586,0.341,0.221,0.26,177.004,3
TRBYROG128F149BCDE,Sleeping Lessons,The Shins,https://p.scdn.co/mp3-preview/1182af43d91536200d9a270f3fd3bd361011eaf9?cid=774b29d4f13844c495f206cafdad9c86,1QZkFFdJ44sfQlzhzqDx9b,"rock, alternative, indie, indie_rock, indie_pop, mellow",,2007,238026,0.517,0.511,4,-8.191,1,0.0339,0.19,0.00827,0.14,0.179,115.022,4
TRLSNDQ128F4266BD7,Pardon Me,Incubus,https://p.scdn.co/mp3-preview/06ffa3b637583b18e483260b7231081253efc4db?cid=774b29d4f13844c495f206cafdad9c86,0cITyvBobNOEFWXWmNhCkU,"rock, alternative, alternative_rock, 90s",Rock,1999,223746,0.579,0.812,1,-6.509,0,0.0693,0.00114,0.00333,0.115,0.278,152.002,4
TRAECHJ12903CC36DA,Next Girl,The Black Keys,https://p.scdn.co/mp3-preview/20c0ecab72906e463ccb0a980a5e5ebb5a4f8f57?cid=774b29d4f13844c495f206cafdad9c86,0LMbqdeLFpQXhjC5mMVfdr,"rock, alternative, indie, alternative_rock, indie_rock, blues, blues_rock",,2010,198266,0.521,0.702,1,-6.29,0,0.0369,0.0431,0.000238,0.116,0.239,85.727,4
TRDLMWP128F426BF6C,Ragged Wood,Fleet Foxes,https://p.scdn.co/mp3-preview/621d6510eb943d851b159f9d91d41a68a74e8637?cid=774b29d4f13844c495f206cafdad9c86,0CCnBol2JNuwYxdMvhamcA,"rock, alternative, indie, folk, indie_rock, 00s, mellow",,2008,305320,0.355,0.685,4,-5.963,1,0.0299,0.103,0.0114,0.0624,0.169,103.695,4
TRAWRKT128E0788857,Swing Life Away,Rise Against,https://p.scdn.co/mp3-preview/284a00da30944a6fd18e8453c98029f39ee8cbdd?cid=774b29d4f13844c495f206cafdad9c86,04Yk2qiaOPi2ZZ3UYNSq21,"rock, alternative, punk, punk_rock, acoustic, mellow",,2012,200066,0.644,0.437,6,-6.895,1,0.0372,0.543,0.0,0.107,0.759,92.607,3
TRRWTFF128F932B707,Unintended,Muse,https://p.scdn.co/mp3-preview/174a9ef0b28bab35f77c1d0e795ec202ca7a3d8d?cid=774b29d4f13844c495f206cafdad9c86,02PVg0tJEMTs5BRynJaivj,"rock, alternative, indie, alternative_rock, progressive_rock, british, acoustic, love, beautiful, britpop, mellow",Rock,2000,235400,0.488,0.272,6,-11.433,0,0.0261,0.637,0.00102,0.111,0.152,139.81,4
TRTGUWJ128F146EC54,Hands Open,Snow Patrol,https://p.scdn.co/mp3-preview/514b6bfe04c4efa26ce2c9106752b51b4d540a3a?cid=774b29d4f13844c495f206cafdad9c86,0MBS2kSgIyisxYQSgC8BlO,"rock, alternative, indie, alternative_rock, indie_rock, british, britpop",,2009,195640,0.518,0.969,3,-2.053,1,0.0489,0.000301,6.69e-06,0.135,0.564,123.993,4
TRFLRXQ128F4280CCC,No I in Threesome,Interpol,https://p.scdn.co/mp3-preview/4285a99e808f625b288e225f142c0f73f500d840?cid=774b29d4f13844c495f206cafdad9c86,03jKcLMhSDlgn5lKQDLzNG,"rock, alternative, indie, alternative_rock, indie_rock, post_punk",Rock,2007,231186,0.5,0.873,0,-5.321,1,0.0659,0.0136,0.00472,0.112,0.177,120.082,4
TRZIOZV128F92FD03B,Free Fallin',Tom Petty,https://p.scdn.co/mp3-preview/96b4f94c82b38c4085f56f0abec8ab93f3946a2a?cid=774b29d4f13844c495f206cafdad9c86,0I8wWFVI0SBYIrSOtSJfEL,"rock, classic_rock, singer_songwriter, 80s",Rock,1993,255666,0.612,0.494,5,-11.535,1,0.0242,0.0532,1.14e-06,0.0578,0.603,84.326,4
TRUKZDD128F4281931,In the Backseat,Arcade Fire,https://p.scdn.co/mp3-preview/57f5c2caeb3cab3c0088f8868ab96a95356a2f29?cid=774b29d4f13844c495f206cafdad9c86,1iC9x6brahv6MqMTs5rRTi,"rock, alternative, indie, female_vocalists, alternative_rock, indie_rock, beautiful, 00s",Rock,2004,380213,0.329,0.538,7,-10.044,1,0.03,0.478,0.0864,0.0705,0.264,169.981,4
TRQLPHT128F427A495,Team,Bon Iver,https://p.scdn.co/mp3-preview/811f188a7440ac404754172ce99cdaf9c05c18b1?cid=774b29d4f13844c495f206cafdad9c86,2P44ghy6DBkttap6YzBBZQ,"rock, alternative, indie, folk, singer_songwriter, acoustic, american",,2007,116906,0.598,0.784,11,-15.346,0,0.0591,0.0901,0.956,0.101,0.863,127.422,4
TRRRMKC128E0792990,Civil War,Guns N' Roses,https://p.scdn.co/mp3-preview/43089da715d4aa2f6489e6485fc166db486f6a27?cid=774b29d4f13844c495f206cafdad9c86,0EHzXpyi1swR8sMpbVHcLJ,"rock, metal, classic_rock, hard_rock, 80s, heavy_metal, 90s",Rock,1991,462093,0.336,0.787,10,-8.803,0,0.0732,0.0793,0.0648,0.32,0.383,140.003,4
TRGEIDA128F933B4B8,Tiger Mountain Peasant Song,Fleet Foxes,https://p.scdn.co/mp3-preview/84958bef472e761c8ffa33ff1ac12d324a280fcb?cid=774b29d4f13844c495f206cafdad9c86,0GJnTFZJql2Dqb4uhckURe,"rock, alternative, indie, folk, acoustic, beautiful, mellow",,2008,210973,0.645,0.146,6,-11.911,1,0.0324,0.922,0.00158,0.0829,0.278,130.787,3
TRTAFRC128F932B6F9,Citizen Erased,Muse,https://p.scdn.co/mp3-preview/8aaae2e0913efe76208d58dc72aa27c66a072fb0?cid=774b29d4f13844c495f206cafdad9c86,0PEogXgSTxYjiL9oltS2Oc,"rock, alternative, indie, alternative_rock, indie_rock, progressive_rock, british, beautiful",Rock,2001,441093,0.12,0.672,0,-7.873,1,0.0406,0.00912,0.0117,0.311,0.087,84.523,4
TRJMBYN128F93043D9,Positive Tension,Bloc Party,https://p.scdn.co/mp3-preview/59aaf146a19a64211cbfb6e9f5a991d4a17fc532?cid=774b29d4f13844c495f206cafdad9c86,03h4TbEghDuv08z0z0KJyt,"rock, alternative, indie, alternative_rock, indie_rock, british, post_punk, britpop",Rock,2005,235440,0.651,0.816,10,-5.716,0,0.128,0.0034,0.00207,0.2,0.676,160.197,4
TRXFTDO128F429884C,Pioneer to the Falls,Interpol,https://p.scdn.co/mp3-preview/b93496ecd65cc30c8959cc2905496674fefe97c0?cid=774b29d4f13844c495f206cafdad9c86,0yqMzP4oc8umclo66SwfWD,"rock, alternative, indie, alternative_rock, indie_rock, post_punk, beautiful",Rock,2007,341946,0.477,0.728,2,-5.3,1,0.0394,0.0513,0.125,0.0762,0.0994,106.765,4
TRQTXHB128F92E3855,Hyper Music,Muse,https://p.scdn.co/mp3-preview/9e92bde0873c3a4aee97204c3f71543e1be59473?cid=774b29d4f13844c495f206cafdad9c86,1v7UAkzxuOWFFK6rrdwu4W,"rock, alternative, indie, alternative_rock, indie_rock, progressive_rock, british, 00s",Rock,2001,200759,0.267,0.887,2,-5.993,1,0.0815,1.11e-05,7.93e-05,0.145,0.44,121.629,4
TRRKIUA128F427FC26,Sad Statue,System of a Down,https://p.scdn.co/mp3-preview/05d669fe39af01de6310453d163a9455e822f887?cid=774b29d4f13844c495f206cafdad9c86,1ei03Z526knNOEwmQk1le3,"rock, alternative, metal, alternative_rock, hard_rock, heavy_metal, nu_metal",,2005,205800,0.263,0.944,6,-1.868,0,0.0604,0.00532,0.0,0.274,0.537,167.62,4
TRBTXNE12903CB6528,Rhinestone Eyes,Gorillaz,https://p.scdn.co/mp3-preview/97f0159d4e305004bef7c52bb3192dc7ebba9c4c?cid=774b29d4f13844c495f206cafdad9c86,1DodPaZK0N8rEGK4LacgV0,"rock, electronic, alternative, pop, british, hip_hop, trip_hop",,2010,200173,0.676,0.703,8,-5.815,0,0.0302,0.0869,0.000687,0.0463,0.852,92.761,4
TRBPBYN12903CC78B0,Roll With It,Oasis,https://p.scdn.co/mp3-preview/94b5e400c5a224115f78f3f5f00cf23ad60db6ca?cid=774b29d4f13844c495f206cafdad9c86,0aPgqSoGTKqTb54PWr1GBO,"rock, alternative, indie, alternative_rock, indie_rock, british, 90s, britpop",Country,2008,283706,0.229,0.984,9,-4.441,0,0.0825,0.00146,2.95e-05,0.95,0.269,131.612,4
TRRISKY128EF3434F1,E-Pro,Beck,https://p.scdn.co/mp3-preview/a72afaa1d857d176c9f6b340dc074a90d6eb6a7c?cid=774b29d4f13844c495f206cafdad9c86,01MBhRpvFkbeRwAp7gcF2W,"rock, electronic, alternative, indie, alternative_rock, experimental, indie_rock, singer_songwriter, 00s",Rock,2005,202360,0.624,0.959,11,-6.253,0,0.0769,0.00133,0.171,0.101,0.69,95.794,4
TRRWJLU128F92F9912,My Boy Builds Coffins,Florence + the Machine,https://p.scdn.co/mp3-preview/c973d886c10a763c68e2894103e1d747f366a544?cid=774b29d4f13844c495f206cafdad9c86,1KxcbEY0asYVMR043MjZWq,"rock, alternative, indie, pop, female_vocalists, british, indie_pop",Rock,2009,176733,0.615,0.721,5,-6.244,1,0.074,0.172,0.0,0.0847,0.188,122.042,4
TRGRCDR128F931118C,Perhaps Vampires Is a Bit Strong But...,Arctic Monkeys,https://p.scdn.co/mp3-preview/f57dac413ff167257ff4ef45cd2dcdce78b9fd7a?cid=774b29d4f13844c495f206cafdad9c86,0CrsAXzverdamkvnkzDu6q,"rock, alternative, indie, alternative_rock, indie_rock, british, 00s, britpop",Rock,2006,270626,0.364,0.918,11,-4.944,0,0.0788,0.000286,0.000143,0.0805,0.419,135.965,4
TRMATIZ12903CA7203,Heaven Knows I'm Miserable Now,The Smiths,https://p.scdn.co/mp3-preview/00ff83d927c3cc88d68d6596deff7c1bd8a33bb5?cid=774b29d4f13844c495f206cafdad9c86,2asAdWXGD7cCPm9Zw1yFrP,"rock, alternative, indie, pop, indie_rock, 80s, british, new_wave, post_punk, britpop",Rock,1984,216440,0.605,0.771,6,-4.882,1,0.0279,0.0348,0.0,0.0996,0.731,114.06,4
TRXGMWP128E078253B,Thinking About You,Radiohead,https://p.scdn.co/mp3-preview/ec90a4cef1ff0cbf80566c42ee7122e08061c5f3?cid=774b29d4f13844c495f206cafdad9c86,2biaMcdfPuixiVTlDkMEZe,"rock, alternative, indie, alternative_rock, indie_rock, british, 90s, acoustic, love, beautiful, britpop, mellow",Rock,1993,161533,0.364,0.37,7,-14.134,1,0.0331,0.704,7.71e-06,0.0883,0.421,103.44,4
TRFRCUR12903CE7C0A,Lookin' Out My Back Door,Creedence Clearwater Revival,https://p.scdn.co/mp3-preview/e24cb809066a3e37fec4435a404b641186e37820?cid=774b29d4f13844c495f206cafdad9c86,01qjObSUgCHKkDizzuRZfP,"rock, classic_rock, 70s, 60s, country, oldies",,2012,151160,0.696,0.799,10,-4.19,1,0.0465,0.0674,0.000185,0.107,0.942,105.403,4
TRBXGHM128E0791287,One Headlight,The Wallflowers,https://p.scdn.co/mp3-preview/0a155eb751068dec87f36b9d142870351e005a47?cid=774b29d4f13844c495f206cafdad9c86,04zllSy1QxiamFFwB4KET8,"rock, alternative, pop, alternative_rock, 90s",Rock,2007,312920,0.65,0.678,2,-6.768,1,0.0304,0.000683,0.000671,0.068,0.682,107.548,4
TRESMVD128F9310D57,(Nice Dream),Radiohead,https://p.scdn.co/mp3-preview/8f7a9974f6a9a4328441b97e053d2f7b9fc96172?cid=774b29d4f13844c495f206cafdad9c86,2GV81HGNVd5lrtCXzJZyUT,"rock, alternative, indie, alternative_rock, experimental, indie_rock, british, 90s, acoustic, beautiful, britpop, mellow",Rock,1996,233226,0.262,0.567,9,-11.075,1,0.0344,0.161,0.263,0.225,0.377,172.857,3
TRAUONA128F4255A38,November Has Come,Gorillaz,https://p.scdn.co/mp3-preview/c851bbc70e91f785479121fb9fad3f9c0331d075?cid=774b29d4f13844c495f206cafdad9c86,6lrDckuosGpwEHtm1hHBcf,"rock, electronic, alternative, indie, pop, alternative_rock, british, rap, hip_hop, trip_hop",Rock,2005,165093,0.702,0.567,7,-8.561,1,0.239,0.0815,2.75e-05,0.0864,0.667,84.153,4
TRXOSGL128F42BBB25,The Way We Get By,Spoon,https://p.scdn.co/mp3-preview/af7610ca4ef74461a6f30fb90950f370b49e199a?cid=774b29d4f13844c495f206cafdad9c86,0NLMuPnTqbPXQSM1KXZ4fu,"rock, alternative, indie, indie_rock, piano, indie_pop",Rock,2006,161506,0.693,0.658,9,-6.183,0,0.03,0.365,1.84e-06,0.137,0.625,149.911,4
TRDVSCH128F931B5E0,Hand in Glove,The Smiths,https://p.scdn.co/mp3-preview/c3aca6c9126254d90c101f7f852cc50d42be8597?cid=774b29d4f13844c495f206cafdad9c86,0Cx5fuPXGdfhCv5cCBwlMo,"rock, alternative, indie, pop, alternative_rock, indie_rock, 80s, british, new_wave, post_punk, indie_pop, britpop",Rock,1984,203200,0.455,0.807,0,-10.458,0,0.034,0.000124,0.00408,0.371,0.931,141.787,4
TROIXIC128F427B6F6,The Outsider,A Perfect Circle,https://p.scdn.co/mp3-preview/ad77f5c90cedea187dbbf408deb4f12266fd1d0d?cid=774b29d4f13844c495f206cafdad9c86,0Rur100Kf0lvj1kBYr8x6H,"rock, alternative, metal, alternative_rock, hard_rock, progressive_rock, progressive_metal",Rock,2013,246013,0.256,0.841,6,-6.098,1,0.0672,0.000112,0.737,0.0528,0.398,169.705,3
TRKZCVA128F42AC2D3,Soldier Side,System of a Down,https://p.scdn.co/mp3-preview/20809ae873a97141e44f0922a24c709b9141649f?cid=774b29d4f13844c495f206cafdad9c86,0uQqTWWHPCUlGkVM4jHhrE,"rock, alternative, metal, alternative_rock, hard_rock, nu_metal",,2005,220266,0.287,0.818,1,-1.691,0,0.0384,0.264,2.42e-06,0.12,0.174,153.004,4
TRLRHQX128E07964F6,Just Like Honey,The Jesus and Mary Chain,https://p.scdn.co/mp3-preview/6dc70694b3c70bbd644a7477ae66d154be28ec6c?cid=774b29d4f13844c495f206cafdad9c86,0MgnvhLKppdt6ajBWSXEGR,"rock, alternative, indie, alternative_rock, indie_rock, 80s, british, soundtrack, psychedelic, new_wave, post_punk, beautiful",Rock,2008,182040,0.328,0.638,8,-8.839,1,0.0438,0.000291,0.0892,0.0414,0.51,121.857,4
TRTMZAT128F932E754,Like Spinning Plates,Radiohead,https://p.scdn.co/mp3-preview/30115aca800a5b69c5dacd3101eb9f661be8c11a?cid=774b29d4f13844c495f206cafdad9c86,1GiaARTMZf2c7IQNa3oleM,"rock, electronic, alternative, indie, alternative_rock, ambient, experimental, british, psychedelic, beautiful, britpop",Rock,2001,232800,0.277,0.384,1,-9.853,1,0.035,0.807,0.0134,0.97,0.0997,141.637,4
TROUKLP12903CB6364,White Sky,Vampire Weekend,https://p.scdn.co/mp3-preview/3d58c03e6fc6ef307bf025f25d703cf620f872bb?cid=774b29d4f13844c495f206cafdad9c86,0dAp6Ptz8UlHxZ9uaydqMR,"rock, electronic, alternative, indie, pop, indie_rock, american, indie_pop",Rock,2010,178666,0.785,0.692,9,-5.647,1,0.0776,0.112,0.00505,0.326,0.944,102.019,3
TRBVNWT128F93173BA,Help I'm Alive,Metric,https://p.scdn.co/mp3-preview/757d19768368f2019defb4befcd852e47bbb8a1d?cid=774b29d4f13844c495f206cafdad9c86,0VERkYcvGRi1PJwrroc1OB,"rock, alternative, indie, female_vocalists, indie_rock",Rock,2010,290194,0.478,0.381,3,-11.408,1,0.032,0.485,0.0437,0.443,0.225,115.836,4
TRUQERG128F147CBEA,Welcome Home (Sanitarium),Metallica,https://p.scdn.co/mp3-preview/34917f3b943b5a69924b7078f49352285fdd0985?cid=774b29d4f13844c495f206cafdad9c86,0qGkuH9Ad7ttDIjgr3atv5,"rock, metal, hard_rock, 80s, heavy_metal, thrash_metal",,1986,387040,0.303,0.721,0,-12.17,1,0.0361,0.000602,0.0979,0.114,0.397,97.089,4
TRRKGRC128F932D8F0,Word Up!,Korn,https://p.scdn.co/mp3-preview/acf77046c36ade08418852063d6fd6de9184c917?cid=774b29d4f13844c495f206cafdad9c86,0axpBLJm96XtMOVWt12kAa,"rock, alternative, metal, cover, nu_metal",RnB,2012,171213,0.578,0.928,6,-5.662,0,0.0358,2.42e-05,0.0995,0.376,0.839,116.047,4
TRJLJHU128F4281C36,Can't Stand Me Now,The Libertines,https://p.scdn.co/mp3-preview/8fcfb129d2eb321c4ee94f6e1f90c44c2e9d5706?cid=774b29d4f13844c495f206cafdad9c86,0ux9yRm4H8wouXioraZaef,"rock, alternative, indie, alternative_rock, punk, indie_rock, british, 00s, britpop",Rock,2007,204760,0.37,0.945,4,-3.099,1,0.0571,0.012,2.51e-05,0.081,0.592,164.193,4
TRTNFRQ12903CB6360,Horchata,Vampire Weekend,https://p.scdn.co/mp3-preview/ca1b4c65328b1746795f61dfe1f0875b3e5cae68?cid=774b29d4f13844c495f206cafdad9c86,22d5vvCijMTue7PvUrGiz9,"rock, alternative, indie, pop, indie_rock, american, indie_pop, 00s",Rock,2010,206733,0.834,0.787,0,-7.119,1,0.14,0.0803,0.0,0.356,0.837,119.976,4
TRUNYCG128F423A553,Inside the Fire,Disturbed,https://p.scdn.co/mp3-preview/5ecf0d3620b7bcb4675e7b37d3f3cdd93acc477a?cid=774b29d4f13844c495f206cafdad9c86,0vyCqNINi2EGdDzpvewBiX,"rock, alternative, metal, hard_rock, heavy_metal, nu_metal",,2009,231573,0.463,0.962,7,-6.43,1,0.0704,0.000233,0.109,0.0906,0.66,94.003,4
TRUMION12903CB6373,Cousins,Vampire Weekend,https://p.scdn.co/mp3-preview/7a529aa2511b82176cb21f9562944458fabbe583?cid=774b29d4f13844c495f206cafdad9c86,1p5fFes80K9IPnZFqNca53,"rock, alternative, indie, pop, indie_rock, american, indie_pop",Rock,2010,145266,0.499,0.809,11,-5.132,1,0.206,0.00123,0.0,0.0707,0.808,176.11,4
TROQFSN12903CA1863,Make It Wit Chu,Queens of the Stone Age,https://p.scdn.co/mp3-preview/36c5f30ee8989aa6038e91f386ca40e92b866750?cid=774b29d4f13844c495f206cafdad9c86,0Cgd3CK6D2hhbwmLRvtscH,"rock, alternative, alternative_rock, chillout, american, 00s",Rock,2007,290493,0.704,0.811,9,-5.308,1,0.0277,0.355,0.000189,0.13,0.578,91.97,4
TREXRBN128F42676B8,So Says I,The Shins,https://p.scdn.co/mp3-preview/e41f5a88b7c972c09644c919c06a6ebe3c777ccf?cid=774b29d4f13844c495f206cafdad9c86,0q8t8shbXliPiLDmp2rjtv,"rock, alternative, indie, pop, indie_rock, indie_pop",Rock,2003,167946,0.463,0.738,4,-4.443,0,0.0444,0.0119,0.0,0.135,0.417,73.809,4
TREHAJJ128F42BB6C4,The Metal,Tenacious D,https://p.scdn.co/mp3-preview/9bde4c942e78c89e8e5fb7d0d5b2333ae17080d6?cid=774b29d4f13844c495f206cafdad9c86,0QXErGJmzprgbepPj9QrRp,"rock, alternative, metal, hard_rock, heavy_metal",,2007,165960,0.623,0.938,0,-4.161,1,0.123,0.00296,0.000852,0.48,0.308,112.022,4
TRRTELE128F427EC7E,Bukowski,Modest Mouse,https://p.scdn.co/mp3-preview/d277c1782869b669994428d70ef0f0572747bbce?cid=774b29d4f13844c495f206cafdad9c86,27QCaXOhT6qY0NT6tv5IZ6,"rock, alternative, indie, alternative_rock, indie_rock",Rock,2004,254666,0.622,0.413,8,-9.975,1,0.0457,0.0839,0.00235,0.131,0.52,130.166,4
TRKEGGM128F42900F9,Hear You Me,Jimmy Eat World,https://p.scdn.co/mp3-preview/643123fddbce2dfca5e1c8ba75263f6f3a243244?cid=774b29d4f13844c495f206cafdad9c86,0b69qdhSOt0DTdposp88Lu,"rock, alternative, indie, alternative_rock, indie_rock, punk_rock, acoustic, emo, love, beautiful, mellow",,2001,284560,0.465,0.515,4,-6.214,1,0.0281,0.00959,0.0377,0.209,0.123,136.196,3
TRSHTER12903CE5606,Teenage Dirtbag,Wheatus,https://p.scdn.co/mp3-preview/ab51e5bf4cffc47f406ab012b0317af162c36773?cid=774b29d4f13844c495f206cafdad9c86,01A95iL1uQNKyBMa864kjz,"rock, alternative, indie, pop, alternative_rock, punk, soundtrack, punk_rock, 90s, 00s, pop_rock",,2016,242880,0.617,0.793,4,-6.547,1,0.0518,0.323,0.000146,0.12,0.597,94.64,4
TRVRIBZ128F426BF71,Your Protector,Fleet Foxes,https://p.scdn.co/mp3-preview/dc43e1417339651c6134c66997b6e327fac05b4e?cid=774b29d4f13844c495f206cafdad9c86,0JSQRScYW3m4OnMsTSK2uA,"rock, alternative, indie, folk, american",,2008,249706,0.541,0.537,4,-7.841,0,0.0278,0.516,0.00556,0.0676,0.121,99.983,4
TROLSBW128E0792A43,Celebrity Skin,Hole,https://p.scdn.co/mp3-preview/60ca88d8bca095cfa2faa4e9e7dcb45c58de728c?cid=774b29d4f13844c495f206cafdad9c86,09bWtJk9BMkQt1J4QtDp0a,"rock, alternative, female_vocalists, alternative_rock, 90s, grunge",Rock,2013,163240,0.418,0.908,2,-4.658,1,0.0533,1.65e-05,0.000153,0.337,0.745,134.155,4
TROBUUZ128F4263002,Paralyzer,Finger Eleven,https://p.scdn.co/mp3-preview/3a022966b144db7bf82297d0ef0bc4588d00c991?cid=774b29d4f13844c495f206cafdad9c86,06oFkihdWaUvtEnzpEIaM6,"rock, alternative, alternative_rock, hard_rock",Rock,2007,208106,0.646,0.938,11,-3.472,0,0.0439,0.163,0.0,0.182,0.881,106.0,4
TRIMPFQ128F42B3024,Dig,Incubus,https://p.scdn.co/mp3-preview/869c0cf3f8e04da5607564a422650a74c85d9a33?cid=774b29d4f13844c495f206cafdad9c86,09NB1Vm4DFTMg8RezfcTxB,"rock, alternative, indie, alternative_rock, indie_rock, love, beautiful",Rock,2007,257826,0.455,0.88,11,-4.746,1,0.0338,0.0308,0.0,0.0997,0.464,155.061,4
TRUFOZX128F92FDB8B,The New Year,Death Cab for Cutie,https://p.scdn.co/mp3-preview/e5f89a9be45b3c2737960f3a3db556d9a608d90e?cid=774b29d4f13844c495f206cafdad9c86,3uQ9tq0eQKvfJOARl0UB4q,"rock, alternative, indie, alternative_rock, indie_rock, indie_pop, emo, 00s",,2003,246373,0.369,0.761,0,-7.31,0,0.042,0.00356,0.00124,0.202,0.177,123.5,4
TRUPDNU128F147CBE9,The Thing That Should Not Be,Metallica,https://p.scdn.co/mp3-preview/450e6aa14feefeef26290dc4f164b5c94bba8e19?cid=774b29d4f13844c495f206cafdad9c86,0Zo0GJhGcT2qKFb5NxY3Vf,"rock, metal, hard_rock, 80s, heavy_metal, thrash_metal",Metal,1986,396106,0.679,0.716,9,-10.14,1,0.0313,0.000108,0.349,0.126,0.485,111.827,4
TRPUGUW128F426BF6F,He Doesn't Know Why,Fleet Foxes,https://p.scdn.co/mp3-preview/a8591fb5edfa475bcdd63ff837ac54f3024ddaae?cid=774b29d4f13844c495f206cafdad9c86,10lOVrdkSTb9zkmb5D7aR8,"rock, alternative, indie, folk, indie_rock, american, indie_pop, beautiful, 00s",Rock,2009,199560,0.496,0.558,1,-5.535,1,0.0302,0.213,0.000302,0.344,0.436,93.989,4
TRRGPSF128F92D92AA,Mein Herz brennt,Rammstein,https://p.scdn.co/mp3-preview/47f98bfb64a86938021e22f9103b228c9e98c6b7?cid=774b29d4f13844c495f206cafdad9c86,1GFrE4xHp1j1BvXN7SoH4R,"rock, metal, industrial, german",,2011,279960,0.529,0.722,2,-6.709,0,0.0292,0.00393,0.107,0.212,0.138,83.033,4
TRRRRCH128F9342C72,A Well Respected Man,The Kinks,https://p.scdn.co/mp3-preview/6c55cd100c49752b8f04adf9aedc94680244c5a3?cid=774b29d4f13844c495f206cafdad9c86,0bqEyA4bNCrjbQqBMt6hvA,"rock, classic_rock, british, soundtrack, 60s, oldies",Rock,2014,161920,0.511,0.887,9,-5.05,0,0.182,0.205,0.0,0.042,0.614,161.62,4
TRFYVIE128F148C86E,Criminal,Fiona Apple,https://p.scdn.co/mp3-preview/47e937dc1a457572353d56378167fda8e7256825?cid=774b29d4f13844c495f206cafdad9c86,0Z7e5MKWGWNxduc9QYEKly,"rock, alternative, indie, pop, female_vocalists, singer_songwriter, 90s, piano",Rap,2014,342533,0.594,0.771,7,-8.651,0,0.0342,0.0157,1.34e-05,0.0975,0.578,89.824,4
TRGSVZA128F92CF92E,Losing Touch,The Killers,https://p.scdn.co/mp3-preview/678e0f45047f98f5291d78276207938ded3455d6?cid=774b29d4f13844c495f206cafdad9c86,0ORrEWcI3Da6iV6pplqQWa,"rock, alternative, indie, alternative_rock, indie_rock, american, 00s",Rock,2008,253653,0.552,0.881,11,-4.172,1,0.052,0.0311,6.05e-05,0.405,0.336,117.968,4
TRNCEUK12903CCC629,One Last Breath,Creed,https://p.scdn.co/mp3-preview/1d47a7e8f8f09a3edd15834e34002edbcd1446c9?cid=774b29d4f13844c495f206cafdad9c86,10941s6U9guB7kMnTSrxqu,"rock, alternative, alternative_rock, hard_rock, grunge",Rock,2001,238240,0.388,0.697,2,-5.827,1,0.0336,0.0088,0.00214,0.347,0.215,126.266,4
TRRNZBN128F147CC7A,The Unforgiven II,Metallica,https://p.scdn.co/mp3-preview/5bec97ce5c5d841e2cbcccc431a86cdbc0c8c07e?cid=774b29d4f13844c495f206cafdad9c86,0IGXkVRn0uCsgn4FvIfpgB,"rock, metal, hard_rock, heavy_metal, thrash_metal, 90s",Metal,1997,396440,0.49,0.884,8,-4.533,0,0.0428,0.000514,0.00177,0.27,0.254,132.978,4
TRMEPEU128F9338979,My Propeller,Arctic Monkeys,https://p.scdn.co/mp3-preview/9d889431cc326d643400fadbb697fdbc12965227?cid=774b29d4f13844c495f206cafdad9c86,0AlVmkmBw6ZtMdh2bnLrmL,"rock, alternative, indie, alternative_rock, indie_rock, british, 00s",Rock,2009,207520,0.41,0.632,9,-7.27,0,0.0295,0.0588,0.0619,0.315,0.683,115.741,4
TRZVTUG128F1486A86,Uncle Jonny,The Killers,https://p.scdn.co/mp3-preview/077c755758e7d6fb5ddf5b4f86c998066674f5df?cid=774b29d4f13844c495f206cafdad9c86,27MzEYxJbym7RBK5G0MWLg,"rock, alternative, indie, alternative_rock, indie_rock, american, indie_pop",Rock,2006,265800,0.262,0.905,10,-3.483,0,0.039,5.5e-05,0.262,0.396,0.379,173.781,4
TRQEMRN128F933B4B2,Sun It Rises,Fleet Foxes,https://p.scdn.co/mp3-preview/00068f3e925ef64341c8d35c972448781856b852?cid=774b29d4f13844c495f206cafdad9c86,0BatdOxGWlJdi3WuooZySi,"rock, alternative, indie, folk, indie_rock, acoustic, american, 00s",,2008,191493,0.593,0.275,7,-8.482,1,0.0308,0.61,0.0372,0.17,0.0598,112.104,3
TRCUKAI128F1484D85,It Ends Tonight,The All-American Rejects,https://p.scdn.co/mp3-preview/b4200fe1c146a9e59a6cff20a466e4af95c5ccd3?cid=774b29d4f13844c495f206cafdad9c86,04KO88myVv5s8zo9qYsTZq,"rock, alternative, pop, alternative_rock, punk, punk_rock, emo, mellow, pop_rock",,2006,244826,0.454,0.636,0,-4.731,1,0.0273,0.00228,0.0,0.154,0.313,87.89,4
TRVQBRZ128F423EEDC,Hotel Yorba,The White Stripes,https://p.scdn.co/mp3-preview/5a9b74924164c7e52c1fc2ff756d48e9cd6dc3f7?cid=774b29d4f13844c495f206cafdad9c86,0FhrVQDIomjSy7pNXPEDlN,"rock, alternative, indie, alternative_rock, indie_rock, 00s, blues_rock",Rock,2001,130333,0.383,0.785,7,-2.546,1,0.0878,0.482,0.0,0.0797,0.748,195.105,4
TRHWQQY128F427B6EB,Weak And Powerless,A Perfect Circle,https://p.scdn.co/mp3-preview/fc0cae3080ee37a6dde0ae7d6ebea6bfca6bc85a?cid=774b29d4f13844c495f206cafdad9c86,06cK5xod5muGmXJwzA1luy,"rock, alternative, alternative_rock, progressive_rock, progressive_metal",Rock,2013,191746,0.508,0.825,9,-7.219,1,0.0399,0.000206,0.792,0.222,0.125,159.795,3
TRMFCNV128F92E8B76,Nice To Know You,Incubus,https://p.scdn.co/mp3-preview/dbc461c32cdce3e605f1370fdc0ea88fdd7b67ce?cid=774b29d4f13844c495f206cafdad9c86,1JGvhr3FxgBzV36UPZfjnR,"rock, alternative, indie, alternative_rock, hard_rock",Rock,2001,283333,0.513,0.862,2,-5.376,1,0.0488,0.0015,0.000166,0.08,0.235,153.931,4
TRZAYJC128E0789041,Fire Coming Out of the Monkey's Head,Gorillaz,https://p.scdn.co/mp3-preview/87984c0e6da23b30b026a22038b3dccfc31219f1?cid=774b29d4f13844c495f206cafdad9c86,1S9tfxdFr4TqoqA14gnKj3,"rock, electronic, alternative, indie, alternative_rock, british, hip_hop, trip_hop",,2005,199000,0.769,0.621,9,-7.874,0,0.107,0.333,0.00233,0.157,0.649,100.25,4
TRZPVLJ128F148D2F7,Rock And Roll All Nite,Kiss,https://p.scdn.co/mp3-preview/23d71fd553e6aab85bae5d3921926c6c3fd07386?cid=774b29d4f13844c495f206cafdad9c86,03PtniQc7l5ew6PD6Ydejh,"rock, metal, classic_rock, hard_rock, 80s, 70s",Rock,1978,167533,0.624,0.857,1,-8.993,1,0.0595,0.00978,0.0,0.0829,0.938,144.881,4
TRIZDTN128F429EB1D,NARC,Interpol,https://p.scdn.co/mp3-preview/755729f83eacc4f383549ba3e2f20ef2bea6c7f8?cid=774b29d4f13844c495f206cafdad9c86,1yLSBbPcfWJluFO7X3D7YZ,"rock, alternative, indie, alternative_rock, indie_rock, post_punk",,2004,247906,0.556,0.881,7,-2.332,1,0.0331,0.0598,0.624,0.369,0.676,118.666,4
TRXHSSO128F425E6A4,Charmer,Kings of Leon,https://p.scdn.co/mp3-preview/603d864e63b9497b5f8d81cb7024e6149d2e26d9?cid=774b29d4f13844c495f206cafdad9c86,0zBZEazw6UEWMqWXa87lvm,"rock, alternative, indie, alternative_rock, indie_rock, american, 00s",Rock,2007,176893,0.394,0.764,7,-5.413,1,0.124,0.000469,0.0082,0.526,0.561,146.981,4
TRDJRES128F933B4BA,Quiet Houses,Fleet Foxes,https://p.scdn.co/mp3-preview/036539313143ddc3d4a0261dd26aaed9b6de0d39?cid=774b29d4f13844c495f206cafdad9c86,0UQoAzdRK4HvJ3uoD6N7Nq,"rock, alternative, indie, folk, indie_rock, acoustic, american",Rock,2008,214253,0.569,0.668,11,-6.269,1,0.0253,0.0457,0.576,0.175,0.575,109.87,4
TRKOHVA128F426BF70,Heard Them Stirring,Fleet Foxes,https://p.scdn.co/mp3-preview/390a0a6ddf677cc05589c29e8c885bd3706b2da8?cid=774b29d4f13844c495f206cafdad9c86,0q4WM7FgPUcrXpJBdTNtOP,"rock, alternative, indie, ambient, folk, indie_rock, chillout, acoustic, american, mellow, chill",,2018,182266,0.572,0.47,5,-10.356,1,0.0285,0.683,0.969,0.381,0.251,109.998,4
TRRLQIP12903CB78F7,Unnatural Selection,Muse,https://p.scdn.co/mp3-preview/89e4405efcf3054b27725d0acd0550eb17b41ef8?cid=774b29d4f13844c495f206cafdad9c86,11F6615eVsakLzk2mDNGpy,"rock, alternative, alternative_rock, progressive_rock, british",Rock,2009,414960,0.327,0.918,7,-5.067,1,0.0623,0.000337,0.246,0.0679,0.107,161.088,4
TRIVFEJ128EF354117,Daughter,Pearl Jam,https://p.scdn.co/mp3-preview/1528fb614346927a25100d1f95ade1c7b0260bf3?cid=774b29d4f13844c495f206cafdad9c86,1N6ufONdqo8Lltpq7F4tcz,"rock, alternative, alternative_rock, 90s, grunge",Rock,1993,234226,0.623,0.639,7,-10.818,1,0.0285,0.023,0.00152,0.0887,0.73,96.925,4
TRPOISD128EF3436C4,My List,The Killers,https://p.scdn.co/mp3-preview/e089373ddbbdd491f2950d5abdb5b842235d089f?cid=774b29d4f13844c495f206cafdad9c86,0yhHTzLPdMXAnyBfk2tcDr,"rock, alternative, indie, alternative_rock, indie_rock",Rock,2006,248333,0.446,0.279,7,-8.396,0,0.0343,0.0383,0.0,0.117,0.159,123.738,4
TRKGGMK128F42286FE,Screenager,Muse,https://p.scdn.co/mp3-preview/aeea8507cdfcce8fca5440d0ef192591190b3b81?cid=774b29d4f13844c495f206cafdad9c86,033IZMP0kKR0RC1h4Z2NVy,"rock, alternative, indie, alternative_rock, indie_rock, progressive_rock, british, 00s, britpop",Rock,2001,260000,0.375,0.403,2,-12.776,0,0.0286,0.745,0.546,0.181,0.207,80.661,4
TRTMZIM128F4272559,Shadow On The Sun,Audioslave,https://p.scdn.co/mp3-preview/61d9df469e698e02c9cf54265f7bd25449e43f43?cid=774b29d4f13844c495f206cafdad9c86,1NIv7bG744T9PYF9oqEwuJ,"rock, alternative, alternative_rock, hard_rock, grunge",Rock,2002,343400,0.329,0.658,9,-5.57,1,0.0373,0.00108,1.56e-06,0.0805,0.288,141.123,4
TRVQTQG128F93073B0,Molly's Chambers,Kings of Leon,https://p.scdn.co/mp3-preview/50d73701fb08c02dfab0baf42a58fcfebe5e1adc?cid=774b29d4f13844c495f206cafdad9c86,07B2cvi6UNK4PiyM8l7CuF,"rock, alternative, indie, alternative_rock, indie_rock",,2003,136533,0.611,0.92,11,-4.07,1,0.0542,0.246,3.71e-06,0.0772,0.916,146.593,4
TRGKLSE12903CCC5CD,My Sacrifice,Creed,https://p.scdn.co/mp3-preview/b7af9623188bbd715707b7d6a026cdbe90420387?cid=774b29d4f13844c495f206cafdad9c86,02kAucMDgjKBsnaJHynSUi,"rock, alternative, alternative_rock, hard_rock, grunge",,2004,295800,0.317,0.875,2,-6.03,1,0.0485,0.000101,1.88e-06,0.109,0.26,146.284,4
TRUSIMU128EF3436C8,Exitlude,The Killers,https://p.scdn.co/mp3-preview/902aeaaf6278425347482bf9d1e6d4a20c04f337?cid=774b29d4f13844c495f206cafdad9c86,1gW0MzTjB98ZPRa7hsbgmA,"rock, alternative, indie, pop, alternative_rock, indie_rock, american, 00s",Rock,2006,146746,0.386,0.347,11,-11.73,1,0.0389,0.297,0.000457,0.124,0.223,138.923,4
TRVZILF128F42748EF,If I Never See Your Face Again,Maroon 5,https://p.scdn.co/mp3-preview/f5b054aeea2a21fbcd48baa36df76388eb0a49d8?cid=774b29d4f13844c495f206cafdad9c86,030C04WSJbsmmOjXFX1ERA,"rock, alternative, pop, alternative_rock, funk, male_vocalists, 00s, pop_rock",,2008,198240,0.77,0.781,6,-3.708,1,0.0371,0.00407,1.73e-06,0.0999,0.902,106.006,4
TRMAQWJ128F427EC70,Bury Me With It,Modest Mouse,https://p.scdn.co/mp3-preview/37bad5cf3ade7b9f68e5dec9f6d291aa83537e1b?cid=774b29d4f13844c495f206cafdad9c86,07oylHqeWc0nveqUebEvOm,"rock, alternative, indie, alternative_rock, indie_rock, 00s",Rock,2004,230226,0.524,0.923,2,-4.56,1,0.0604,0.00546,0.0,0.187,0.821,170.021,4
TRWAUCC128F428E6FD,Staple It Together,Jack Johnson,https://p.scdn.co/mp3-preview/758b8c9f25d43b16132916a28bd256747ab48633?cid=774b29d4f13844c495f206cafdad9c86,1wDUd3PBbLm1fNipGJYODZ,"rock, alternative, pop, folk, singer_songwriter, chillout, acoustic, mellow, chill",Pop,2005,196146,0.816,0.794,7,-6.095,1,0.0486,0.00644,0.00553,0.0792,0.786,94.025,4
TRAKKVD128F14A895B,(Antichrist Television Blues),Arcade Fire,https://p.scdn.co/mp3-preview/94bdab429fb30c41ffac3c264cf51343f6dc9f7f?cid=774b29d4f13844c495f206cafdad9c86,040YNRWisvvHqy1hUW2Kxe,"rock, alternative, indie, alternative_rock, folk, indie_rock, beautiful, 00s",Rock,2007,310280,0.447,0.952,7,-7.033,1,0.044,0.685,0.00215,0.0689,0.82,79.331,4
TRAFUBQ128F92EB825,Girlfriend in a Coma,The Smiths,https://p.scdn.co/mp3-preview/57f7a08752021ac4ad919737af30d3d6af6029ed?cid=774b29d4f13844c495f206cafdad9c86,5n661KeXVyXDVG7DpDv8RF,"rock, alternative, indie, pop, alternative_rock, indie_rock, 80s, british, new_wave, post_punk",Rock,1987,123880,0.641,0.607,7,-10.082,1,0.0252,0.0919,2.04e-05,0.124,0.946,104.28,4
TRIRXFP128E0786412,Jerk It Out,Caesars,https://p.scdn.co/mp3-preview/fe5481ef8fbe5b2ba6f4417aa162e9f9d6d4edc7?cid=774b29d4f13844c495f206cafdad9c86,0uijtkVj23vKQ8TwHtnxOM,"rock, alternative, indie, pop, alternative_rock, indie_rock, dance, 00s, swedish",,2008,195133,0.53,0.988,8,-2.19,0,0.071,0.00916,1.04e-06,0.76,0.803,133.999,4
TRCCRQF128E0786B9E,Only Happy When It Rains,Garbage,https://p.scdn.co/mp3-preview/54588e502c272cceb81d045b2e2ac72a9587f9e7?cid=774b29d4f13844c495f206cafdad9c86,0c0Vtu3PCMiHet4wAOX4ot,"rock, alternative, pop, female_vocalists, alternative_rock, 90s, grunge",Rock,2007,226400,0.473,0.874,8,-3.66,0,0.0409,6.14e-05,0.000606,0.111,0.444,121.475,4
TROLOMI12903CB2CE7,Babel,Mumford & Sons,https://p.scdn.co/mp3-preview/3d4b9bba921042f4b7593c7080264f6deb4c6e16?cid=774b29d4f13844c495f206cafdad9c86,0f54nIlaoGoWTMCWMu1peO,"rock, indie, folk, british",Electronic,2012,208933,0.372,0.819,2,-5.949,1,0.0578,0.0235,0.000172,0.0788,0.679,80.799,4
TRASJTL12903CCD30C,Black Mud,The Black Keys,https://p.scdn.co/mp3-preview/1c174b80ba4692cd55368d17ac19636ee5992412?cid=774b29d4f13844c495f206cafdad9c86,0zSAewFikTRBXxyMZwAujF,"rock, indie_rock, instrumental, blues, blues_rock",,2010,129453,0.498,0.505,11,-8.953,0,0.0376,0.252,0.869,0.326,0.343,143.906,4
TRHSMXC12903CCD313,Sinister Kid,The Black Keys,https://p.scdn.co/mp3-preview/8d5413c38e24502fb4d3dd39ef9a20e6f636dd30?cid=774b29d4f13844c495f206cafdad9c86,0jmuRS0sl8sZ8x03HUczCg,"rock, indie, blues, american, psychedelic_rock, blues_rock",Rock,2010,224533,0.764,0.829,9,-7.117,1,0.0719,0.154,0.12,0.379,0.933,139.608,4
TRERDGD128F14A7AF4,North American Scum,LCD Soundsystem,https://p.scdn.co/mp3-preview/6454a62f81dd8c54ed48858a97252316c2eab03c?cid=774b29d4f13844c495f206cafdad9c86,19kPeVei3sJlShA8nchByB,"rock, electronic, alternative, indie, indie_rock, dance, american, electro, 00s",Electronic,2007,328706,0.882,0.842,9,-4.534,1,0.0933,0.0136,0.0345,0.262,0.682,138.02,4
TRRUQAX128F92FDEF0,Wide Eyes,Local Natives,https://p.scdn.co/mp3-preview/e8f979a5c1ba9a1ead5dfc21089f5815fabbd2f4?cid=774b29d4f13844c495f206cafdad9c86,12d7KjWhn0Lu289AQP24Yz,"rock, alternative, indie, folk, indie_rock, indie_pop",Rock,2010,266813,0.527,0.852,11,-8.029,0,0.0394,0.00114,0.423,0.238,0.498,123.167,4
TRLOIKS128F92C4FDE,Disco 2000,Pulp,https://p.scdn.co/mp3-preview/dee48959274a763f3411a1c5fc3f28bdd9eaf628?cid=774b29d4f13844c495f206cafdad9c86,0Ilod8x1U4FPSvvvUfAcjp,"rock, alternative, indie, pop, alternative_rock, british, 90s, britpop",,2007,275520,0.56,0.953,7,-3.956,0,0.0762,0.0159,0.0,0.0594,0.547,133.053,4
TRKSEEY12903CCD312,Ten Cent Pistol,The Black Keys,https://p.scdn.co/mp3-preview/aeee99e7592223cc01878190773aec0d043bbba8?cid=774b29d4f13844c495f206cafdad9c86,1dABMNTDn0yURfeB9IvB0n,"rock, indie_rock, blues, blues_rock",,2010,269306,0.594,0.5,0,-8.46,0,0.0309,0.324,0.0188,0.138,0.325,104.721,4
TRRJUPO128F930327A,Soft Shock,Yeah Yeah Yeahs,https://p.scdn.co/mp3-preview/755d16691386b1c090cd523411374058c6084a23?cid=774b29d4f13844c495f206cafdad9c86,0kzNjXP0hX34NBSIFkbwST,"rock, electronic, alternative, indie, female_vocalists, indie_rock",Rock,2009,233106,0.598,0.81,7,-5.906,1,0.0269,0.00116,0.595,0.104,0.739,125.035,4
TREAYDQ128F147CC6C,Until It Sleeps,Metallica,https://p.scdn.co/mp3-preview/3ec5fcd13be5bf31502e4c6caa42ce1dc8b2e094?cid=774b29d4f13844c495f206cafdad9c86,0wmjY0IiSvwFYSJ0PWpDwz,"rock, metal, hard_rock, heavy_metal, thrash_metal, 90s",Metal,1996,269573,0.562,0.919,8,-4.458,0,0.0293,0.000223,0.113,0.142,0.728,113.357,4
TRTSLBN12903CDB1BE,Spanish Sahara,Foals,https://p.scdn.co/mp3-preview/75d32af506df2354251f80726ab3e0656fa8e8f7?cid=774b29d4f13844c495f206cafdad9c86,0ikPZkDZ7CgZMmyt5o9t57,"rock, electronic, alternative, indie, alternative_rock, indie_rock, british, chillout, post_rock, beautiful",Rock,2010,409560,0.365,0.57,9,-10.039,0,0.0696,0.028,0.042,0.108,0.364,128.432,4
TRSOYEJ128F149895A,mOBSCENE,Marilyn Manson,https://p.scdn.co/mp3-preview/4d9e6e3adea44a4dba00023026651c7b080ad9e9?cid=774b29d4f13844c495f206cafdad9c86,0K2pB0wFl5BrpTYZkIRgcq,"rock, alternative, metal, alternative_rock, hard_rock, industrial",,2003,207266,0.55,0.948,9,-4.027,1,0.0839,5.4e-05,0.000121,0.272,0.448,130.085,4
TRHSLQZ128F9339E8F,Surf Wax America,Weezer,https://p.scdn.co/mp3-preview/08fb594a58fc94102e0c636f79a3e17b84783097?cid=774b29d4f13844c495f206cafdad9c86,1w8gsT5RBrFfTrLYhDRJIk,"rock, alternative, indie, alternative_rock, indie_rock, 90s, american, emo",Rock,1994,186440,0.405,0.916,6,-7.557,1,0.0953,0.000345,0.172,0.274,0.332,164.961,4
TRNALGP128F427EC81,The Good Times Are Killing Me,Modest Mouse,https://p.scdn.co/mp3-preview/55dc86159bb5df24e72d69ec1d471dc1057f1015?cid=774b29d4f13844c495f206cafdad9c86,1fBO9S4vo5cfCfRK1Ofaxa,"rock, alternative, indie, alternative_rock, indie_rock, indie_pop, chill",Rock,2004,256800,0.691,0.551,5,-8.984,1,0.0389,0.386,0.00115,0.223,0.654,93.979,4
TRGTUUE128F9310C99,Prove Yourself,Radiohead,https://p.scdn.co/mp3-preview/6d62fc6cd28492126dd7a4b065df7e2bde99a4f7?cid=774b29d4f13844c495f206cafdad9c86,1VU732xTrdJAbMMwUV8kFC,"rock, alternative, indie, alternative_rock, experimental, indie_rock, british, 90s, britpop",Rock,1993,145373,0.25,0.62,0,-10.915,1,0.0611,0.000849,0.0848,0.175,0.319,114.098,4
TRFFIIC128F428ADB2,My Own Worst Enemy,Lit,https://p.scdn.co/mp3-preview/f8f93d9a3b0fd641993769cd9bb9078c01ac28e7?cid=774b29d4f13844c495f206cafdad9c86,14nyioG2b8yFglHBqFeFfK,"rock, alternative, alternative_rock, punk, punk_rock, 90s, pop_rock",Rock,2013,169266,0.502,0.948,4,-2.788,1,0.0658,0.00109,0.0,0.249,0.703,103.527,4
TRSIZUP128F429EB22,Take You on a Cruise,Interpol,https://p.scdn.co/mp3-preview/a51928b47689988f49dd9f5b4ccacb0297b71218?cid=774b29d4f13844c495f206cafdad9c86,2OpvkhdurEz2TjpSfSwC8I,"rock, alternative, indie, alternative_rock, indie_rock, american, post_punk, beautiful",Rock,2004,294400,0.482,0.933,2,-2.945,1,0.0398,0.00393,0.875,0.109,0.347,118.06,4
TRMVWMZ128F92F23AC,I Can't Stay,The Killers,https://p.scdn.co/mp3-preview/5d400d2de980149a6e9e8362e24b1e0dd36f8a13?cid=774b29d4f13844c495f206cafdad9c86,0Kv2ugA2PQYC9JQaiB9877,"rock, alternative, indie, alternative_rock, indie_rock",Rock,2008,185360,0.571,0.848,7,-7.136,0,0.0777,0.17,0.0,0.173,0.634,93.949,4
TRFYBQS128F146A5D9,The Hollow,A Perfect Circle,https://p.scdn.co/mp3-preview/7c7d7767d2f2ee139e707d8f96fcaebee2eb271d?cid=774b29d4f13844c495f206cafdad9c86,0gwlKK9RGOVgc13Rcr73TG,"rock, alternative, metal, alternative_rock, hard_rock, progressive_rock, progressive_metal",Rock,2013,178360,0.303,0.767,1,-5.593,1,0.0452,0.000137,0.109,0.0939,0.529,156.887,3
TRRGPFD12903CC83E2,Fader,The Temper Trap,https://p.scdn.co/mp3-preview/22e7c0c42ea6c2e7b07f040e65178c0d4b2d32b2?cid=774b29d4f13844c495f206cafdad9c86,09LYE3SI0elCRRCEwjQFfy,"rock, alternative, indie, indie_rock, indie_pop",,2009,183906,0.539,0.786,11,-6.919,0,0.0336,9.22e-05,0.748,0.118,0.149,134.943,4
TRZPDFG128F92FDEF5,Airplanes,Local Natives,https://p.scdn.co/mp3-preview/6f0abfb5c0bf7732415997fe99b4bb16148a05e1?cid=774b29d4f13844c495f206cafdad9c86,0yIE0E3a6LAz56MDTIaOpV,"rock, indie, folk, indie_rock, indie_pop, love, beautiful",Rock,2010,237813,0.589,0.536,2,-7.87,1,0.025,0.518,0.0477,0.119,0.573,95.955,4
TRLXFKL128F426BF75,Oliver James,Fleet Foxes,https://p.scdn.co/mp3-preview/b50fd6f834845bc3c0e15057fdcb7a81c150b351?cid=774b29d4f13844c495f206cafdad9c86,15ioAEmEbXr4zaXWx21UU3,"rock, alternative, indie, folk, acoustic, 00s",,2008,203880,0.483,0.0635,0,-12.032,1,0.0432,0.938,0.0,0.0781,0.143,118.228,4
TRSIKBL128F427F430,Happy?,Mudvayne,https://p.scdn.co/mp3-preview/cc3a1fce5fe0ae334aa8c24f6e5594dc8b257ff5?cid=774b29d4f13844c495f206cafdad9c86,0cmmNK8b41hchRPaR7LW9u,"rock, alternative, metal, alternative_rock, hard_rock, heavy_metal, metalcore, nu_metal",,2000,216946,0.545,0.964,5,-3.568,0,0.0884,0.000723,5.77e-05,0.255,0.395,100.06,4
TRMQOOQ128E07813AB,Re-Hash,Gorillaz,https://p.scdn.co/mp3-preview/3749bcfd2f8401f2114ebe223bc04427a27e0648?cid=774b29d4f13844c495f206cafdad9c86,0dYN5MqKzCfdpDb1bgvdsm,"rock, electronic, alternative, indie, pop, alternative_rock, british, hip_hop, trip_hop, chill",Rock,2001,220840,0.837,0.79,7,-6.717,1,0.0933,0.0274,0.728,0.0569,0.782,100.297,4
TRKABMK128F426BF72,Meadowlarks,Fleet Foxes,https://p.scdn.co/mp3-preview/db29d26a3b14eb4637e51b4d15c65afbf7787a03?cid=774b29d4f13844c495f206cafdad9c86,1ON7oz9WI3NeaEj7tAPda0,"rock, alternative, indie, folk, acoustic, american, mellow",,2008,191573,0.484,0.166,7,-12.833,1,0.0303,0.807,0.0155,0.111,0.116,105.874,4
TRWRUCY128F424351B,I Stand Corrected,Vampire Weekend,https://p.scdn.co/mp3-preview/225b935ab0470e82b728e14092b1d9a571088674?cid=774b29d4f13844c495f206cafdad9c86,2TbwRvwK0AFLoxog6bu1u9,"rock, alternative, indie, pop, alternative_rock, indie_rock, american, indie_pop, 00s",Rock,2008,159760,0.679,0.64,7,-9.418,1,0.111,0.277,0.351,0.176,0.111,160.016,4
TRGMWXV128F92DF8F0,Mmm Mmm Mmm Mmm,Crash Test Dummies,https://p.scdn.co/mp3-preview/5b230e95123f352c3a33b48ce6d081a185a15cad?cid=774b29d4f13844c495f206cafdad9c86,09zcsg2TgceQZ5GCmzrUDZ,"rock, alternative, pop, alternative_rock, 90s",Rock,2013,233973,0.581,0.53,3,-9.319,1,0.023,0.247,1.34e-05,0.0546,0.397,92.915,4
TRIMJVM128F42801F3,My Last Breath,Evanescence,https://p.scdn.co/mp3-preview/ccdbdcd03128e22f46ccd6df8b523542b219494c?cid=774b29d4f13844c495f206cafdad9c86,0UDqDfW2U7dVIRxfGHo7ei,"rock, alternative, female_vocalists, metal, alternative_rock, gothic_metal, gothic",,2003,247360,0.352,0.787,6,-5.848,0,0.0497,0.00102,0.000162,0.104,0.414,176.17,4
TRZDNGL128F42926A6,Walk Idiot Walk,The Hives,https://p.scdn.co/mp3-preview/8830ef61d0812a229b7df5f54f32e303e65724b7?cid=774b29d4f13844c495f206cafdad9c86,02JoJxmMKunIgEY7ptG83R,"rock, alternative, indie, alternative_rock, punk, indie_rock, punk_rock, 00s, swedish",Rock,2007,211053,0.623,0.913,9,-5.935,1,0.0986,0.00358,0.00207,0.557,0.742,146.33,4
TRKZRUA128E0793EB0,El Scorcho,Weezer,https://p.scdn.co/mp3-preview/c6345383a128aff888273d6bf139e9f7de4082c8?cid=774b29d4f13844c495f206cafdad9c86,0Svkvt5I79wficMFgaqEQJ,"rock, alternative, indie, alternative_rock, indie_rock, 90s, emo",Rock,1996,243530,0.478,0.707,1,-5.021,1,0.0624,0.0556,0.0,0.0958,0.653,148.052,4
TRWKOEO128F147CC66,The God That Failed,Metallica,https://p.scdn.co/mp3-preview/76825f05e603e24e920ca9905136099686ae1732?cid=774b29d4f13844c495f206cafdad9c86,0h26wQZD5GoSvK5zZuv69E,"rock, metal, hard_rock, heavy_metal, thrash_metal, 90s",Metal,1991,308533,0.563,0.8,8,-6.565,1,0.039,0.000477,0.000523,0.118,0.431,83.09,4
TREUXIY12903CA7202,Still Ill,The Smiths,https://p.scdn.co/mp3-preview/bc20be797392424ae0c51824694b5d6f64259a65?cid=774b29d4f13844c495f206cafdad9c86,0uLI1jac8ZJSSRG4QJDo3J,"rock, alternative, indie, alternative_rock, indie_rock, 80s, british, new_wave, post_punk, indie_pop, britpop",Rock,1984,201746,0.404,0.927,9,-7.568,1,0.146,0.0112,0.00678,0.163,0.49,175.11,4
TRCJAHJ128E07815B6,Stacy's Mom,Fountains of Wayne,https://p.scdn.co/mp3-preview/20943ef75faadd4c0a78254f3570662b2328a6ca?cid=774b29d4f13844c495f206cafdad9c86,0b5Z4MPCgSFmhZKXWOSszs,"rock, alternative, indie, pop, alternative_rock, punk, indie_rock, 00s, pop_rock",,2010,198560,0.776,0.729,4,-5.427,1,0.0397,0.00217,3.67e-05,0.0753,0.915,118.03,4
TROWQGL128E0784BAA,Taylor,Jack Johnson,https://p.scdn.co/mp3-preview/058e01fb2895b450faeaad49e52aa2db6e3621df?cid=774b29d4f13844c495f206cafdad9c86,0BSNAS0yWiWwFlt31NuPzj,"rock, alternative, pop, folk, singer_songwriter, chillout, acoustic, guitar, mellow, chill",Rock,2003,239280,0.804,0.725,0,-7.928,1,0.146,0.142,0.0459,0.106,0.588,174.117,4
TRPDUVQ128F4280342,Satin in a Coffin,Modest Mouse,https://p.scdn.co/mp3-preview/36c6c638c83a759ceb5f69daee9f87a059ae36ee?cid=774b29d4f13844c495f206cafdad9c86,1DYczFQrN7nMQ6Dlx1VTja,"rock, alternative, indie, alternative_rock, folk, indie_rock, indie_pop, 00s",Rock,2004,155213,0.46,0.83,7,-6.09,0,0.0449,0.00346,0.0,0.362,0.43,173.878,4
TRLPAFT128E0781AF8,End of a Century,Blur,https://p.scdn.co/mp3-preview/1d91383f59ec281dec790b828d1cebc786e86f92?cid=774b29d4f13844c495f206cafdad9c86,38P9wcqc8ntgjgybw63R9L,"rock, alternative, indie, pop, alternative_rock, indie_rock, british, 90s, britpop",Rock,2000,166933,0.453,0.646,7,-8.012,1,0.0275,0.191,0.0,0.201,0.508,81.586,4
TRBJOGT128F42396CC,A Sunday Smile,Beirut,https://p.scdn.co/mp3-preview/7fd245accb1352d6775208058709dc755cb0eff5?cid=774b29d4f13844c495f206cafdad9c86,15fOrG8ZjhjDolUidUd6ub,"rock, alternative, indie, experimental, folk, singer_songwriter, beautiful",Folk,2007,215573,0.284,0.416,5,-9.391,1,0.0329,0.893,0.000608,0.394,0.425,161.513,3
TRHSGXW12903CE895F,Drunken Lullabies,Flogging Molly,https://p.scdn.co/mp3-preview/8d3029a482fa122ba028eb2737f1464314aad5d3?cid=774b29d4f13844c495f206cafdad9c86,0aE8nMLrrd2m6lTscFIbZw,"rock, folk, punk, punk_rock",,2002,230640,0.385,0.969,7,-4.234,1,0.0748,0.0015,0.0462,0.0817,0.854,156.177,4
TRSKQZQ12903CAF5A3,Unholy Confessions,Avenged Sevenfold,https://p.scdn.co/mp3-preview/3f3d358faa95931d1d9ba7109ac09cfa15cf2ce4?cid=774b29d4f13844c495f206cafdad9c86,0lZVmgyRB6BfjmCHqKM5Pu,"rock, metal, hard_rock, heavy_metal, hardcore, metalcore",,2003,283826,0.448,0.875,2,-5.446,0,0.0666,0.000359,0.00109,0.255,0.524,92.53,4
TRPNZPG128F149BCE8,A Comet Appears,The Shins,https://p.scdn.co/mp3-preview/df7a0ac7078acd3835dbec8459c498ba8ba201b9?cid=774b29d4f13844c495f206cafdad9c86,3K8f6jI7VLcCeyycrGQQMR,"rock, alternative, indie, pop, indie_rock, indie_pop, beautiful, mellow",,2007,229133,0.479,0.221,2,-12.473,1,0.0329,0.922,1.4e-06,0.0529,0.242,125.734,4
TRZHQIH12903CC5658,Talk Show Host,Radiohead,https://p.scdn.co/mp3-preview/0ef6cebdc58442307c2a98814f68c5c19c776f5c?cid=774b29d4f13844c495f206cafdad9c86,2sy0icOIskeP2lCqgZiTyE,"rock, alternative, indie, alternative_rock, experimental, british, soundtrack, 90s, love, beautiful, mellow, chill",Rock,1996,281000,0.535,0.479,5,-14.112,0,0.0311,0.277,0.0285,0.139,0.504,88.841,4
TRDAOOB128F932E752,Dollars & Cents,Radiohead,https://p.scdn.co/mp3-preview/0bad63401ad81605431ff1e164549fe728c3bba9?cid=774b29d4f13844c495f206cafdad9c86,2mvmuCtmmrERnm03ULdDye,"rock, electronic, alternative, indie, alternative_rock, experimental, british, psychedelic, 00s",Rock,2001,291733,0.325,0.565,7,-7.303,1,0.0306,0.395,0.245,0.112,0.0881,138.302,4
TRRYCBO128F932A2C7,Love Shack,The B-52's,https://p.scdn.co/mp3-preview/33813193c01f1c42416b328c7f5f3116cb603865?cid=774b29d4f13844c495f206cafdad9c86,05r7cs15qOMZFRTMxszL8P,"rock, alternative, pop, dance, 80s, new_wave",,2010,323586,0.662,0.902,7,-4.407,0,0.0532,0.0411,0.0,0.718,0.882,133.672,4
TRUHUNN128F92E58B5,Hard Sun,Eddie Vedder,https://p.scdn.co/mp3-preview/898489a36e3b57144b75f2c334a516826a222664?cid=774b29d4f13844c495f206cafdad9c86,0Zf5BJahvBQ6yLoCR6fPko,"rock, alternative, alternative_rock, folk, singer_songwriter, soundtrack, acoustic, grunge, cover",Rock,2007,321760,0.441,0.828,8,-6.544,1,0.0331,0.0533,0.000328,0.325,0.643,143.395,4
TRGEEXZ128F427D87C,Mr. Maker,The Kooks,https://p.scdn.co/mp3-preview/a158a43184a73295b820d0ff55e461b3acbb0b90?cid=774b29d4f13844c495f206cafdad9c86,0Rkd4LJvOloeSl19yKAozJ,"rock, alternative, indie, indie_rock, british, britpop",Rock,2008,180880,0.512,0.835,11,-5.377,0,0.0591,0.0312,0.0,0.138,0.813,155.732,4
TRVUGOX128E0784629,Don't Cry (original),Guns N' Roses,https://p.scdn.co/mp3-preview/a6995c83d49695993e32fd434b7a67813782fee0?cid=774b29d4f13844c495f206cafdad9c86,0uFfoTnmDD9K03PH1jiZOJ,"rock, metal, classic_rock, hard_rock, 80s, 90s, love",Rock,2004,284093,0.446,0.655,11,-7.439,1,0.0335,0.00294,0.00348,0.0978,0.3,124.63,4
TRATHTH128F42BC347,Ragoo,Kings of Leon,https://p.scdn.co/mp3-preview/b0c4d00c0cebe181702b33ba4428fb5a6b26d2e0?cid=774b29d4f13844c495f206cafdad9c86,01BmduYsgEwoqkFpDo8tao,"rock, alternative, indie, alternative_rock, indie_rock",Rock,2007,181133,0.743,0.746,2,-6.411,1,0.0325,0.0433,2.5e-06,0.0889,0.74,101.982,4
TRUIIPM128F147CBD2,The Call of Ktulu,Metallica,https://p.scdn.co/mp3-preview/8eb4de651310c5ebbafe34252bfdb0b5ed410898?cid=774b29d4f13844c495f206cafdad9c86,1VG3bGpefcZtcdKAzCxI88,"rock, metal, instrumental, 80s, heavy_metal, thrash_metal",,1984,535213,0.317,0.795,9,-13.637,0,0.0786,0.0816,0.787,0.197,0.182,138.612,4
TRAKCYN12903CBB8A3,I Can Change,LCD Soundsystem,https://p.scdn.co/mp3-preview/c15adfdeb9c3a5a1829bbe67213f031f0c8e2755?cid=774b29d4f13844c495f206cafdad9c86,0cDOYfzRWcEIFHpjcXbhZO,"rock, electronic, alternative, indie, pop, dance, electro",Electronic,2010,355813,0.645,0.728,1,-6.567,1,0.0287,0.00208,0.00151,0.237,0.678,116.982,4
TRIXLSF128F146A5DA,Magdalena,A Perfect Circle,https://p.scdn.co/mp3-preview/e0978c115c28224deda076ff1942d2e947de3130?cid=774b29d4f13844c495f206cafdad9c86,47HJ7biEuVZxoPkauczu2R,"rock, alternative, metal, alternative_rock, hard_rock, progressive_rock, progressive_metal",Rock,2000,246066,0.585,0.603,6,-7.152,1,0.0254,0.000234,0.891,0.201,0.212,102.364,4
TRORBHC128F42AD0F4,No Way Back,Foo Fighters,https://p.scdn.co/mp3-preview/301095e2d7d27fa99d01e909db43d2d12f06982f?cid=774b29d4f13844c495f206cafdad9c86,07eAcY1zNAlAkDRNWqAtrT,"rock, alternative, alternative_rock, hard_rock, grunge",Rock,2006,197173,0.255,0.957,9,-3.42,1,0.0678,1.07e-05,1.01e-05,0.406,0.552,186.475,4
TRRQYUZ128E078199C,There Goes The Fear,Doves,https://p.scdn.co/mp3-preview/1922c881f6d6206e33c1b36b99815b89dc3c1685?cid=774b29d4f13844c495f206cafdad9c86,1anc9YPA8OzyMz6T2g6I7M,"rock, alternative, indie, alternative_rock, indie_rock, british, soundtrack, 00s, britpop",Rock,2009,415493,0.501,0.976,5,-4.471,1,0.0551,9.24e-05,0.0626,0.035,0.482,109.994,4
TRCQJAX128F92C5A87,DLZ,TV on the Radio,https://p.scdn.co/mp3-preview/28f5a90ae1f3001798464117519c6ad4e6dffc3f?cid=774b29d4f13844c495f206cafdad9c86,3GQmoKZvsd2P3G5OJLAZCp,"rock, electronic, alternative, indie, experimental, indie_rock, trip_hop, beautiful, 00s",Rock,2008,228706,0.51,0.872,8,-3.985,0,0.0414,0.0298,0.00159,0.106,0.602,175.994,4
TRRSOAF128F1471500,All We Know,Paramore,https://p.scdn.co/mp3-preview/f8a151c4aef46e5149c0c9b2787995e35763e2c1?cid=774b29d4f13844c495f206cafdad9c86,4chdIr2d5FwtO0vmie4lA4,"rock, alternative, indie, female_vocalists, alternative_rock, punk, emo, pop_rock",,2005,193573,0.496,0.906,7,-3.366,1,0.0705,0.00161,0.0,0.151,0.367,159.878,4
TRPBCPV128F9302770,Rosenrot,Rammstein,https://p.scdn.co/mp3-preview/ef6d57042abf534e0db0e605b78ee3db400a679a?cid=774b29d4f13844c495f206cafdad9c86,2OylSOdymmihWTqRYu5YnQ,"rock, metal, industrial, german",,2011,232666,0.596,0.626,8,-6.457,1,0.0269,0.0015,0.208,0.117,0.162,114.055,4
TROHHFF12903CC6E0D,Skeletons,Yeah Yeah Yeahs,https://p.scdn.co/mp3-preview/8c6cda826d4a2049ba87cfa6c961994379ea0f98?cid=774b29d4f13844c495f206cafdad9c86,1ZkmBRSgelHhKgGLRUUWWF,"rock, electronic, alternative, indie, female_vocalists, indie_rock, beautiful, 00s",,2009,302160,0.234,0.584,7,-8.187,1,0.0338,0.00217,0.407,0.36,0.0393,95.858,4
TRKJTFB128F14A8958,Black Wave/Bad Vibrations,Arcade Fire,https://p.scdn.co/mp3-preview/2b0f41753f618e94964685bc6187e8f69a6be209?cid=774b29d4f13844c495f206cafdad9c86,05oK0zROR8GnZGyWMcO8xU,"rock, alternative, indie, alternative_rock, experimental, indie_rock",Rock,2007,237506,0.274,0.774,0,-7.504,0,0.0404,0.00452,0.684,0.0924,0.144,121.124,4
TRWIKPM128F931F1D2,If It Means a Lot to You,A Day to Remember,https://p.scdn.co/mp3-preview/a5580ebdac0d1871ab42a917884f6d6eef393b04?cid=774b29d4f13844c495f206cafdad9c86,0PMgaQFz7F8gvbLJheLXPj,"rock, acoustic, post_hardcore",Rock,2009,243226,0.584,0.536,10,-8.158,1,0.0279,0.112,0.0,0.456,0.44,126.996,4
TRXOGKS128F14681EE,Charmless Man,Blur,https://p.scdn.co/mp3-preview/4b3b00f654a852ffb8edeec99fbc27fb721c1194?cid=774b29d4f13844c495f206cafdad9c86,1lYOlG9ZNtz5p3eSgnMn0Z,"rock, alternative, indie, pop, alternative_rock, indie_rock, british, 90s, britpop",Rock,2000,213600,0.523,0.891,9,-6.092,1,0.0425,0.00608,0.0,0.0538,0.791,116.601,4
TRCPRQS128F147A5E1,Your Guardian Angel,The Red Jumpsuit Apparatus,https://p.scdn.co/mp3-preview/9869ad4d7535b55fd184d089d8d468542cbbe518?cid=774b29d4f13844c495f206cafdad9c86,2Guz1b911CbpG8L92cnglI,"rock, alternative, alternative_rock, punk, acoustic, emo, love, beautiful, screamo",Rock,2006,229234,0.29,0.48,5,-6.583,1,0.0296,0.116,3.03e-06,0.626,0.382,112.62,4
TRLZQUS128F92E58B3,Long Nights,Eddie Vedder,https://p.scdn.co/mp3-preview/223f33a86bea68eb4414d19fd5753a4d03f514d7?cid=774b29d4f13844c495f206cafdad9c86,05f4MrGWAKTNSXZtMC217J,"rock, alternative, folk, singer_songwriter, soundtrack, acoustic, male_vocalists, grunge",Rock,2007,151773,0.461,0.31,5,-13.052,1,0.0306,0.683,0.00331,0.168,0.0956,109.133,4
TRFTTMD128F93112C3,In the Flowers,Animal Collective,https://p.scdn.co/mp3-preview/1ca7501fc66e0a05f42e3c1e7d027f630852c0cb?cid=774b29d4f13844c495f206cafdad9c86,06tgwAKMMkKkAB1Apr9JmA,"rock, alternative, indie, experimental, folk, psychedelic, post_rock, american, beautiful, psychedelic_rock, 00s, noise, avant_garde",Rock,2009,322026,0.225,0.757,0,-8.148,1,0.0882,0.0794,0.0842,0.386,0.516,110.867,3
TRPAHRZ128F427EC71,Dance Hall,Modest Mouse,https://p.scdn.co/mp3-preview/145462335c6718692dd1ed62b3ef9638109926a1?cid=774b29d4f13844c495f206cafdad9c86,0zxGJt23hlShJ4d5jgPzlF,"rock, alternative, indie, alternative_rock, experimental, punk, indie_rock, indie_pop",Rock,2004,177066,0.407,0.935,11,-4.422,0,0.0492,0.00536,0.0391,0.674,0.659,187.06,4
TRLIDNT128F930327C,Dull Life,Yeah Yeah Yeahs,https://p.scdn.co/mp3-preview/83f01f361cfa04b48dc3a22ded9211bee90b8a68?cid=774b29d4f13844c495f206cafdad9c86,1pvlznzPWn4XiPzQzrrdIU,"rock, alternative, indie, female_vocalists, alternative_rock, indie_rock, american, 00s",Rock,2009,248386,0.386,0.907,11,-3.74,0,0.037,0.0612,0.000269,0.088,0.207,106.972,4
TRZFXSA128F93073BE,The Unforgiven III,Metallica,https://p.scdn.co/mp3-preview/ed47b4767cf9f0a9b715c79f71ff8f32b649ce4a?cid=774b29d4f13844c495f206cafdad9c86,0qbV4e18lWrTTxlswVoLbI,"rock, metal, hard_rock, heavy_metal, thrash_metal",Metal,2008,466586,0.297,0.692,4,-5.625,0,0.0344,0.00196,3.75e-06,0.115,0.103,121.52,4
TRDYMST12903CCD314,The Go Getter,The Black Keys,https://p.scdn.co/mp3-preview/2f3c963d1471a7897e685e1ab5a9ef65c52eef3b?cid=774b29d4f13844c495f206cafdad9c86,0lr5ANCQv4HDe9IES94LvQ,"rock, indie_rock, blues, blues_rock",,2010,216946,0.637,0.717,1,-7.181,1,0.0682,0.165,0.000768,0.0786,0.736,160.129,4
TRFUCYR128F92DC67F,California Waiting,Kings of Leon,https://p.scdn.co/mp3-preview/83cf2e57ec31237d14530a68e55edf0dffc30725?cid=774b29d4f13844c495f206cafdad9c86,0txCPGqVRdntoHGc1ZcF6t,"rock, alternative, indie, alternative_rock, indie_rock, 00s",,2003,208840,0.544,0.869,2,-4.079,1,0.0352,0.00639,7.12e-05,0.359,0.558,148.857,4
TRXWAZC128F9314B3E,Heartbreak Warfare,John Mayer,https://p.scdn.co/mp3-preview/fec54783c7f773f24a8df555949f6a1f5b5637ae?cid=774b29d4f13844c495f206cafdad9c86,0naTARZScsZOtx3nlhlq0Y,"rock, alternative, indie, pop, singer_songwriter, blues, acoustic, american, male_vocalists, love, beautiful, pop_rock, chill",Rock,2010,263280,0.626,0.572,2,-7.989,1,0.0228,0.197,0.000497,0.272,0.297,97.081,4
TRNWXNV128F427EC79,Black Cadillacs,Modest Mouse,https://p.scdn.co/mp3-preview/13f436de5768db951676bb10f65a727cd77e8999?cid=774b29d4f13844c495f206cafdad9c86,0UhIdavKe4EQSJCTPd6wQa,"rock, alternative, indie, alternative_rock, indie_rock",Rock,2004,163426,0.654,0.786,0,-4.697,1,0.0879,0.132,0.0,0.0756,0.806,120.097,4
TRPTTRV128F429EB30,Public Pervert,Interpol,https://p.scdn.co/mp3-preview/b5d185a13b96421abd6eda7cbbb0d6480d58809c?cid=774b29d4f13844c495f206cafdad9c86,0gzNstRTXPBiOv5mY3QhQ4,"rock, alternative, indie, alternative_rock, indie_rock, post_punk",,2004,280080,0.318,0.813,5,-3.658,1,0.0344,0.000915,0.696,0.185,0.287,98.831,4
TRJFQQP128F146A5BF,Orestes,A Perfect Circle,https://p.scdn.co/mp3-preview/9dbe585bfb0c2847fffeb1da03878bad8ec3384c?cid=774b29d4f13844c495f206cafdad9c86,0LcUteU3bm5wOUC077ydc2,"rock, alternative, metal, alternative_rock, progressive_rock, progressive_metal, beautiful",Rock,2013,285893,0.452,0.848,6,-5.655,0,0.037,0.000257,0.0185,0.0787,0.277,148.202,3
TRYQBGS128F92F23B1,Neon Tiger,The Killers,https://p.scdn.co/mp3-preview/6e34bf94a775430837cde1a03e7a5d03cd407015?cid=774b29d4f13844c495f206cafdad9c86,0bOX5B8ENyGnu7ZbYm2iEJ,"rock, alternative, indie, pop, alternative_rock, indie_rock, 00s, pop_rock",,2008,184133,0.394,0.83,11,-5.494,1,0.032,0.045,0.0,0.378,0.44,173.877,4
TROKFZE12903CB636B,California English,Vampire Weekend,https://p.scdn.co/mp3-preview/7f00dce5f8103b3477620bab7ee080b3c62cc1c9?cid=774b29d4f13844c495f206cafdad9c86,0cFlrika7XOFWD2mMFLLkb,"rock, electronic, alternative, indie, pop, alternative_rock, indie_rock, american, indie_pop",Rock,2010,150240,0.608,0.643,0,-8.369,1,0.32,0.0845,4.42e-06,0.369,0.67,164.404,4
TRWNSYC128F145FC19,Click Click Boom,Saliva,https://p.scdn.co/mp3-preview/7fe2535879d01ed643756f2a73374f0b41fdc9ac?cid=774b29d4f13844c495f206cafdad9c86,039Ru13uFqgusXAQSZZF02,"rock, alternative, metal, alternative_rock, hard_rock, nu_metal",Rock,2002,252400,0.607,0.941,6,-2.955,1,0.0465,0.00312,0.000239,0.177,0.498,95.929,4
TROEGQQ12903CCD316,Unknown Brother,The Black Keys,https://p.scdn.co/mp3-preview/2c52cecfa386ee3e40f025a44f59281a2a9e7ba9?cid=774b29d4f13844c495f206cafdad9c86,0BQH5uHglCuHVImyCjOOHc,"rock, indie, indie_rock, soul, blues, blues_rock",,2010,239693,0.5,0.552,9,-7.888,1,0.0413,0.466,0.00221,0.108,0.209,83.81,4
TRUDQDT128F42811F1,In One Ear,Cage the Elephant,https://p.scdn.co/mp3-preview/88026c6fd3b6617c78d1528414359c3f53e7c8ae?cid=774b29d4f13844c495f206cafdad9c86,0f8MA1n2bvsg7eGvYZ4lhx,"rock, alternative, indie, alternative_rock, punk, indie_rock, punk_rock",Rock,2009,241320,0.326,0.948,1,-4.315,0,0.0606,0.000258,0.0,0.367,0.358,166.388,4
TRRLVXW128F42721B6,Can't Fight This Feeling,REO Speedwagon,https://p.scdn.co/mp3-preview/34107844d1c3f3947321f6a13efe2ce763e7a8a0?cid=774b29d4f13844c495f206cafdad9c86,020XImGrtMowzoqKBxH8Ml,"rock, pop, classic_rock, 80s, love",,2017,294773,0.408,0.48,9,-11.017,1,0.0266,0.155,1.82e-05,0.0877,0.19,156.344,4
TRDBTIY128F92FED4B,Glory Days,Bruce Springsteen,https://p.scdn.co/mp3-preview/35ec64feedad2fca5734ab76394156e49ca87c3b?cid=774b29d4f13844c495f206cafdad9c86,0aMmboyoBdcbE2O5YYF9lP,"rock, classic_rock, 80s",Pop,1973,255066,0.566,0.947,9,-6.547,1,0.0332,0.168,0.0,0.126,0.974,117.239,4
TRKSXNO128E07937C2,Outshined,Soundgarden,https://p.scdn.co/mp3-preview/e00369b936590cd78fa9ad531a1303e1de313cc4?cid=774b29d4f13844c495f206cafdad9c86,0MEvJkkyhAcckyWkVksbzI,"rock, alternative, alternative_rock, hard_rock, 90s, grunge",Rock,1991,310533,0.508,0.741,2,-9.437,0,0.0287,4.22e-05,0.016,0.177,0.58,95.066,1
TRYMOID128F4259A8F,Side,Travis,https://p.scdn.co/mp3-preview/bd63c465d06976536b3d3ebbb054dc1603df57a5?cid=774b29d4f13844c495f206cafdad9c86,0hYxSjVwQ50q1D39BHRUJz,"rock, alternative, indie, pop, alternative_rock, indie_rock, british, britpop",Rock,2001,236360,0.455,0.848,7,-5.242,0,0.0284,0.00043,7.03e-06,0.369,0.515,90.932,4
TRFXWSD128F93173BF,Gold Guns Girls,Metric,https://p.scdn.co/mp3-preview/9c70afe9beab081816f39b9e9be072d4484ec019?cid=774b29d4f13844c495f206cafdad9c86,0OLW6kOkKyfXLygcr0SwcB,"rock, alternative, indie, female_vocalists, indie_rock",Rock,2009,265972,0.502,0.357,9,-11.148,0,0.0289,0.924,0.0153,0.112,0.0993,146.858,4
TRNJDTT128F427D87E,Gap,The Kooks,https://p.scdn.co/mp3-preview/64fd4625e186287d28c748b0eb64012f9875e0c7?cid=774b29d4f13844c495f206cafdad9c86,0egYeISQ8ihu7g8ciYPj15,"rock, alternative, indie, indie_rock, british, britpop",Rock,2008,239960,0.377,0.718,3,-6.166,1,0.0364,0.042,0.0,0.0855,0.716,148.158,4
TRPEWCY128F427AAF4,My Friends Over You,New Found Glory,https://p.scdn.co/mp3-preview/2fd0e60cbdb878eb70475120f472f94020a90578?cid=774b29d4f13844c495f206cafdad9c86,048DAYuEulA3yUE39EcjNJ,"rock, alternative, pop, punk, punk_rock, emo, pop_rock",Rock,2002,220200,0.404,0.98,2,-4.038,1,0.107,0.000193,0.0,0.0742,0.433,177.793,4
TRHOEDB128F427A82E,Olympic Airways,Foals,https://p.scdn.co/mp3-preview/e173304ee2c7c7e1fdfb9f704a54947a283a97dd?cid=774b29d4f13844c495f206cafdad9c86,0n53SLNjbv6dOtrAVKohvp,"rock, electronic, alternative, indie, indie_rock, british",Rock,2008,252093,0.603,0.869,9,-7.167,0,0.0309,0.0443,0.737,0.286,0.795,138.944,4
TRRLGDR128F933A7C9,Injection,Rise Against,https://p.scdn.co/mp3-preview/686b16e6a91cb910df2897d8dfea965616a121ac?cid=774b29d4f13844c495f206cafdad9c86,0it4CBT8IGSbXv4ik5A7cN,"rock, punk, hardcore, punk_rock",Rock,2006,199213,0.42,0.995,8,-2.984,0,0.0769,0.000266,0.000429,0.0931,0.469,105.634,4
TRBYZSV128F42B023B,Chariot,Gavin DeGraw,https://p.scdn.co/mp3-preview/b93acb567317d6246b457f805cf2a4785d6ec60c?cid=774b29d4f13844c495f206cafdad9c86,07dTcPcexcWzxrNyAhVWnE,"rock, alternative, indie, pop, alternative_rock, singer_songwriter, soul, acoustic, piano, male_vocalists, love, pop_rock, chill",,2012,238760,0.269,0.74,7,-6.201,1,0.0505,0.0388,0.0,0.336,0.383,167.358,4
TRLNLYC128F422B8D2,Disposable Teens,Marilyn Manson,https://p.scdn.co/mp3-preview/5d463e03b90c3f7f972302583e241fb4ed864b7e?cid=774b29d4f13844c495f206cafdad9c86,0oDEiVFbhVWuftHTda3ZmP,"rock, alternative, metal, alternative_rock, hard_rock, industrial, gothic",,2004,184800,0.275,0.942,10,-4.79,1,0.0823,1.68e-05,0.0928,0.374,0.385,100.354,3
TRPAEKT128E07840C5,Slow Country,Gorillaz,https://p.scdn.co/mp3-preview/c99f42e74e07d13aa8f01775c448726f545a5ffe?cid=774b29d4f13844c495f206cafdad9c86,1Pms7iJKyl1Kxm8onA6yyz,"rock, electronic, alternative, pop, alternative_rock, british, chillout, hip_hop, trip_hop, 00s, chill",,2000,216466,0.635,0.647,9,-6.675,1,0.039,0.18,0.348,0.113,0.365,143.702,4
TRUNRBL128F92D92AC,Links 2 3 4,Rammstein,https://p.scdn.co/mp3-preview/f43685d153e8a8ed4352aac26187689ff59df760?cid=774b29d4f13844c495f206cafdad9c86,0HqDP0fbUUaHDJI1Ogp6OM,"rock, metal, industrial, german",,2011,220320,0.615,0.887,9,-5.277,1,0.0402,0.000141,0.298,0.694,0.618,130.105,4
TRLFTFC128E0780CEA,Taste in Men,Placebo,https://p.scdn.co/mp3-preview/3f0cf5cdb54d7b1cb69a1238d5b63bf1a3a184c0?cid=774b29d4f13844c495f206cafdad9c86,24edGtzvotH0TO8ZgZgNRy,"rock, electronic, alternative, indie, alternative_rock, indie_rock, british, britpop",Rock,2000,255000,0.391,0.887,0,-4.612,0,0.0597,0.00316,0.0556,0.0882,0.32,101.969,4
TREEZOU128F1452488,Shoplifters of the World Unite,The Smiths,https://p.scdn.co/mp3-preview/0129b0ba43969e88fe41c2309e5ce96d5ae75e43?cid=774b29d4f13844c495f206cafdad9c86,2RTdhmSgQXoZsXZlLQkzet,"rock, alternative, indie, pop, alternative_rock, 80s, british, new_wave, post_punk, indie_pop, britpop",Rock,1987,178720,0.446,0.633,2,-11.36,1,0.0503,0.191,0.00699,0.276,0.612,169.324,4
TRKMWHB128E078ED8A,God Is in the Radio,Queens of the Stone Age,https://p.scdn.co/mp3-preview/b6561d996d993d0ef8c6629fccb6e59fab14dafc?cid=774b29d4f13844c495f206cafdad9c86,1dVWz4VM5QkgzHLjFEKM4u,"rock, alternative, metal, alternative_rock, hard_rock, american, psychedelic_rock, 00s",Rock,2002,364924,0.521,0.686,1,-5.532,0,0.046,0.121,0.474,0.577,0.381,116.119,4
TRJNGBW128F930276C,Benzin,Rammstein,https://p.scdn.co/mp3-preview/b33cfd221a77af88312fb7ee280caf296979fb03?cid=774b29d4f13844c495f206cafdad9c86,026bYRudKD3AX37JNTzYLe,"rock, metal, hard_rock, heavy_metal, industrial, german",,2005,226000,0.547,0.945,7,-4.144,1,0.0652,0.00048,0.00302,0.0731,0.221,141.995,4
TRPFJPH128F427A71D,Psychotic Girl,The Black Keys,https://p.scdn.co/mp3-preview/3466100e8f4fa6ae9668a7a5de97a6eaa09b3000?cid=774b29d4f13844c495f206cafdad9c86,1c8u7nv8wJq4jJI2CHsZuu,"rock, indie, blues, mellow, blues_rock",,2008,250706,0.712,0.483,2,-8.604,0,0.0298,0.497,0.302,0.0668,0.545,162.147,4
TRYQMAY128F92E58AF,No Ceiling,Eddie Vedder,https://p.scdn.co/mp3-preview/dfb5b2c9bcf2257fc2f72447d877b259229339c8?cid=774b29d4f13844c495f206cafdad9c86,1BJ16GeqVvR737vuUSQjYD,"rock, alternative, folk, singer_songwriter, soundtrack, acoustic, grunge",Rock,2007,94053,0.728,0.652,3,-6.833,1,0.025,0.452,0.000248,0.0996,0.754,106.892,4
TRILOWN128F426080F,Underneath Your Clothes,Shakira,https://p.scdn.co/mp3-preview/6c5a56058ce04371cfe823a5d4c3557f45b026d2?cid=774b29d4f13844c495f206cafdad9c86,07qRl4PT2lA6O3KN40McLz,"rock, pop, female_vocalists, singer_songwriter, love, beautiful, 00s",Pop,2013,224893,0.707,0.585,8,-5.293,1,0.0298,0.691,0.0,0.103,0.407,82.784,4
TRDAYHC128F147878E,The Good Left Undone,Rise Against,https://p.scdn.co/mp3-preview/72bc7359184e2136e900b98b687ab3119766ab2e?cid=774b29d4f13844c495f206cafdad9c86,1dbB0D0hKc8pQtCyN14AZu,"rock, alternative, alternative_rock, punk, hardcore, punk_rock",Rock,2006,181440,0.288,0.978,1,-3.748,0,0.117,0.000374,1.04e-06,0.125,0.633,120.13,4
TRWBYQT128E0781140,Down by the Water,PJ Harvey,https://p.scdn.co/mp3-preview/ea01a807a7621aa2f9c831a7514b0fd1adf7d66e?cid=774b29d4f13844c495f206cafdad9c86,0KK0pChFVAfP6Bo10LSNJK,"rock, alternative, indie, female_vocalists, alternative_rock, indie_rock, singer_songwriter, british, 90s",Rock,1967,194893,0.616,0.792,9,-7.076,1,0.0347,0.00145,0.15,0.3,0.349,125.212,4
TRRZVKM128F14A94E3,Cemetry Gates,The Smiths,https://p.scdn.co/mp3-preview/1e247188c3ec5ca5225c13f8274bec678c8d6eba?cid=774b29d4f13844c495f206cafdad9c86,1Rki6GKyS6NqevcwLaP7iZ,"rock, alternative, indie, pop, alternative_rock, indie_rock, 80s, british, new_wave, post_punk, indie_pop, britpop",Rock,1986,159093,0.537,0.655,7,-12.356,1,0.0323,0.0978,0.0,0.128,0.667,105.232,4
TRGVIQD128F92D5C7D,Hollywood Whore,Papa Roach,https://p.scdn.co/mp3-preview/f9189857299bf5fa000ef4fae33ee44d47f1757e?cid=774b29d4f13844c495f206cafdad9c86,00uZgmHKPnsbwNu23ErGWf,"rock, alternative, alternative_rock, hard_rock, american, nu_metal",Rock,2009,234426,0.534,0.877,8,-4.591,1,0.0388,0.000898,5.64e-05,0.177,0.341,93.004,4
TRFFILL128F9304160,Girl's Not Grey,AFI,https://p.scdn.co/mp3-preview/9ec3acde4f6ad67f4f6de9175aebc2b4b7533527?cid=774b29d4f13844c495f206cafdad9c86,1i4VM3PDQSAvmuqGMNfmxL,"rock, alternative, alternative_rock, punk, punk_rock, emo",Rock,2004,190840,0.429,0.809,8,-8.268,0,0.0354,0.00991,0.000113,0.297,0.739,121.744,4
TRDJTYX128E0791989,You're Crazy,Guns N' Roses,https://p.scdn.co/mp3-preview/b0520a03201572ab79cf5ae6a94e7c08f93bf810?cid=774b29d4f13844c495f206cafdad9c86,01uElcFGme24xNqP5DuMHJ,"rock, metal, classic_rock, hard_rock, 80s, heavy_metal",,1987,197000,0.407,0.979,1,-7.191,1,0.107,0.0145,0.0172,0.39,0.25,122.093,4
TRUFTBY128F93450B8,Alejandro,Lady Gaga,https://p.scdn.co/mp3-preview/fc79c08bc9f46cca000a6c75ffe943f6399a7850?cid=774b29d4f13844c495f206cafdad9c86,0CXHrBetrvDx4PwBar1ZWj,"electronic, pop, female_vocalists, dance",Pop,2010,274800,0.626,0.8,11,-6.777,0,0.0435,0.000582,0.00114,0.374,0.353,98.995,4
TRNJLKP128F427CE28,Aerodynamic,Daft Punk,https://p.scdn.co/mp3-preview/0b465e3af69726333fa83664251f18c315147404?cid=774b29d4f13844c495f206cafdad9c86,168MSP7Cpz7uKGt5Qd9F16,"electronic, dance, house, techno, electro, french",Electronic,2001,207533,0.617,0.883,7,-9.07,1,0.0503,0.307,0.861,0.0907,0.126,122.87,4
TRPKQEL128E0795771,In the Waiting Line,Zero 7,https://p.scdn.co/mp3-preview/e8516e21fedeaae7815f0147e4c34e9250aecc55?cid=774b29d4f13844c495f206cafdad9c86,0eQ7lJMTDGw77K8xyXlTTe,"electronic, female_vocalists, ambient, chillout, trip_hop, downtempo, mellow, lounge, chill",,2014,270213,0.559,0.376,5,-11.893,1,0.0257,0.734,0.0225,0.118,0.418,79.004,4
TRPFKZM12903D11317,Basic Space,The xx,https://p.scdn.co/mp3-preview/55168b4cb7c6244c295e814c864f6663674d6841?cid=774b29d4f13844c495f206cafdad9c86,16NE62lzGmi6ehGTNVI659,"electronic, alternative, indie, british, chillout",Rock,2009,188120,0.94,0.208,9,-15.235,0,0.0853,0.21,0.085,0.105,0.148,115.872,4
TRVLPDN128E07889D1,Technologic,Daft Punk,https://p.scdn.co/mp3-preview/98082cb0bca21980e3c1d851c33a5e7ffd914c37?cid=774b29d4f13844c495f206cafdad9c86,0LSLM0zuWRkEYemF7JcfEE,"electronic, dance, house, techno, electro, french",Electronic,2005,284280,0.812,0.516,9,-6.963,1,0.224,0.000369,1.09e-05,0.0991,0.633,127.498,4
TRZALGW128F4296174,Nothing Better,The Postal Service,https://p.scdn.co/mp3-preview/0c2150cb6b8c5fe484a0d25e159ed88df92b0bd3?cid=774b29d4f13844c495f206cafdad9c86,5innFMtY3a7f2PvUZsfCWQ,"electronic, alternative, indie, pop, indie_rock, indie_pop, love",,2003,226613,0.704,0.674,2,-7.389,1,0.0308,0.175,0.0518,0.0978,0.698,134.981,4
TRDZVAX128F427C6FA,Untrust Us,Crystal Castles,https://p.scdn.co/mp3-preview/6bae07403e9fa207161e857f5e6825afadfc3372?cid=774b29d4f13844c495f206cafdad9c86,10SYLtqP6Z9RG5otWbz4HK,"electronic, dance, electro, synthpop",Electronic,2008,189253,0.611,0.811,2,-5.353,1,0.0281,0.038,0.202,0.088,0.206,125.922,4
TRAQVTO128F14696A6,Da Funk,Daft Punk,https://p.scdn.co/mp3-preview/b17c3e133675a0a5e387b323f68daa5a37ffd66b?cid=774b29d4f13844c495f206cafdad9c86,0MyY4WcN7DIfbSmp5yej5z,"electronic, dance, 90s, funk, house, techno, electro, french",Electronic,1997,328680,0.806,0.7,0,-5.269,0,0.0752,0.00196,0.891,0.267,0.892,111.215,4
TRDARWL128F42ACD10,Risingson,Massive Attack,https://p.scdn.co/mp3-preview/f8fb41803f2728cf2b04d65537b6b138e7ed9d85?cid=774b29d4f13844c495f206cafdad9c86,4kpWd1JxBuBAHElUL01XQ1,"electronic, chillout, trip_hop, downtempo",Electronic,1998,300133,0.522,0.889,10,-6.789,0,0.104,0.0251,0.619,0.0589,0.281,164.031,4
TRXGIBZ128F427CE2B,Crescendolls,Daft Punk,https://p.scdn.co/mp3-preview/fee6c10c066c9c0082d933f38b9c0df538268ea3?cid=774b29d4f13844c495f206cafdad9c86,3oLY5Pw90sbN7VdxHmISWL,"electronic, dance, house, techno, electro, french",Electronic,2001,211640,0.703,0.755,5,-8.474,0,0.0751,0.00386,0.889,0.0865,0.943,124.054,4
TROSBSJ128F427CE2C,Nightvision,Daft Punk,https://p.scdn.co/mp3-preview/85079b86f79e7633be355f9bdf3457d1dcd506cf?cid=774b29d4f13844c495f206cafdad9c86,63JXZZRbmzooashakb0zbu,"electronic, ambient, instrumental, chillout, house, electro, downtempo, french, mellow, lounge, chill",Electronic,2001,104466,0.491,0.186,0,-29.512,1,0.0321,0.845,0.916,0.109,0.457,119.883,4
TRRPSDS128E078A338,It Could Be Sweet,Portishead,https://p.scdn.co/mp3-preview/2d7ad1000d03250fdab013eb20c5f34cc874b6a7?cid=774b29d4f13844c495f206cafdad9c86,1cpnpMvnvmdy3hzYgd5oo9,"electronic, female_vocalists, chillout, trip_hop, downtempo, chill",Electronic,1994,257160,0.668,0.52,9,-11.098,1,0.0444,0.698,0.0165,0.13,0.556,153.963,4
TRTIMWD128F427CE31,Veridis Quo,Daft Punk,https://p.scdn.co/mp3-preview/9b0e7ed1306cba5da22f4b963510b4c030567206?cid=774b29d4f13844c495f206cafdad9c86,28qpFPkwKQWFeSw2Le6aoV,"electronic, ambient, instrumental, dance, chillout, house, techno, electro, downtempo, french",Electronic,2001,344893,0.607,0.689,9,-13.905,0,0.0441,0.455,0.938,0.116,0.118,106.894,4
TRFUYPH128F429617B,Brand New Colony,The Postal Service,https://p.scdn.co/mp3-preview/d4501a0e0a49b02472808420093c4d296b95e321?cid=774b29d4f13844c495f206cafdad9c86,1nn1woyfTwrNbVzo1eZz3B,"electronic, alternative, indie, electro, indie_pop, love, chill",,2003,252760,0.689,0.572,0,-7.563,1,0.0556,0.0376,0.0227,0.365,0.295,87.49,4
TREJTYD128F4261B09,Starálfur,Sigur Rós,https://p.scdn.co/mp3-preview/663d690c86c400349a7f74ae94b4f0687d93776d?cid=774b29d4f13844c495f206cafdad9c86,0uXXTmRXrLrgBRZVqYioqc,"electronic, alternative, indie, ambient, experimental, chillout, post_rock, beautiful, mellow",,2000,406266,0.189,0.429,3,-9.302,1,0.0373,0.496,0.878,0.268,0.106,137.27,4
TRPTVTR128F93450C6,"Beautiful, Dirty, Rich",Lady Gaga,https://p.scdn.co/mp3-preview/cd521b73d974cbe65f4329767eac5abb4325057d?cid=774b29d4f13844c495f206cafdad9c86,01GNnz7Vafct8jdlxH6zyP,"electronic, pop, female_vocalists, dance",Pop,2009,172440,0.791,0.903,2,-5.258,1,0.163,0.0186,0.0509,0.288,0.674,120.075,4
TRISTWT128F1488FBB,High Life,Daft Punk,https://p.scdn.co/mp3-preview/3f20f5c316447f6e20715af9521185d73d6d0305?cid=774b29d4f13844c495f206cafdad9c86,098ttCNmncrO4YvqWUNMvn,"electronic, dance, house, techno, electro, french",Electronic,2001,201800,0.653,0.869,8,-9.393,1,0.217,0.00435,0.413,0.334,0.515,125.207,4
TRZHHIV128F1489172,Alone in Kyoto,Air,https://p.scdn.co/mp3-preview/c82726e70bfe4915a3c6ab8a5e856d78923c11db?cid=774b29d4f13844c495f206cafdad9c86,1tgMPxRJY6bVEb2U0X6Nn0,"electronic, ambient, instrumental, chillout, soundtrack, downtempo, french, mellow, chill",,2017,291000,0.525,0.366,0,-16.488,1,0.0718,0.958,0.751,0.137,0.0785,179.956,4
TRRZPVV128F4292225,The Rip,Portishead,https://p.scdn.co/mp3-preview/7776f3cfd4c92a5de107fe8d6349569f7b92cda2?cid=774b29d4f13844c495f206cafdad9c86,1hlbNziKcmiVIR8Y53cwyg,"electronic, alternative, female_vocalists, chillout, trip_hop, beautiful",Electronic,2008,270946,0.471,0.484,9,-9.414,0,0.0317,0.925,0.499,0.0987,0.236,74.982,4
TRIAGDA128F4296176,Recycled Air,The Postal Service,https://p.scdn.co/mp3-preview/e3dd3d113938f8b6be989fd96cf377ee9e522ed6?cid=774b29d4f13844c495f206cafdad9c86,0k0UEpGDB2xmVKvrS6Trjp,"electronic, alternative, indie, chillout, indie_pop, mellow, chill",,2003,269453,0.674,0.723,3,-7.374,1,0.0354,0.215,0.532,0.143,0.435,99.957,4
TRVXCWD128F42606B3,Someone Great,LCD Soundsystem,https://p.scdn.co/mp3-preview/8cd01b585be5903f2a9b5740b59ecb3bd9333272?cid=774b29d4f13844c495f206cafdad9c86,1AwKnzzOOJa6iEbcSyCWCk,"electronic, alternative, indie, dance, electro",Electronic,2007,390013,0.722,0.894,7,-5.903,1,0.0325,0.0418,0.00374,0.11,0.396,113.003,4
TRBJSEW128F42969A1,Tessellate,alt-J,https://p.scdn.co/mp3-preview/37dd61d36b55399d718615119f60124443ce559b?cid=774b29d4f13844c495f206cafdad9c86,0CZzQbCqy5TiW5U7LTRFwh,"electronic, alternative, indie, indie_rock, british, indie_pop",Rock,2012,180706,0.716,0.469,2,-10.033,1,0.0484,0.358,0.0678,0.125,0.498,116.953,4
TRTJQLR128E0788AED,Playground Love,Air,https://p.scdn.co/mp3-preview/52f79ceea7396c3b353c6ebdea6c12a7bb311c90?cid=774b29d4f13844c495f206cafdad9c86,0SSy8ynEFSezynDP8Jr4hv,"electronic, ambient, chillout, soundtrack, trip_hop, downtempo, love, beautiful, french, mellow, lounge, chill",Electronic,2004,210946,0.346,0.385,7,-11.771,0,0.0288,0.233,0.788,0.324,0.14,142.997,4
TRCVSCB128F425BD4A,Vanished,Crystal Castles,https://p.scdn.co/mp3-preview/1b57835704f914196bcfdc328ebc1c9cee6c13bd?cid=774b29d4f13844c495f206cafdad9c86,0AEB5IhgCxr4Nt8L5CrRBX,"electronic, indie, dance, electro, synthpop",Electronic,2008,242546,0.683,0.87,0,-7.197,0,0.028,0.00441,9.82e-05,0.264,0.519,119.983,4
TRBHUYM128E07989DB,Sæglópur,Sigur Rós,https://p.scdn.co/mp3-preview/6ed037cf5324f533eae718c161c57ccaa9b4e42e?cid=774b29d4f13844c495f206cafdad9c86,23gvOOyvzeKNvKdwj34jT3,"electronic, alternative, indie, ambient, experimental, chillout, post_rock, beautiful, mellow",,2005,458960,0.307,0.484,9,-7.936,1,0.0292,0.0433,0.792,0.479,0.0735,101.121,4
TRKFBPS128F429617A,This Place Is a Prison,The Postal Service,https://p.scdn.co/mp3-preview/dc65bcd9f50841eb79936dd5b8b48d4fec4ed1c9?cid=774b29d4f13844c495f206cafdad9c86,0auLClxf1LOyVrLJuH5YpB,"electronic, alternative, indie, indie_rock, chillout, indie_pop, emo, mellow, chill",,2003,234386,0.517,0.539,0,-10.148,1,0.0345,0.462,0.639,0.0702,0.318,129.0,3
TRRLMBZ128F42BA561,Human Behaviour,Björk,https://p.scdn.co/mp3-preview/1487f7ee4d8ded034d5c885b0b908b8cc014f2d6?cid=774b29d4f13844c495f206cafdad9c86,0P3hC40swuxaf3CH1LMozO,"electronic, alternative, indie, pop, female_vocalists, experimental, 90s, trip_hop",Rock,1993,252400,0.688,0.638,7,-14.671,1,0.0364,0.0387,0.0242,0.103,0.549,109.459,4
TRNPKRK128F429831C,DVNO,Justice,https://p.scdn.co/mp3-preview/fa3eda7001edd4b8b744b50375de6e41f352966d?cid=774b29d4f13844c495f206cafdad9c86,1BbmGK2LS6tCWKaYbwF4LO,"electronic, dance, house, electro, french",Electronic,2007,236546,0.66,0.924,8,-3.908,1,0.302,0.0105,0.000653,0.262,0.672,119.877,4
TRQOYUE12903CD7EC5,Feel It All Around,Washed Out,https://p.scdn.co/mp3-preview/a91c56e62f94bc1993b80dddd45be94a8be23bc5?cid=774b29d4f13844c495f206cafdad9c86,0BJTbkmrB2Y4E9M8qVzbYZ,"electronic, indie, chillout, mellow, chill",,2010,192080,0.34,0.737,8,-4.681,1,0.0582,0.000105,0.762,0.0699,0.499,172.022,4
TRQMAJC128F4285821,Karmacoma,Massive Attack,https://p.scdn.co/mp3-preview/754c343793f89fcfb15eed0948a69deede3cb8d1?cid=774b29d4f13844c495f206cafdad9c86,24GbsxKy50E7Zm3mKFTqcW,"electronic, chillout, trip_hop, downtempo",Electronic,1998,318893,0.798,0.593,11,-12.44,1,0.215,0.00423,0.181,0.224,0.67,141.063,4
TRFOCFY128E07989DD,Gong,Sigur Rós,https://p.scdn.co/mp3-preview/d070acba357a00b7fe3f6ab2990fb646b9775804?cid=774b29d4f13844c495f206cafdad9c86,1ZjQgM7HHjv5EjE05dOEMq,"electronic, alternative, indie, ambient, experimental, chillout, post_rock, beautiful",,2005,334333,0.362,0.689,6,-5.18,0,0.0334,0.106,0.577,0.101,0.112,102.665,4
TRMFITQ128F425DC36,Pass This On,The Knife,https://p.scdn.co/mp3-preview/d18b9456ac7006d0c9e3f6ce41a59b9f8aaeddfd?cid=774b29d4f13844c495f206cafdad9c86,0nPybnv0enLfaxIbRMBGTk,"electronic, indie, female_vocalists, dance, electro, synthpop, swedish",Electronic,2003,228040,0.745,0.833,7,-5.884,0,0.0299,0.0274,0.000522,0.0785,0.687,129.961,4
TRQEBRP12903CADD6C,Sky Might Fall,Kid Cudi,https://p.scdn.co/mp3-preview/464e0eefdb78e9b86eac55c5d9ea4556365ba253?cid=774b29d4f13844c495f206cafdad9c86,2Pq2jkcG80UOshPWyAV9gG,"electronic, rap, hip_hop, chill",Rap,2009,220906,0.564,0.715,10,-7.654,0,0.15,0.243,0.127,0.244,0.355,194.277,4
TRXGHOC128F92EF9BA,Moth's Wings,Passion Pit,https://p.scdn.co/mp3-preview/0337a982640a3c3df85da049ee11c8e5c9d4c68c?cid=774b29d4f13844c495f206cafdad9c86,0fxY4FZ4JwM4UPjyytsVHS,"electronic, alternative, indie, pop, indie_pop",,2009,256320,0.525,0.723,11,-6.235,1,0.0284,0.00137,0.151,0.0754,0.153,121.02,4
TRBSBCX128F92DEF11,I Am Not a Robot,Marina & the Diamonds,https://p.scdn.co/mp3-preview/02599e0117284c965f52a7af20cf5911659701b7?cid=774b29d4f13844c495f206cafdad9c86,0f8AJ9aUHn4uCxHRs43gv6,"electronic, alternative, indie, pop, female_vocalists, singer_songwriter, british, indie_pop, beautiful",,2010,212906,0.668,0.502,2,-5.408,1,0.0272,0.574,0.0,0.201,0.475,119.991,4
TRLMRKD128F425DC3E,Silent Shout,The Knife,https://p.scdn.co/mp3-preview/bc629fa064cf87f9b2fc2fe8388e036171e92a84?cid=774b29d4f13844c495f206cafdad9c86,04EA1NZwhK42UUcKoUp69Q,"electronic, indie, dance, electro, synthpop, swedish",Electronic,2006,293640,0.598,0.706,2,-10.507,1,0.0392,0.107,0.907,0.114,0.373,128.568,4
TRCKQXC128F42796BF,Courtship Dating,Crystal Castles,https://p.scdn.co/mp3-preview/4bb7103d6de0457f91f37e4116b54bcc867119ef?cid=774b29d4f13844c495f206cafdad9c86,1MqTfbSz56yfmS7TixZXTq,"electronic, dance, new_wave, electro",Electronic,2008,212453,0.74,0.575,7,-6.829,1,0.0421,0.0137,0.263,0.0846,0.667,119.998,4
TRREXFC128F92EA27A,Goodnight and Go,Imogen Heap,https://p.scdn.co/mp3-preview/e48686baf94b9ff7fd2bbb5eca3d25716f5f3d87?cid=774b29d4f13844c495f206cafdad9c86,1iMLFBrFirYnXpJafIkbXu,"electronic, alternative, indie, pop, female_vocalists, singer_songwriter, british, chillout, trip_hop, indie_pop, love, mellow",,2005,231946,0.605,0.651,1,-9.566,1,0.0294,0.332,1.97e-05,0.112,0.497,109.951,4
TRSOHMN128F429388A,Propane Nightmares,Pendulum,https://p.scdn.co/mp3-preview/d4de256f8390bfa5dc12b45e1e0b178fdc9d5533?cid=774b29d4f13844c495f206cafdad9c86,0kigbEx1sw4PJsPvRvyXMO,"electronic, drum_and_bass",Electronic,2008,313866,0.363,0.964,7,-4.1,0,0.0843,0.000261,0.152,0.172,0.243,174.033,4
TRCTZRO128F1488FC1,Too Long,Daft Punk,https://p.scdn.co/mp3-preview/67c477800a27566cb8dc210b92b431f86ab2bf05?cid=774b29d4f13844c495f206cafdad9c86,397tKJiLLMJKFuB7QAaevj,"electronic, dance, chillout, house, techno, electro, french",,2001,600293,0.658,0.583,5,-10.165,0,0.294,0.00213,1.03e-06,0.191,0.518,126.9,4
TRSUSWW128F93463BF,Imma Be,Black Eyed Peas,https://p.scdn.co/mp3-preview/bb97ba1db66b37e2b7a0077c8f95bfafe740bc58?cid=774b29d4f13844c495f206cafdad9c86,04ZtcRoTGcEOscbdTYgmAN,"electronic, pop, dance, rap, hip_hop, rnb",Rap,2014,258120,0.654,0.539,5,-6.57,0,0.428,0.192,0.0,0.279,0.415,122.117,4
TRYFHOP128F92D5142,Warrior's Dance,The Prodigy,https://p.scdn.co/mp3-preview/e87b41dc1e6c06da4070041787d64f6ee3d2cb7e?cid=774b29d4f13844c495f206cafdad9c86,0c7Ku2JaVMyejkYLjwxucj,"electronic, dance",Electronic,2009,312960,0.579,0.989,5,-5.035,0,0.135,0.0128,0.794,0.73,0.0759,137.015,4
TRPXIWX128F429831F,One Minute to Midnight,Justice,https://p.scdn.co/mp3-preview/9eb7c1013e8adf82fc209f68ae74554b86d13703?cid=774b29d4f13844c495f206cafdad9c86,0PP7jG4L9spnpVPPIdKLGj,"electronic, instrumental, dance, house, techno, electro, french",Electronic,2007,220933,0.632,0.653,7,-7.384,1,0.214,0.0244,0.803,0.0943,0.353,121.971,4
TRXWBRB128F931C962,Summertime Clothes,Animal Collective,https://p.scdn.co/mp3-preview/01e51f7c0ae50f4686b7a294fd719f526f7a97d0?cid=774b29d4f13844c495f206cafdad9c86,12PoaLDJda3g9FZeH8rtEQ,"electronic, alternative, indie, experimental, indie_rock, psychedelic",,2009,270120,0.492,0.873,4,-5.512,1,0.093,0.00178,0.0,0.832,0.323,136.017,4
TRIHQIL128F427D553,Freestyler,Bomfunk MC's,https://p.scdn.co/mp3-preview/4db6ba8c0c41d7603cad795e522db9017dbb2ee3?cid=774b29d4f13844c495f206cafdad9c86,05mlF3Qgln61zfhm5Q5DsI,"electronic, dance, 90s, hip_hop, trance, techno",,2012,244773,0.833,0.965,4,-4.951,0,0.0857,0.0201,0.193,0.151,0.89,163.866,4
TRBQNCM12903CD8BA0,Watercolour,Pendulum,https://p.scdn.co/mp3-preview/c0a293623b81011e1743b182d7bc65935c6bcf59?cid=774b29d4f13844c495f206cafdad9c86,0AJ6UpbtuQe0Tm87BI4mXL,"electronic, drum_and_bass",Electronic,2011,206760,0.409,0.885,5,-5.196,0,0.0638,5.79e-05,0.0126,0.1,0.235,174.118,4
TRCZPQW128F429BBE8,In Space,Röyksopp,https://p.scdn.co/mp3-preview/c809d9962d4d45cf8546305afe9f60e9aef1d103?cid=774b29d4f13844c495f206cafdad9c86,2PNNewHFGBWSKFovoxkjBv,"electronic, ambient, instrumental, chillout, downtempo, lounge, chill",Electronic,2001,210933,0.654,0.61,3,-9.874,0,0.0421,0.627,0.839,0.0829,0.437,119.003,4
TRFUPBA128F934F7E1,Paper Gangsta,Lady Gaga,https://p.scdn.co/mp3-preview/5d27f0eb10363c13a3f71314b66891dfce4c313c?cid=774b29d4f13844c495f206cafdad9c86,079ZOccLpNsrEiKBaiTrqI,"electronic, pop, female_vocalists, dance, piano, electro",Pop,2012,260000,0.823,0.53,10,-9.344,0,0.0579,0.804,0.782,0.105,0.8,100.002,4
TRMCOJO128F9330F7C,RoboCop,Kanye West,https://p.scdn.co/mp3-preview/081dd6bad9ee127a5e84bdd178e65a369fd76b1c?cid=774b29d4f13844c495f206cafdad9c86,02LAK7qT1wya0klSeNO96f,"electronic, pop, dance, rap, hip_hop, rnb, 00s",,2008,274360,0.698,0.447,5,-8.04,0,0.102,0.157,0.00564,0.405,0.407,133.776,4
TRRSXCR128F42918AB,Knights,Crystal Castles,https://p.scdn.co/mp3-preview/060bc8436c3c74a7cc741eb87478d000a217f7fb?cid=774b29d4f13844c495f206cafdad9c86,0htdcZux0ztdXuze8Nd8J4,"electronic, dance, electro",Rock,2008,193693,0.604,0.608,8,-6.021,0,0.0344,1.09e-05,0.678,0.0933,0.736,111.932,4
TRUEGXP128F92F7E6D,Say You Will,Kanye West,https://p.scdn.co/mp3-preview/678748bdc65f94af4eba9888d3451f89ca12f90e?cid=774b29d4f13844c495f206cafdad9c86,1XBRL7wVos3nkRVi0d7NXx,"electronic, pop, dance, chillout, hip_hop, rnb, downtempo, 00s, chill",Rap,2008,377600,0.601,0.396,0,-10.168,0,0.03,0.562,0.158,0.108,0.352,172.558,4
TRORGHU128F931AD9B,Blue (Da Ba Dee),Eiffel 65,https://p.scdn.co/mp3-preview/6ee8cf3fc9a09831eb8538a7d696c89b3efb51d4?cid=774b29d4f13844c495f206cafdad9c86,042gmCZ3uYQ0LvWRbBSEgL,"electronic, pop, dance, 90s, techno",,2013,285106,0.794,0.991,7,-5.151,0,0.0451,0.173,0.00256,0.365,0.796,128.01,4
TRMYAYJ128F934D0AF,Until the Morning,Thievery Corporation,https://p.scdn.co/mp3-preview/3732c7475c8e72680adf87bb561de993d8b66c68?cid=774b29d4f13844c495f206cafdad9c86,20F3FcES8KU4kffMCkFgNN,"electronic, chillout, trip_hop, downtempo, lounge, chill",,2002,236960,0.6,0.432,4,-9.674,0,0.0499,0.191,0.0462,0.114,0.275,71.975,4
TRXPSPE128EF33FB50,"New York, I Love You But You're Bringing Me Down",LCD Soundsystem,https://p.scdn.co/mp3-preview/b56bee00df5746c0b47fde3281e42a3581e8cf66?cid=774b29d4f13844c495f206cafdad9c86,21wf4gPf1Bb3iicCDvcJTt,"electronic, alternative, indie, indie_rock, chillout, piano, 00s, mellow",Electronic,2013,335480,0.39,0.37,7,-8.288,0,0.0457,0.474,0.00013,0.115,0.0909,176.526,3
TRFOGKI128F4250E65,Marble House,The Knife,https://p.scdn.co/mp3-preview/beecddb64ae2369d98b769350d4a76c4c3caac4e?cid=774b29d4f13844c495f206cafdad9c86,055EKFFejwPIcx7dbYuWdr,"electronic, alternative, indie, female_vocalists, chillout, electro, synthpop, swedish",,2006,318973,0.456,0.643,0,-8.685,1,0.0351,0.00324,0.000617,0.331,0.253,179.58,4
TRPVNPN128F1488F1C,Alpha Beta Gaga,Air,https://p.scdn.co/mp3-preview/f17e6cdf990227535872a21416d7ae28aa846af9?cid=774b29d4f13844c495f206cafdad9c86,2sNGaLOMBIkyVFPsQqPQdW,"electronic, ambient, instrumental, chillout, trip_hop, downtempo, french, chill",Electronic,2004,279773,0.477,0.833,7,-8.271,1,0.0315,0.00226,0.848,0.171,0.555,169.968,4
TRJOZKO128E0798848,Uhn Tiss Uhn Tiss Uhn Tiss,Bloodhound Gang,https://p.scdn.co/mp3-preview/e115e51aeba3d09063ba71b371f03ea0185501ed?cid=774b29d4f13844c495f206cafdad9c86,09jBezYNF57NBMAp1uSKGn,"rock, electronic, alternative, pop, alternative_rock, punk, dance, techno",Rock,2005,260160,0.8,0.923,0,-8.963,0,0.0436,0.00987,0.486,0.0687,0.849,134.993,4
TRUXBJC12903CE44F7,It's Working,MGMT,https://p.scdn.co/mp3-preview/116c21b384689748c98569bffa153bf48191f106?cid=774b29d4f13844c495f206cafdad9c86,071pe4R2quopL8NfECCSD5,"electronic, alternative, indie, pop, alternative_rock, indie_rock, psychedelic, american, indie_pop, psychedelic_rock",,2010,246626,0.385,0.95,2,-3.952,1,0.0449,0.0511,0.00051,0.581,0.514,155.121,4
TRLLBYS12903CB653D,Pirate Jet,Gorillaz,https://p.scdn.co/mp3-preview/4cd88aac092cd8682d67936e5556f86e586c4a4b?cid=774b29d4f13844c495f206cafdad9c86,0LHbsdhTaEWAVAw6RiM2V2,"electronic, alternative, indie, pop, british, hip_hop, electro",Rock,2010,152453,0.664,0.576,10,-7.009,0,0.0368,0.0056,0.019,0.438,0.216,91.977,4
TRIYKRR128F92EF9BD,Eyes As Candles,Passion Pit,https://p.scdn.co/mp3-preview/aa0dad17d03bdec6c7db86a09c12f858295d6489?cid=774b29d4f13844c495f206cafdad9c86,20yhyaORW65RPQmJOGSpW8,"electronic, indie, pop, electro, indie_pop, beautiful",Rock,2009,243693,0.603,0.631,4,-5.336,0,0.042,0.0033,0.0,0.105,0.639,126.0,4
TRWSJPN12903CB2CC6,O.N.E.,Yeasayer,https://p.scdn.co/mp3-preview/08aaf6a72e8a1bf8b8bb566827b242eff7116f82?cid=774b29d4f13844c495f206cafdad9c86,0ASbTR0FGyevboGbDtIFv2,"electronic, alternative, indie, experimental, indie_rock, psychedelic, american",,2011,321013,0.603,0.936,7,-6.571,1,0.0447,0.00102,0.293,0.359,0.41,121.969,4
TREOKKU128F92EF8AB,Age of Consent,New Order,https://p.scdn.co/mp3-preview/835139a65be2caa329162352c86bc82d2a2ff65c?cid=774b29d4f13844c495f206cafdad9c86,0RlectrR6JR3wditqaT3Ln,"electronic, alternative, 80s, british, new_wave, post_punk",Rock,1992,320333,0.365,0.944,11,-8.61,0,0.0622,0.000583,0.00552,0.756,0.345,158.5,4
TRTQVKS128F92EF9BE,Swimming In The Flood,Passion Pit,https://p.scdn.co/mp3-preview/e6d099757941ad92a0a2b4bef6c93faac410f431?cid=774b29d4f13844c495f206cafdad9c86,05DuESMHFTuD2hzDOpi7EL,"electronic, indie, pop, chillout, indie_pop, downtempo, mellow",Electronic,2009,298613,0.554,0.78,0,-5.017,1,0.0297,0.00296,0.0014,0.601,0.442,98.012,4
TREFRXR128F149BC40,Music Is My Hot Hot Sex,Cansei de Ser Sexy,https://p.scdn.co/mp3-preview/b50c9a7f389c70a427461565a20aa612001029ce?cid=774b29d4f13844c495f206cafdad9c86,14xE814jOiQJiUQh2gB55S,"electronic, alternative, indie, pop, female_vocalists, indie_rock, dance, electro, 00s",,2006,187026,0.741,0.717,8,-5.578,0,0.0446,0.016,0.00128,0.0607,0.899,100.012,4
TRLTCOJ128F4271762,Let It Fall,Lykke Li,https://p.scdn.co/mp3-preview/954785f0607990f6845f12bea696170b8464909f?cid=774b29d4f13844c495f206cafdad9c86,2zJBxpYmEew1z916tZU78i,"electronic, alternative, indie, pop, female_vocalists, indie_pop, swedish",,2008,162200,0.952,0.445,9,-8.085,0,0.0444,0.161,0.0014,0.0584,0.775,106.004,4
TRUAWVL12903CD66D7,Splitting the Atom,Massive Attack,https://p.scdn.co/mp3-preview/878c6b7a419dacc75231937449d5013f1cbb1da3?cid=774b29d4f13844c495f206cafdad9c86,0A8J3lUcHNF33n3TYemjh8,"electronic, british, chillout, trip_hop, downtempo",Electronic,2010,316627,0.723,0.346,0,-9.809,0,0.0336,0.507,0.0363,0.105,0.574,100.05,4
TRLVQME128F931BAF3,Vanilla Twilight,Owl City,https://p.scdn.co/mp3-preview/8bb2f15207c2ee127b0c75b9ca26a3f8a2e12b8c?cid=774b29d4f13844c495f206cafdad9c86,0hXBVbr5QCF4TMoePUQN14,"electronic, indie, pop, love, beautiful, synthpop",,2014,230986,0.582,0.523,11,-8.166,1,0.0249,0.00875,0.0005,0.117,0.587,166.076,4
TRJISYX128F93112D5,Bluish,Animal Collective,https://p.scdn.co/mp3-preview/5cfe19bc3005802bc12af0c0f1aa2c04d9398708?cid=774b29d4f13844c495f206cafdad9c86,0UUOkEhI7De6onq3DprQvr,"electronic, alternative, indie, experimental, indie_rock, psychedelic, american, indie_pop, love, beautiful, 00s",,2009,313560,0.242,0.827,11,-6.338,0,0.112,0.000257,0.0271,0.12,0.452,88.537,4
TRPBUVE128F9301FEC,Take Your Mama,Scissor Sisters,https://p.scdn.co/mp3-preview/768b7f88776a27aa1706d5946647a3a6f73be8a2?cid=774b29d4f13844c495f206cafdad9c86,0LAfANg75hYiV1IAEP3vY6,"electronic, alternative, pop, dance, 00s",Pop,2004,271906,0.757,0.957,8,-4.617,1,0.106,0.209,2.29e-05,0.0624,0.933,153.944,4
TRMYZFA128F146DE4E,Rollin' & Scratchin',Daft Punk,https://p.scdn.co/mp3-preview/3b6b140e0b84d3c044d886acb31b9c0242779950?cid=774b29d4f13844c495f206cafdad9c86,3Wi8fiEg2RkoPaC3PGIQEv,"electronic, dance, 90s, house, techno, electro, french",,2006,448626,0.823,0.787,1,-4.862,1,0.0417,0.0011,0.639,0.0524,0.207,130.038,4
TROZRFR128E07912F4,Heresy,Nine Inch Nails,https://p.scdn.co/mp3-preview/d8e11dd8ea6b954339f2db98bcf7c3b44827214d?cid=774b29d4f13844c495f206cafdad9c86,0xVErSyw96YDLsjtNNpZJf,"electronic, alternative, alternative_rock, industrial, 90s",,1994,234253,0.538,0.902,5,-6.074,1,0.117,2.26e-05,0.0535,0.119,0.154,114.986,4
TRAZTIW12903CBB895,Drunk Girls,LCD Soundsystem,https://p.scdn.co/mp3-preview/b60356cf51719f06a52df5bff3060e7a3915ea7b?cid=774b29d4f13844c495f206cafdad9c86,02QsoPGEdlOFwUfwwOVaKE,"rock, electronic, alternative, indie, punk, dance, electro, male_vocalists",,2010,219466,0.495,0.958,9,-3.809,1,0.073,3.51e-05,0.00255,0.145,0.397,144.033,4
TRRBBOH128F92F99E8,Tigerlily,La Roux,https://p.scdn.co/mp3-preview/ac4eed399cef2f298e4dedb5c179d56ccddc3942?cid=774b29d4f13844c495f206cafdad9c86,1WGQaObMCisGMk287bpjkW,"electronic, indie, pop, female_vocalists, dance, british, electro, synthpop",,2009,204226,0.688,0.934,1,-2.282,0,0.0533,0.0343,4.84e-06,0.0932,0.86,142.009,4
TRLETMI128E078A47F,XO,Beyoncé,https://p.scdn.co/mp3-preview/df9b5efc4577e9ef65491b5a3f74f3cf428297d3?cid=774b29d4f13844c495f206cafdad9c86,04cxAqa9ZgLwvEskosNVsB,"electronic, pop, female_vocalists, american, rnb, love, beautiful",Rock,2013,215946,0.47,0.792,0,-8.932,1,0.26,0.171,1.28e-06,0.313,0.214,170.085,4
TRCFOSH128E07938D5,A Warm Place,Nine Inch Nails,https://p.scdn.co/mp3-preview/9e8565068a1a7dfc6fe940ebc942f1dc1635cd30?cid=774b29d4f13844c495f206cafdad9c86,0AGqXceSxxjhEBTcldpaP8,"electronic, ambient, instrumental, industrial, 90s, beautiful",,1994,202306,0.274,0.122,0,-28.38,0,0.0349,0.736,0.838,0.113,0.0683,139.652,4
TRXUUPR128F92CFF0A,Born Slippy,Underworld,https://p.scdn.co/mp3-preview/30a6a0de9d3c2f44df1768fae9239f4f2e23f42a?cid=774b29d4f13844c495f206cafdad9c86,1nixqSAK4DTs9sE4h1ffAX,"electronic, dance, british, soundtrack, 90s, trance, techno, electro",,2010,697933,0.613,0.933,1,-9.446,0,0.0367,0.000118,0.602,0.118,0.388,140.075,4
TRNRHIX128F930328C,Dragon Queen,Yeah Yeah Yeahs,https://p.scdn.co/mp3-preview/210f38cc0d5af37a507e80a2e1bbd68da9e3b844?cid=774b29d4f13844c495f206cafdad9c86,0liezFGL7ubAnlgXA61x4M,"rock, electronic, indie, female_vocalists, indie_rock, dance, new_wave, 00s",Rock,2009,242080,0.633,0.874,4,-5.529,0,0.0253,0.000158,0.0838,0.533,0.492,105.003,4
TRLSFRS128F4285827,Sly,Massive Attack,https://p.scdn.co/mp3-preview/0596f8443f29b51d23d56f44bf3681c3b81cfd4f?cid=774b29d4f13844c495f206cafdad9c86,1k1utJTqGvTmB7DbBVoBxi,"electronic, chillout, trip_hop, downtempo, lounge",Electronic,1998,328800,0.603,0.332,11,-14.89,0,0.0285,0.00574,0.489,0.348,0.284,90.04,4
TRUVWMG128F427A833,Big Big Love (Fig. 2),Foals,https://p.scdn.co/mp3-preview/92bf3b370f86be62acd3650f5a21bd9436b59f8e?cid=774b29d4f13844c495f206cafdad9c86,18v9xBIRp7SYwEWoGrIkAD,"electronic, indie, ambient, indie_rock, british, love",Rock,2008,344706,0.362,0.922,2,-5.13,1,0.057,0.0513,0.0476,0.392,0.403,127.976,4
TRTVAMA128F932E02D,Song for No One,Miike Snow,https://p.scdn.co/mp3-preview/8ae370b67147600547f037dd50620e3d617bd91b?cid=774b29d4f13844c495f206cafdad9c86,15JHH5FBawCL7DmCcUxlUp,"electronic, indie, pop, swedish, chill",Rock,2009,248746,0.691,0.825,0,-6.536,1,0.0342,0.0103,0.088,0.186,0.592,113.956,4
TRJOYXD128F9311F09,Tear You Apart,She Wants Revenge,https://p.scdn.co/mp3-preview/f9ed0a7881c6646fd8fcdc553690043d9ff9eec5?cid=774b29d4f13844c495f206cafdad9c86,0SphXO1prVJZTaSo7IurIx,"electronic, alternative, indie, alternative_rock, indie_rock, dance, new_wave, post_punk, synthpop, gothic",,2005,284613,0.583,0.729,1,-6.645,0,0.0341,0.000522,1.47e-05,0.487,0.539,152.996,4
TRTMSPO128F427175E,Melodies & Desires,Lykke Li,https://p.scdn.co/mp3-preview/648ef7c1d4953eb53f7608732430288909dd2928?cid=774b29d4f13844c495f206cafdad9c86,29P1CSCbeT3vAetMbvNhZ7,"electronic, indie, pop, female_vocalists, ambient, chillout, indie_pop, swedish",,2008,232360,0.288,0.291,7,-13.493,1,0.0331,0.933,0.54,0.228,0.0706,123.856,4
TRUQKVX128E07813B2,Sound Check (Gravity),Gorillaz,https://p.scdn.co/mp3-preview/500ce6795e6cf4688ff4f1170642d04a43a49ea3?cid=774b29d4f13844c495f206cafdad9c86,0HpJb4Lstb9R6wlu2jUBoy,"electronic, alternative, indie, alternative_rock, british, chillout, hip_hop, trip_hop, 00s, chill",Rock,2001,282973,0.579,0.586,7,-9.318,1,0.174,0.247,0.134,0.0968,0.42,81.75,4
TRAIPEL128F931C2D1,Noctuary,Bonobo,https://p.scdn.co/mp3-preview/7977e4cb922d901c87708a9fdb4c33860fb19ba8?cid=774b29d4f13844c495f206cafdad9c86,1sVPnm3MQqQGaCUH1OO8NV,"electronic, ambient, instrumental, chillout, trip_hop, downtempo, lounge, chill",Electronic,2003,322373,0.667,0.299,7,-8.98,0,0.0392,0.751,0.839,0.204,0.382,90.016,4
TRMZCVW128F92FFE99,Röyksopp Forever,Röyksopp,https://p.scdn.co/mp3-preview/e226950a34041b18977fc30795a6f1d9daa21b47?cid=774b29d4f13844c495f206cafdad9c86,2Ps4gzRj3TS6gRFE464o92,"electronic, ambient, instrumental, chillout, downtempo",Electronic,2009,299920,0.454,0.782,9,-7.52,0,0.0395,0.00355,0.906,0.334,0.743,78.987,4
TRUWPMO128F92F89DC,I Feel Better,Hot Chip,https://p.scdn.co/mp3-preview/3cadfc9b3c26e2628126e26d21814a8d6e9562ee?cid=774b29d4f13844c495f206cafdad9c86,2683JuZWYvlAzs2N5Mfk7D,"electronic, indie, pop, british",Electronic,2010,280666,0.404,0.663,0,-5.312,0,0.0772,0.0165,0.0,0.0798,0.288,125.076,4
TRXELHV128F92F8762,Backstabber,Ke$ha,https://p.scdn.co/mp3-preview/907b74f90066cc8e1c646a9ade872361e2b890e2?cid=774b29d4f13844c495f206cafdad9c86,0i4FZGbveG4yG0HwsEJ26P,"electronic, pop, female_vocalists, dance",Pop,2010,186840,0.6,0.939,7,-1.794,1,0.189,0.0657,6.06e-06,0.336,0.83,159.928,4
TRXYEKR128E079654C,Otherwise,Morcheeba,https://p.scdn.co/mp3-preview/46e76040b88b0d1ec5232971cea6dc68bbb65428?cid=774b29d4f13844c495f206cafdad9c86,0NTSwjegwCGXjm5zMX12VW,"electronic, pop, female_vocalists, chillout, trip_hop, downtempo, chill",Electronic,2002,222839,0.69,0.529,2,-7.555,0,0.0313,0.276,5.32e-06,0.32,0.596,148.056,4
TRMELBC12903CE44FC,Someone's Missing,MGMT,https://p.scdn.co/mp3-preview/decd45cad5069689e59b82eaf746a0145b3552a5?cid=774b29d4f13844c495f206cafdad9c86,0T5PckcOMOCgG2MddgOmKM,"rock, electronic, indie, pop, alternative_rock, indie_rock, psychedelic, american, indie_pop, psychedelic_rock",,2010,149640,0.312,0.35,4,-7.74,1,0.034,0.585,0.0641,0.064,0.0718,79.631,4
TRJDWKM128E07817F1,Backdrifts,Radiohead,https://p.scdn.co/mp3-preview/a86bcafafcbe99a4b9c4bb47c802e66d52c545e9?cid=774b29d4f13844c495f206cafdad9c86,0BI0130CmnZRKy1AJRoeK0,"electronic, alternative, indie, alternative_rock, experimental, british, britpop, mellow, avant_garde",Rock,2003,322600,0.718,0.718,11,-10.06,1,0.0786,0.647,0.297,0.108,0.732,93.065,4
TRLKDKC128F92F99ED,Colourless Colour,La Roux,https://p.scdn.co/mp3-preview/9dd3d1be0d768905a83828a8a9baad1407eab3aa?cid=774b29d4f13844c495f206cafdad9c86,1H74uB750mBQxLdnsK6uuu,"electronic, indie, pop, female_vocalists, dance, british, new_wave, electro, synthpop",,2009,208080,0.752,0.78,7,-4.119,1,0.0299,0.00301,6.95e-06,0.183,0.428,127.023,4
TRBVSQT128F427A82F,Electric Bloom,Foals,https://p.scdn.co/mp3-preview/8134adec73cc561e4083201c6ea11c12a16a6f81?cid=774b29d4f13844c495f206cafdad9c86,0Igi1KjDF9puQRzWqm4pLG,"electronic, indie, indie_rock, dance, british, electro",Rock,2008,295840,0.641,0.842,11,-6.949,0,0.0315,0.00347,0.00037,0.232,0.699,124.972,4
TRNCDBJ12903CA5BCD,Everything You Do Is a Balloon,Boards of Canada,https://p.scdn.co/mp3-preview/23857b1b7c24b88730cedac08e3f5b3e661017fe?cid=774b29d4f13844c495f206cafdad9c86,4OO2lavE7yz5Ane6fEYXp3,"electronic, ambient, experimental, instrumental, chillout, downtempo, idm",Electronic,1996,423933,0.54,0.385,7,-13.819,0,0.0435,0.105,0.916,0.101,0.0875,91.041,4
TRXPJQB128EF33FB4D,Us v Them,LCD Soundsystem,https://p.scdn.co/mp3-preview/dc52eb78468e4383daadf7661f21afa8776b956c?cid=774b29d4f13844c495f206cafdad9c86,4qsDeFzSlGzhVp326gcLKX,"electronic, indie, punk, indie_rock, dance, electro",,2007,509733,0.72,0.914,7,-6.07,1,0.0462,0.00128,0.69,0.0761,0.716,132.469,4
TRWFJOB128F4298317,Newjack,Justice,https://p.scdn.co/mp3-preview/562be7afe1259f887076ccece817f464d2c03127?cid=774b29d4f13844c495f206cafdad9c86,0cqUj8EJpp8R2VyAFtIRmF,"electronic, dance, house, techno, electro, 00s, french",Electronic,2007,216880,0.625,0.856,11,-5.648,0,0.389,0.031,1.6e-06,0.337,0.735,114.626,4
TREXCHD128EF33FB4E,Watch the Tapes,LCD Soundsystem,https://p.scdn.co/mp3-preview/ab5c6dc28cc5b5abf632ab7f3f637a7f16c1a49f?cid=774b29d4f13844c495f206cafdad9c86,0HgQPjS8ktwwn5SqupN1QT,"electronic, indie, punk, indie_rock, dance, electro",Electronic,2010,235226,0.828,0.895,7,-5.528,1,0.0615,0.192,0.0122,0.432,0.972,153.024,4
TRQGHWL128EF33FB48,Get Innocuous!,LCD Soundsystem,https://p.scdn.co/mp3-preview/12fe01506b1dcf78687db5e0bce91889b7945558?cid=774b29d4f13844c495f206cafdad9c86,0Ct2XTT4UBt9Y196i0Ido2,"electronic, indie, dance, house, electro",Electronic,2007,431520,0.696,0.963,2,-6.625,0,0.0398,0.0105,0.857,0.0872,0.574,118.01,4
TRGCDKU128F1482021,I Don't Feel Like Dancin',Scissor Sisters,https://p.scdn.co/mp3-preview/44a27901738bffdd04a37adb0345f8ea24f2a741?cid=774b29d4f13844c495f206cafdad9c86,0fG7aMCDRgICGOVmTKVAg8,"electronic, pop, dance, 00s",Pop,2014,249386,0.713,0.922,7,-3.559,1,0.0285,0.0152,0.0,0.105,0.904,108.032,4
TRGQQFW128F93530D5,Koop Island Blues,Koop,https://p.scdn.co/mp3-preview/971b6a35b3e16054aa51e2aef814af4f90d61b8e?cid=774b29d4f13844c495f206cafdad9c86,08OgVusKtektOF0Hvk3wNC,"electronic, female_vocalists, jazz, chillout, downtempo, lounge",Jazz,2010,273225,0.561,0.594,10,-7.484,0,0.0325,0.627,0.0259,0.274,0.544,158.018,4
TROHCFR128F92DDDA9,Love,The Smashing Pumpkins,https://p.scdn.co/mp3-preview/502a581348b6957d494e246da815d1210c7abdc0?cid=774b29d4f13844c495f206cafdad9c86,1pqy5We6EVGJhrBFkquFwo,"rock, electronic, alternative, alternative_rock, 90s, american, love, grunge",Electronic,1995,262760,0.514,0.659,5,-10.074,0,0.0272,0.000171,0.821,0.11,0.256,95.21,4
TRYOOQS12903CCDAD0,Pap Smear,Crystal Castles,https://p.scdn.co/mp3-preview/2b725153bdb591f230c4e57f0bc5634a05073b4a?cid=774b29d4f13844c495f206cafdad9c86,1L2X0jK5U02gmBHcHBP15l,"electronic, experimental, dance, electro, synthpop",Electronic,2011,221093,0.59,0.844,11,-4.198,0,0.0459,0.00012,0.00017,0.339,0.794,121.978,4
TRFQGMU12903D0F9BA,This Love (Will Be Your Downfall),Ellie Goulding,https://p.scdn.co/mp3-preview/32da5ac70a9c293106f7e4445f76feb657b68ede?cid=774b29d4f13844c495f206cafdad9c86,0j5sEwTkXDBQOeS5aKsX85,"electronic, indie, pop, female_vocalists, dance, british, indie_pop, love, synthpop",Pop,2010,233573,0.582,0.733,3,-6.655,0,0.0297,0.13,0.0124,0.113,0.433,109.468,4
TRJGDTG128F421CE22,Lights & Music,Cut Copy,https://p.scdn.co/mp3-preview/a09001d10ff6cec2b7ae7bd699f4d4ab891ff277?cid=774b29d4f13844c495f206cafdad9c86,0FezhHZVmDYXvk8jAr2fpU,"electronic, indie, dance, synthpop",,2008,279373,0.606,0.935,10,-4.389,0,0.0417,0.0696,0.152,0.408,0.631,125.997,4
TRHCCXP128E0796554,Rome Wasn't Built in a Day,Morcheeba,https://p.scdn.co/mp3-preview/ab75322985890c4a2498c1974b57d0214b41c765?cid=774b29d4f13844c495f206cafdad9c86,074pInVVJnx8MaT5GVuybV,"electronic, pop, female_vocalists, british, chillout, trip_hop, downtempo, chill",Electronic,2014,214719,0.61,0.807,5,-4.997,1,0.0305,0.0769,2.64e-06,0.376,0.689,112.031,4
TRNFVQI128F931BAEA,The Saltwater Room,Owl City,https://p.scdn.co/mp3-preview/68e5a94f3b8c45f640ddaaadea85aa21b457edf8?cid=774b29d4f13844c495f206cafdad9c86,1eX8FlCdpGb5H1Amq4A3Ie,"electronic, indie, pop, indie_pop, love, beautiful, synthpop, mellow",,2009,242586,0.641,0.686,0,-6.727,1,0.0261,0.053,5.05e-05,0.159,0.669,111.994,4
TRZKOQI128F4271768,Hanging High,Lykke Li,https://p.scdn.co/mp3-preview/360fc39e3b221f8d6a7479d88f8059d04e83b153?cid=774b29d4f13844c495f206cafdad9c86,07aDTEVtgxcdhiA36yedlb,"electronic, indie, pop, female_vocalists, singer_songwriter, chillout, indie_pop, swedish, mellow",Pop,2008,247013,0.623,0.485,11,-11.695,0,0.0478,0.653,0.0215,0.0836,0.608,106.185,4
TRBOQBQ128F42B8BF4,Must Be Dreaming,Frou Frou,https://p.scdn.co/mp3-preview/3732748e9370d265c6cfed0666b2e481d3e1c425?cid=774b29d4f13844c495f206cafdad9c86,4yNTZbEE5mo6GNNfWIEqIr,"electronic, indie, pop, female_vocalists, ambient, dance, british, chillout, trip_hop, love, beautiful, mellow",,2002,241933,0.598,0.817,9,-6.854,0,0.0445,0.3,1.49e-05,0.107,0.536,147.96,4
TRYHHCJ128F92FFE95,Vision One,Röyksopp,https://p.scdn.co/mp3-preview/39badae6279707b4bc4cc4c2e844bc00a2ca1654?cid=774b29d4f13844c495f206cafdad9c86,0AP5q9egIPuAmolgXa6C0B,"electronic, ambient, chillout, electro",Electronic,2009,299720,0.515,0.95,8,-6.025,0,0.0652,0.0548,0.213,0.42,0.68,93.082,4
TRCPXID128F92D5D3C,Halo,Depeche Mode,https://p.scdn.co/mp3-preview/78eac59c0b2a706780e0a7cd70250218d930e18a?cid=774b29d4f13844c495f206cafdad9c86,0Ti7ZxvgWq74Ls56vYP3Ov,"electronic, pop, 80s, british, 90s, new_wave, synthpop",,1990,270160,0.672,0.508,3,-12.62,0,0.031,0.0528,0.0671,0.0801,0.741,112.184,4
TRJNPGF128F427A831,Heavy Water,Foals,https://p.scdn.co/mp3-preview/e33dba8b68eb0abb2ac3a02b8d51226a341e7ad8?cid=774b29d4f13844c495f206cafdad9c86,1gD258l5wyMXXlO63xCdEj,"electronic, alternative, indie, indie_rock, instrumental, british, post_punk",Rock,2008,272120,0.385,0.851,1,-6.837,0,0.0406,0.0221,0.683,0.12,0.645,141.927,4
TRJCVFN128E078DF63,Just Like You Imagined,Nine Inch Nails,https://p.scdn.co/mp3-preview/72f829cbc9e5142fa676bc107a7da1d5f5ccce6a?cid=774b29d4f13844c495f206cafdad9c86,11eSOZQj0od3y6DQHGloSW,"electronic, alternative_rock, instrumental, industrial, soundtrack",,1999,229866,0.469,0.759,0,-8.07,1,0.038,0.00484,0.936,0.0885,0.353,150.02,5
TRTHNND12903D0F9E0,Every Time You Go,Ellie Goulding,https://p.scdn.co/mp3-preview/a681f1fee7829af1c82da63eaeebb2e9d4a773f8?cid=774b29d4f13844c495f206cafdad9c86,0c3N3991ucDuH9kOEzCBUd,"electronic, indie, pop, female_vocalists, british, indie_pop",Pop,2011,205093,0.623,0.789,5,-5.364,0,0.0304,0.0297,0.0,0.132,0.465,108.982,4
TRZWTOU12903CE450A,Brian Eno,MGMT,https://p.scdn.co/mp3-preview/6ad7bd6c673e190021b1297f3448fe4bbd68a064?cid=774b29d4f13844c495f206cafdad9c86,0kajwjSwlUKqSgivlVwi5M,"rock, electronic, alternative, indie, pop, experimental, indie_rock, psychedelic, american, indie_pop, psychedelic_rock",Rock,2007,271773,0.374,0.969,7,-3.505,1,0.0527,0.00851,0.00289,0.0656,0.635,181.787,4
TRVLXMQ128F9339980,This Is Halloween,Marilyn Manson,https://p.scdn.co/mp3-preview/00105024f6e9df393bbb2690053ca75d477759fe?cid=774b29d4f13844c495f206cafdad9c86,042Y7INHELtUGh8LRtl3X5,"electronic, metal, hard_rock, industrial, soundtrack, gothic, cover",,2008,202333,0.484,0.95,5,-6.359,0,0.175,0.118,7.3e-05,0.0943,0.331,168.196,4
TRXRJTW12903CBB252,Space Cowboy,Jamiroquai,https://p.scdn.co/mp3-preview/0e166a815275a55c041c8350d20a7b558b804709?cid=774b29d4f13844c495f206cafdad9c86,1Y3wm28G6bXE3fl0abtsoS,"electronic, pop, jazz, dance, chillout, 90s, funk",,1994,385600,0.635,0.538,10,-15.429,0,0.0681,0.168,0.524,0.121,0.795,110.805,4
TRIEPHZ128F93450CD,Disco Heaven,Lady Gaga,https://p.scdn.co/mp3-preview/559f41558fc2cca7583729418b428505789196f8?cid=774b29d4f13844c495f206cafdad9c86,0sbiX1Wr0SEtNQOOn4HiTe,"electronic, pop, female_vocalists, dance, 00s",Pop,2009,221386,0.749,0.94,0,-3.41,1,0.0774,0.0333,0.000132,0.322,0.923,127.974,4
TRISTTM128EF349FE3,Survivalism,Nine Inch Nails,https://p.scdn.co/mp3-preview/87cb070dc0e92f0f23e8053d50caba7376cde3a0?cid=774b29d4f13844c495f206cafdad9c86,04k85vfh2EbwmBFG7ssCF0,"electronic, industrial",,2007,262493,0.618,0.675,9,-5.723,1,0.0679,0.000892,0.216,0.133,0.354,129.983,4
TROJTUM128F92F99F0,Cover My Eyes,La Roux,https://p.scdn.co/mp3-preview/d5721520fdcd99e8e01d8371c84db04ae61a77ab?cid=774b29d4f13844c495f206cafdad9c86,13LCCCAIfmbvJCpOvCAbO8,"electronic, indie, pop, female_vocalists, dance, british, new_wave, synthpop",,2009,272250,0.449,0.658,3,-3.705,0,0.0273,0.16,0.0,0.0961,0.417,107.999,4
TRDSGLN128F932E035,Cult Logic,Miike Snow,https://p.scdn.co/mp3-preview/a4f43597c71b413129bd35c5664747772ea62bc3?cid=774b29d4f13844c495f206cafdad9c86,0aWWdef94YhBE0awkzCxpj,"electronic, indie, dance, electro, swedish, chill",,2009,236240,0.667,0.873,8,-5.403,1,0.0303,0.0567,0.00947,0.073,0.516,110.027,4
TRHGOPX128F4283D1F,Skeleton Boy,Friendly Fires,https://p.scdn.co/mp3-preview/6d746fa809321b7f5f7415f6141e2a39f1f1584e?cid=774b29d4f13844c495f206cafdad9c86,0sCiEjakj1BOi4gGIu3IMJ,"electronic, indie, dance, british, indie_pop",Rock,2008,213626,0.613,0.913,1,-4.282,1,0.0565,0.00701,0.00141,0.0991,0.793,119.019,4
TRZSDCG128F4247F5B,We Fight For Diamonds,Cut Copy,https://p.scdn.co/mp3-preview/212beb818cfd25dab71c8d03f050c55d7368beff?cid=774b29d4f13844c495f206cafdad9c86,0tdReQIaDADXMnspiOsFgB,"electronic, indie, pop, instrumental, dance, electro, 00s, synthpop",Electronic,2008,61986,0.177,0.389,0,-9.979,0,0.0463,0.976,0.921,0.328,0.143,117.358,4
TRAXEWG12903CB2CC3,Madder Red,Yeasayer,https://p.scdn.co/mp3-preview/234856a3a797aaa4f10c05390710e1a2177e1baa?cid=774b29d4f13844c495f206cafdad9c86,0m7SrrXFJ0DIueUB5FGGFZ,"electronic, indie, experimental, indie_rock, psychedelic, beautiful",,2010,243680,0.495,0.833,4,-8.123,0,0.0361,0.00938,0.0132,0.142,0.256,81.975,4
TREGDWH128F4248881,Ce Jeu,Yelle,https://p.scdn.co/mp3-preview/c0df75d78e9e8f76c04b45c1fc3d8f335d7ec726?cid=774b29d4f13844c495f206cafdad9c86,0uTUZeLh4IIWav7rsdd47X,"electronic, pop, female_vocalists, dance, electro, french",,2008,222600,0.881,0.666,6,-5.724,1,0.0381,0.0725,0.0,0.0998,0.711,108.325,4
TRGOTXW12903CB2CEE,Girl I Love You,Massive Attack,https://p.scdn.co/mp3-preview/d90af9b5e32dd4c3e9b46e95440505fbdfea44a7?cid=774b29d4f13844c495f206cafdad9c86,0lyV8xxwNnQXbM12vzfsR1,"electronic, british, chillout, trip_hop, downtempo",Electronic,2010,324386,0.55,0.835,7,-8.959,1,0.0385,0.00955,0.762,0.332,0.536,100.004,4
TRAZORC128F426C323,Unforgettable Season,Cut Copy,https://p.scdn.co/mp3-preview/41769cf666b0d9a7b8043c56bdc446d3c9a7176e?cid=774b29d4f13844c495f206cafdad9c86,0ldOCpyLzcdDcp6mgm0JuO,"electronic, indie, pop, dance, indie_pop, male_vocalists, 00s",Electronic,2008,193173,0.316,0.951,10,-2.64,1,0.27,0.0399,0.637,0.254,0.356,129.976,4
TRUINQU128F14A66A6,Losing My Edge,LCD Soundsystem,https://p.scdn.co/mp3-preview/b134c9af7299b992fc9e00d80df802d5a10d1c2d?cid=774b29d4f13844c495f206cafdad9c86,0SRnRe5HH4CLJALOA3neGa,"electronic, indie, dance, electro, 00s",Electronic,2010,471800,0.777,0.973,5,-6.483,0,0.0639,0.000203,0.618,0.326,0.875,116.172,4
TROPTCQ128F425F1A0,Too Long / Steam Machine,Daft Punk,https://p.scdn.co/mp3-preview/bb029a3b48b31f515838b09ff2065dd724467527?cid=774b29d4f13844c495f206cafdad9c86,03ELiv3L2IFjhiTwYaRKYl,"electronic, dance, house, techno, electro, french",Electronic,2007,421600,0.381,0.721,5,-9.967,0,0.0464,0.000605,0.776,0.112,0.225,125.603,4
TRVRKWD128F147DF68,Montanita,Ratatat,https://p.scdn.co/mp3-preview/f22afbd9bcd11c317c40a450988e0f19e9df576e?cid=774b29d4f13844c495f206cafdad9c86,2QWIKHqO8HrB8Gkvs6DSsk,"electronic, indie, experimental, indie_rock, instrumental",,2006,300280,0.649,0.703,10,-7.634,1,0.0268,0.0445,0.676,0.425,0.575,124.99,4
TRJPSDQ128F9302A46,Kota,Bonobo,https://p.scdn.co/mp3-preview/83e2c898207000270d3b57a3a498c2e09c8175db?cid=774b29d4f13844c495f206cafdad9c86,1Av1wvsP49iCiHiWCUN8H1,"electronic, ambient, instrumental, chillout, trip_hop, downtempo, lounge, chill",Electronic,2001,323280,0.742,0.601,8,-11.547,1,0.0383,0.23,0.898,0.38,0.353,111.997,4
TRJKUUT128F4247F5E,So Haunted,Cut Copy,https://p.scdn.co/mp3-preview/62f4b39edd53acae7e45d78982bc45bbe7415f62?cid=774b29d4f13844c495f206cafdad9c86,08fNM1EU6GnebBtv3Btl4d,"electronic, indie, indie_rock, dance, electro, indie_pop",,2008,268986,0.549,0.93,8,-3.382,1,0.0306,0.0211,0.283,0.136,0.659,126.005,4
TROLLLH128F42633E8,Love Can Damage Your Health,Télépopmusik,https://p.scdn.co/mp3-preview/7badc3441db9b7e4f4132f852f48396559de9e9b?cid=774b29d4f13844c495f206cafdad9c86,1JCLGW0Fp1wocWtXKrelHi,"electronic, female_vocalists, chillout, trip_hop, downtempo, lounge",Electronic,2001,334293,0.547,0.391,7,-13.352,0,0.0368,0.567,0.301,0.55,0.108,115.901,4
TRXLJTI12903D01E1F,Blessa,Toro y Moi,https://p.scdn.co/mp3-preview/3dc9e0e0788cf861e52b89cad29b624d1af27133?cid=774b29d4f13844c495f206cafdad9c86,0wcACmtCYsN7zirmOXvwwL,"electronic, chillout, psychedelic",,2010,163453,0.454,0.456,3,-9.858,0,0.035,0.591,0.614,0.13,0.192,99.933,4
TRABOVH128F427D3B4,Fancy Footwork,Chromeo,https://p.scdn.co/mp3-preview/6d137da10296dc30413157129bfc3bd781f0c91d?cid=774b29d4f13844c495f206cafdad9c86,0Hl9sFHJgs1CHTen1GEyFE,"electronic, dance, funk, electro",Electronic,2010,200120,0.678,0.863,5,-5.679,0,0.0321,0.00551,0.02,0.184,0.626,129.958,4
TRXMILX128F147DF70,Nostrand,Ratatat,https://p.scdn.co/mp3-preview/bdebd61311bbaac93e6afc48342ae17ea3aa2eef?cid=774b29d4f13844c495f206cafdad9c86,1w2b7yH3BlYMzDGN3QNQra,"electronic, indie, experimental, indie_rock, instrumental, dance, indie_pop, beautiful, 00s, guitar, mellow, chill",Electronic,2006,184040,0.71,0.375,0,-8.371,0,0.0664,0.135,0.915,0.0925,0.867,169.928,4
TRUBOJX128F425B710,We Have a Map of the Piano,múm,https://p.scdn.co/mp3-preview/6f1e9c486f69d975d7d4f585c13ee5a68b9d8d0b?cid=774b29d4f13844c495f206cafdad9c86,1F7Ofn5seqltKz2ecu8r76,"electronic, ambient, experimental, chillout, post_rock, piano, downtempo, beautiful, mellow",Electronic,2002,319760,0.673,0.447,2,-13.862,1,0.0318,0.909,0.933,0.0574,0.19,123.999,4
TRXFYZS128F9331F49,I'm Not Alone,Calvin Harris,https://p.scdn.co/mp3-preview/d98161c92f8283a897e7bf7f9cd02afae08c1f17?cid=774b29d4f13844c495f206cafdad9c86,07ajt5Rh9aSbh0wWWhcRJP,"electronic, dance, british, house, electro",,2011,209560,0.601,0.728,7,-6.003,1,0.0312,0.011,0.281,0.327,0.392,130.97,4
TRXQFZE128F423A04F,Destination Calabria,Alex Gaudino,https://p.scdn.co/mp3-preview/59f17ef78e525ba5e1b735d69421a5474cda0713?cid=774b29d4f13844c495f206cafdad9c86,00l1uBtEO4WwmsfxqbeTWP,"electronic, dance, house, electro",,2008,179906,0.637,0.928,2,-7.348,1,0.0502,0.000211,0.00459,0.0627,0.267,128.065,4
TRARYVR128F9314FC6,I've Got Your Number,Passion Pit,https://p.scdn.co/mp3-preview/bda552d2cdba51fcadd029b9292107d3e3e9c241?cid=774b29d4f13844c495f206cafdad9c86,3BCMOdo8pH1CdxycrlIA1G,"electronic, electro, indie_pop",,2008,372760,0.696,0.752,1,-4.229,1,0.0359,0.15,0.000783,0.0489,0.679,116.996,4
TRJAMTL12903CA4516,Cuddle Fuddle,Passion Pit,https://p.scdn.co/mp3-preview/0f0c5f85104bb11e02b9b8a953013aba00a67ca5?cid=774b29d4f13844c495f206cafdad9c86,0XpSAja8EOhVWHVY2jQOZ5,"electronic, indie, dance, electro, indie_pop, beautiful",Rock,2008,272640,0.602,0.81,6,-5.517,1,0.0716,0.581,0.0304,0.248,0.735,96.998,4
TRGSCTA128E0793868,The Perfect Drug,Nine Inch Nails,https://p.scdn.co/mp3-preview/fccd7e8276807f9e23aea6e1416afa38149e7d28?cid=774b29d4f13844c495f206cafdad9c86,33VsSqZIYbREaEzNeghyQa,"electronic, industrial, soundtrack, 90s",Rock,1997,315440,0.626,0.889,5,-8.983,0,0.0982,0.0218,0.00483,0.333,0.258,149.018,4
TROKJZW12903CE4DA8,Wow,Kylie Minogue,https://p.scdn.co/mp3-preview/acc598cf8455e9f6eacbf5a07094d4aa15a91591?cid=774b29d4f13844c495f206cafdad9c86,03iHEpOK1f9Qt5OHxUFGqL,"electronic, pop, female_vocalists, dance, 00s",,2007,190973,0.654,0.884,9,-5.466,1,0.202,0.151,0.000268,0.379,0.851,124.072,4
TRWJNEC128E079654F,Part of the Process,Morcheeba,https://p.scdn.co/mp3-preview/4e9a1d215b5a0181381275196e825adb70aa0e6b?cid=774b29d4f13844c495f206cafdad9c86,06ydkFqPLNpZRFVuUxSJ3y,"electronic, female_vocalists, chillout, trip_hop, downtempo, mellow, chill",Electronic,2003,265293,0.616,0.525,0,-7.411,1,0.025,0.173,0.0125,0.115,0.402,155.954,4
TRRGYMH12903CF7C21,Kaili,Caribou,https://p.scdn.co/mp3-preview/d4c895b550172f3cf8954d67a5b7452b648465ff?cid=774b29d4f13844c495f206cafdad9c86,2UBrMZD60FC1WLeEaa7NF2,"electronic, experimental, indie_pop",Electronic,2010,282360,0.366,0.568,2,-6.059,1,0.0349,0.691,0.0908,0.321,0.386,129.854,4
TRPBGJR128F92FA7FE,Welcome To Heartbreak,Kanye West,https://p.scdn.co/mp3-preview/1e2cc4332bef538bd5b6f1c70c1acd79a1bc1799?cid=774b29d4f13844c495f206cafdad9c86,0OwDs4CBGU0Tdsgnaw8Pml,"electronic, rap, hip_hop, rnb",Rap,2008,262933,0.677,0.435,7,-11.024,0,0.033,0.0985,0.721,0.111,0.0729,95.991,4
TROUVVZ128F425FD4D,I Want I Want,Digitalism,https://p.scdn.co/mp3-preview/925403135d07a7c2c7ca4c7e372f4e16cbdb0080?cid=774b29d4f13844c495f206cafdad9c86,0ZJndpkRv6sHqhtOwzF9Cn,"electronic, dance, german, electro",Electronic,2007,208746,0.668,0.926,9,-4.14,0,0.0377,0.000436,0.000253,0.299,0.674,134.992,4
TRJQHOS128F4271775,Window Blues,Lykke Li,https://p.scdn.co/mp3-preview/811d39ed05ebdb4416db766f8635f20eaf7e5423?cid=774b29d4f13844c495f206cafdad9c86,0j7yTCN6r5ocBnY4p7V5HJ,"electronic, indie, pop, female_vocalists, piano, indie_pop, swedish",,2008,239306,0.784,0.397,7,-10.665,0,0.042,0.965,0.356,0.11,0.122,114.274,4
TRUPYUP12903D0FA06,Salt Skin,Ellie Goulding,https://p.scdn.co/mp3-preview/346ab226a74749d21a225b62405064c5f9a2483c?cid=774b29d4f13844c495f206cafdad9c86,0JfDRRBz2iFunxuIXJwqsJ,"electronic, pop, female_vocalists, british, synthpop",Pop,2010,255813,0.498,0.861,0,-5.323,0,0.0488,0.115,0.00342,0.104,0.774,172.065,4
TRJUQIB12903CBFD4E,The Cop,The Knife,https://p.scdn.co/mp3-preview/47a34abb8d7b7c66c97a05be6d379df3d5f5231f?cid=774b29d4f13844c495f206cafdad9c86,1kchMj4OLIKVYburreVTbY,"electronic, electro, synthpop, swedish",,2003,43560,0.719,0.637,10,-10.25,0,0.0758,0.0119,0.909,0.222,0.645,119.96,3
TRMNRHK12903CE5DBF,Woo Boost,Rusko,https://p.scdn.co/mp3-preview/a02810636d17dea486a67c4f9f24a840f19625f1?cid=774b29d4f13844c495f206cafdad9c86,0AbnjOe5u8SfV4NbFyDNth,electronic,Electronic,2012,249480,0.66,0.803,11,-4.127,0,0.115,0.000707,0.236,0.116,0.643,139.855,4
TRASVEM128E0796553,Trigger Hippie,Morcheeba,https://p.scdn.co/mp3-preview/86aa17c9177344ea474a003c0f415bddc7737c4b?cid=774b29d4f13844c495f206cafdad9c86,0oWC3y01avXjDBdiR1Utf0,"electronic, female_vocalists, chillout, trip_hop, downtempo, lounge, chill",Electronic,2003,331626,0.619,0.622,5,-9.251,0,0.0468,0.0742,0.623,0.522,0.174,172.161,4
TRUMTES128F92E7485,Blood Sugar,Pendulum,https://p.scdn.co/mp3-preview/fa96e867096ff7a5834ac24227de3376162096d7?cid=774b29d4f13844c495f206cafdad9c86,09QMcfYCMuSZRCVDrXkvya,"electronic, drum_and_bass",Electronic,2014,313253,0.358,0.968,8,-6.316,1,0.123,0.000131,0.848,0.208,0.131,175.847,4
TRSXSLI12903CF7C24,Leave House,Caribou,https://p.scdn.co/mp3-preview/77c293f4a4d81657ef54e852a2415178987b7ba8?cid=774b29d4f13844c495f206cafdad9c86,0kOhu4JJthQYwQwBmVdp3T,"electronic, indie_rock",Electronic,2010,312360,0.804,0.643,7,-8.33,1,0.0911,0.0486,0.177,0.214,0.785,137.603,4
TRUSCOI128F147DF6C,Tropicana,Ratatat,https://p.scdn.co/mp3-preview/5fd8e36325f0d9c8648d5008ea0d824c5f060410?cid=774b29d4f13844c495f206cafdad9c86,5ovKMrenMOvhyEcMWmLnZj,"electronic, indie, indie_rock, instrumental, soundtrack, piano, indie_pop, 00s, guitar, chill",,2006,276800,0.542,0.805,9,-5.388,1,0.03,0.267,0.917,0.103,0.285,91.942,4
TREQTXJ128F92FFE9C,Miss It So Much,Röyksopp,https://p.scdn.co/mp3-preview/f157de14f0f68f5c2feccd9725ec785f64165c93?cid=774b29d4f13844c495f206cafdad9c86,1ohx1bPKV0BXN1mAs3MQCZ,"electronic, female_vocalists, downtempo, synthpop, chill",Electronic,2009,303613,0.635,0.851,1,-5.488,0,0.0372,0.00918,0.816,0.364,0.805,133.999,4
TRSRHBC128F425F1A8,Burnin' / Too Long,Daft Punk,https://p.scdn.co/mp3-preview/a5b507a0f17ee87689ba19d8585cd2d1a8a01bf6?cid=774b29d4f13844c495f206cafdad9c86,3Ons6C3wXBMi8nYpLBMlVe,"electronic, dance, house, electro, french",Electronic,2007,431506,0.602,0.793,10,-10.462,0,0.0946,0.000207,0.0476,0.686,0.35,127.016,4
TRKCMIK128F92FFE9E,Tricky Tricky,Röyksopp,https://p.scdn.co/mp3-preview/2b83ccb387bd6dd7d434d8340535eb489e990336?cid=774b29d4f13844c495f206cafdad9c86,0QD2WO5MJWbhbYGi3wiDPw,"electronic, female_vocalists, dance, electro",Electronic,2009,359173,0.562,0.73,4,-4.217,0,0.0299,0.00364,0.521,0.111,0.618,142.974,4
TRIPSQP12903CE450C,Lady Dada's Nightmare,MGMT,https://p.scdn.co/mp3-preview/46b691f847cb30a29b66f143d562ee5a15701aee?cid=774b29d4f13844c495f206cafdad9c86,0XwfkoJnGpRw7y3s0fWxaO,"electronic, indie, experimental, indie_rock, instrumental, psychedelic, american, indie_pop, psychedelic_rock",,2010,271146,0.358,0.492,9,-7.844,0,0.0299,0.552,0.899,0.235,0.0666,77.994,4
TRATTGW128F427A82D,Red Socks Pugie,Foals,https://p.scdn.co/mp3-preview/4c5ef80bb0b8160c787c3119fe110948bb86dd96?cid=774b29d4f13844c495f206cafdad9c86,05V8hCbVHIEvsAc8XjOA5T,"electronic, alternative, indie, indie_rock, british",Rock,2008,315253,0.539,0.903,2,-6.745,0,0.049,0.145,0.000687,0.0879,0.381,156.978,4
TRQWDNH128F93173BE,Twilight Galaxy,Metric,https://p.scdn.co/mp3-preview/bc9bff4c09bf7e5f33f37aa54dfb1d5226c96ca0?cid=774b29d4f13844c495f206cafdad9c86,0D3PEOYrlZAFZCg2oPmI9l,"rock, electronic, indie, female_vocalists, indie_rock",Rock,2009,293613,0.359,0.538,11,-11.175,1,0.099,0.645,0.907,0.118,0.528,137.099,4
TRDNCZR128F147DF6F,Swisha,Ratatat,https://p.scdn.co/mp3-preview/f13b998648d49bb2f0de1b8f6b4ecff908c50ed8?cid=774b29d4f13844c495f206cafdad9c86,6tB7yLLaEdIQfAk3uY0CS3,"electronic, experimental, indie_rock, instrumental, indie_pop, 00s, guitar, idm, chill",,2006,229773,0.442,0.533,11,-8.453,0,0.0352,0.158,0.899,0.225,0.116,95.053,4
TRGGBZZ128F92F99F4,Armour Love,La Roux,https://p.scdn.co/mp3-preview/c22f9c8d7a9f0d18eda05d9598cbc65e8727f367?cid=774b29d4f13844c495f206cafdad9c86,3sDZsq0cc2VweWxK17bMBq,"electronic, female_vocalists, dance, british, new_wave, electro, synthpop",,2009,233133,0.603,0.625,10,-5.053,1,0.0281,0.0379,7.06e-05,0.377,0.383,141.948,4
TRCIIUA128F93652FB,Wish I Stayed,Ellie Goulding,https://p.scdn.co/mp3-preview/9c4132e03fc8e644189ef00c5b988355f36695f4?cid=774b29d4f13844c495f206cafdad9c86,5lsd7n03AsvODMfXlu57w7,"electronic, indie, pop, female_vocalists, british, beautiful",Pop,2011,220386,0.569,0.818,9,-5.301,1,0.0328,0.132,0.0,0.405,0.629,102.036,4
TRWAQOC12903CB84CA,Sexy Bitch,David Guetta,https://p.scdn.co/mp3-preview/282100e2282a5d4e2fe9894e6b19129da7353af7?cid=774b29d4f13844c495f206cafdad9c86,01N6xy2PX9fKVfrA2YOkYd,"electronic, dance, house",,2009,193800,0.81,0.595,11,-5.812,0,0.0579,0.0673,0.000764,0.119,0.813,130.018,4
TRFRTFL128F426CA51,Done With You,The Whitest Boy Alive,https://p.scdn.co/mp3-preview/3a51752b65e7278c9ea39165103be2d03b9be4ca?cid=774b29d4f13844c495f206cafdad9c86,0BpwTRIFUHPk3zsBwDffw5,"electronic, indie, chillout, electro, indie_pop, mellow",,2006,322800,0.58,0.594,2,-9.192,1,0.0433,0.208,0.831,0.117,0.605,137.547,4
TRQHCBJ12903CAB21C,Angel Echoes,Four Tet,https://p.scdn.co/mp3-preview/c22ae65770a64229822014520765b717b4fb6f52?cid=774b29d4f13844c495f206cafdad9c86,136XKKn3JZodoiD6KsDTVZ,"electronic, ambient, experimental, british, love, beautiful, idm",Electronic,2010,240426,0.654,0.527,7,-8.485,0,0.0341,0.489,0.0224,0.803,0.162,115.011,3
TRMVZPR12903CF7C23,Bowls,Caribou,https://p.scdn.co/mp3-preview/d94bc63599ae19ca6cd3df8a590e5a72d00512fc?cid=774b29d4f13844c495f206cafdad9c86,00jtRKELoO5wuUn8L2cs22,"electronic, experimental, instrumental, dance, downtempo, idm",Electronic,2010,381306,0.681,0.73,4,-8.729,0,0.0511,0.00692,0.882,0.111,0.754,120.011,4
TRNHOBF12903CB3E12,Born Too Slow,The Crystal Method,https://p.scdn.co/mp3-preview/50f81e26179b5b6e67dd87120f06fa277df0d707?cid=774b29d4f13844c495f206cafdad9c86,59Q1PaOL7SWpJqkKVhewP6,"electronic, dance, techno",Electronic,2004,179800,0.648,0.962,6,-3.449,0,0.033,0.00204,0.149,0.235,0.875,130.003,4
TRRVSBS128F425A7B0,One Step Too Far,Faithless,https://p.scdn.co/mp3-preview/8dddccfc5f89c87648e69903f7cb9e74c8cf8a78?cid=774b29d4f13844c495f206cafdad9c86,1AONqnwd7q1v1UvM51OpgE,"electronic, female_vocalists, dance, chillout, trance, house, trip_hop, downtempo",Electronic,2002,319906,0.677,0.727,4,-9.565,0,0.0383,0.173,0.0341,0.662,0.197,111.988,4
TRDOZVQ128F930FDA5,Swing Tree,Discovery,https://p.scdn.co/mp3-preview/f14518e2ed9967c280f274ce3a1f56de250bb995?cid=774b29d4f13844c495f206cafdad9c86,0kPWjVyvas9lc4oXakOiBj,"electronic, indie, experimental, indie_rock, indie_pop, beautiful",,2009,158133,0.679,0.77,5,-7.673,1,0.111,0.0417,0.0527,0.124,0.843,184.047,4
TREMDON128F427C701,Crimewave (Crystal Castles vs HEALTH),Crystal Castles,https://p.scdn.co/mp3-preview/44672c7e5af267b8a565a2394eca9e77a094f48e?cid=774b29d4f13844c495f206cafdad9c86,4hD0vNw3wPYXak7yei23IU,"electronic, experimental, dance, electro, synthpop",Electronic,2008,258746,0.751,0.675,4,-8.159,0,0.0413,0.185,0.0162,0.223,0.889,119.989,4
TRERPOK128F4284833,& Down,Boys Noize,https://p.scdn.co/mp3-preview/c7fe4dbfc5b56fd037cf58f4433c2e7d6c641162?cid=774b29d4f13844c495f206cafdad9c86,0eTCqr01cDDizV4Mr7PqK2,"electronic, dance, house, techno, electro",Electronic,2007,258133,0.623,0.626,1,-4.121,0,0.356,0.0449,0.265,0.311,0.242,123.01,4
TRQRMNO128F4235E4D,Grow Up and Blow Away,Metric,https://p.scdn.co/mp3-preview/7364237ab925cbfacc99977562f4b94993312c06?cid=774b29d4f13844c495f206cafdad9c86,1ra7AO4p3jzUwhagdFRdbi,"electronic, indie, female_vocalists, indie_rock, indie_pop, chill",Rock,2007,253146,0.679,0.692,11,-6.95,0,0.0246,0.0115,0.00053,0.082,0.759,110.039,4
TRDXSGX128F425F173,One More Time / Aerodynamic,Daft Punk,https://p.scdn.co/mp3-preview/8b01c3a00c67f45856aea43e2498236fa5040f63?cid=774b29d4f13844c495f206cafdad9c86,18xicbHkVJEhZNmgt2P8fw,"electronic, dance, house, techno, french",Electronic,2007,370533,0.45,0.846,11,-9.996,0,0.102,0.038,0.266,0.222,0.414,124.239,4
TRCSNKA128F4298F10,Hong Kong,Gorillaz,https://p.scdn.co/mp3-preview/d840f262170946fa8cd39a35ca806a937b1a29f9?cid=774b29d4f13844c495f206cafdad9c86,2AKX3IMx4ctUiLw5O60lAX,"electronic, alternative, ambient, british, chillout, trip_hop, electro, downtempo, beautiful, mellow, chill",,2007,433546,0.513,0.582,11,-7.394,0,0.0285,0.712,0.0369,0.0771,0.241,148.128,4
TRQGIOA128F425FD6D,Anything New,Digitalism,https://p.scdn.co/mp3-preview/1951f696f4bf60a1a9d3e1567dbe0d1ae7b79d9a?cid=774b29d4f13844c495f206cafdad9c86,04TjKBqFtslvfy7MBjkbrZ,"electronic, dance, electro",Electronic,2007,299106,0.634,0.846,7,-5.278,1,0.0604,0.000714,0.114,0.12,0.504,129.971,4
TRPHIIE128F932E037,Plastic Jungle,Miike Snow,https://p.scdn.co/mp3-preview/bca519e0b180c88e7a76c1ec0e86f500d3bc2cfa?cid=774b29d4f13844c495f206cafdad9c86,0lyzUcWMptGm3Vgi4MfEks,"electronic, alternative, indie, dance, electro, indie_pop, swedish",,2010,234213,0.721,0.841,7,-5.558,1,0.134,0.00709,0.00464,0.164,0.443,119.895,4
TRHCGNH12903CF7C27,Jamelia,Caribou,https://p.scdn.co/mp3-preview/9c294005598e7ed3fcb22d1ea2ad4fdadb4ebb46?cid=774b29d4f13844c495f206cafdad9c86,15SzLdJjM5JedJoVg0iPZj,"electronic, ambient, experimental",Electronic,2010,238746,0.712,0.503,1,-9.813,0,0.0474,0.361,0.113,0.0924,0.674,119.996,4
TRBTCYJ128F92F9586,Teen Angst,M83,https://p.scdn.co/mp3-preview/9322c6270d99cf4cd1ec3b651736f05292df8207?cid=774b29d4f13844c495f206cafdad9c86,0fJUNxPyqaA0j7gRx0nVwr,"electronic, ambient, post_rock, beautiful, french",Electronic,2005,303133,0.311,0.864,11,-5.089,0,0.0464,2.35e-05,0.125,0.257,0.0874,149.945,4
TRWXFCU128EF351B77,That Home,The Cinematic Orchestra,https://p.scdn.co/mp3-preview/a5bbc4b735626bf3695060fbe166cb1bfa86109e?cid=774b29d4f13844c495f206cafdad9c86,24h6sziVm6YIInEnYMNK5W,"electronic, jazz, british, chillout, piano, downtempo, love, beautiful",Electronic,2007,103920,0.461,0.156,9,-14.189,1,0.0274,0.992,0.785,0.0771,0.0381,85.501,4
TRICALF128F9310064,Swordfish Hotkiss Night,Empire of the Sun,https://p.scdn.co/mp3-preview/9e90c2372c8e40a2e159e7721216f7da4ebad831?cid=774b29d4f13844c495f206cafdad9c86,1RYlehGrufPBTcnauQMHvP,"electronic, dance, synthpop",Electronic,2008,235946,0.854,0.728,0,-5.459,0,0.0669,0.0982,0.169,0.0844,0.785,117.964,4
TRUPNGA128F4258AE9,Mirando,Ratatat,https://p.scdn.co/mp3-preview/7771fdfe996a2c9d03a15f320abe4c01cb0bdd8d?cid=774b29d4f13844c495f206cafdad9c86,0tiN8byYGw5tv6yBTNKIcb,"electronic, instrumental, 00s, chill",Electronic,2008,232146,0.661,0.819,5,-5.267,0,0.206,0.0279,0.467,0.362,0.852,89.903,4
TRWTOIT128F92F88A8,You Used to Hold Me,Calvin Harris,https://p.scdn.co/mp3-preview/8d946bd1f61dd485466c3e55b57aca02d115ec89?cid=774b29d4f13844c495f206cafdad9c86,02e7ZUeiZlleRpiCBmIRyH,"electronic, dance, house, electro",Electronic,2009,231133,0.618,0.969,11,-6.039,0,0.0413,0.0231,1.27e-06,0.316,0.19,128.964,4
TRDKIET128E07817EF,Sit Down. Stand Up,Radiohead,https://p.scdn.co/mp3-preview/86da84a88d16147d5f6a0cf2cb4879b60c112506?cid=774b29d4f13844c495f206cafdad9c86,2hsxOmv4roirpCSQyvv28O,"electronic, alternative, alternative_rock, ambient, experimental, progressive_rock, british, 00s",Rock,2003,259973,0.483,0.559,5,-7.434,0,0.0403,0.0157,0.491,0.0562,0.52,161.046,4
TRGEQUX128E0785E24,On Repeat,LCD Soundsystem,https://p.scdn.co/mp3-preview/c58ccce2078a04d244bee6ea3624a12ab78ece81?cid=774b29d4f13844c495f206cafdad9c86,5mrGuYZt4eRKHpvPbl2CeI,"electronic, dance, house, electro",Electronic,2005,481960,0.831,0.659,7,-6.678,0,0.0746,0.000502,0.122,0.0898,0.787,134.029,4
TRYXAQC128F92C5A77,Shadows of Ourselves,Thievery Corporation,https://p.scdn.co/mp3-preview/fbcc81981be2daefd43c25d366b3c9a2573b05fc?cid=774b29d4f13844c495f206cafdad9c86,0XH0iKu3PbgrZHNTfXvZNP,"electronic, ambient, chillout, trip_hop, downtempo, french, lounge, chill",Electronic,2000,217773,0.752,0.703,2,-9.087,0,0.0372,0.0692,0.876,0.0888,0.537,118.006,4
TRUQLWH12903CF7C26,Lalibela,Caribou,https://p.scdn.co/mp3-preview/b15dcb5173ee418fbb977a45d4137f90739a124c?cid=774b29d4f13844c495f206cafdad9c86,2tKN4BENKbt8Ape7vZ298P,"electronic, experimental, dance, psychedelic, techno, beautiful, idm",Electronic,2010,145853,0.605,0.229,1,-14.787,0,0.213,0.231,0.778,0.185,0.171,118.43,4
TRLNFKN128F931BAF2,The Tip Of The Iceberg,Owl City,https://p.scdn.co/mp3-preview/8c8c696c7541822f54e8e9332d9d46fa9fe3698e?cid=774b29d4f13844c495f206cafdad9c86,1qdC7FbHeRmfqV4cKj3TeY,"electronic, pop, male_vocalists, love",Electronic,2009,202973,0.6,0.772,1,-5.068,1,0.0288,6.83e-05,0.0141,0.0489,0.424,135.021,4
TRLQBRC128F147DF71,Tacobel Canon,Ratatat,https://p.scdn.co/mp3-preview/c9da669304ad23cfb77ff40f39cc940f44d83c50?cid=774b29d4f13844c495f206cafdad9c86,6Bn8QuwLkcAOaJ6R25NfaF,"electronic, indie, indie_rock, instrumental, hip_hop, indie_pop, 00s, guitar, idm",,2006,266760,0.506,0.518,7,-7.238,1,0.0385,0.000227,0.835,0.303,0.317,133.402,3
TRVZRTU128F92D54E3,Tiger By My Side,Empire of the Sun,https://p.scdn.co/mp3-preview/89af383ad5f5a2b25bfc1bada0d0e25c451f048c?cid=774b29d4f13844c495f206cafdad9c86,0nmXVwEqRRgLk18zcphyrx,"electronic, dance, male_vocalists, synthpop",Electronic,2008,348413,0.567,0.942,1,-5.692,0,0.0423,0.000811,0.308,0.322,0.484,135.777,4
TRORTZV128F14649BD,Run Into Flowers,M83,https://p.scdn.co/mp3-preview/0cd2cc050ed92ee84fe24215107f6e5341eee4bf?cid=774b29d4f13844c495f206cafdad9c86,1OBTtq2oorAmhlOWDM9YLG,"electronic, ambient, experimental, post_rock, beautiful, french",Electronic,2004,249426,0.417,0.858,2,-4.364,1,0.0448,0.000397,0.832,0.256,0.0594,119.987,4
TRIWVJF128E07863FE,Thrills,LCD Soundsystem,https://p.scdn.co/mp3-preview/a0ccf627c464514e098f112bb6c3a267ab6e68c2?cid=774b29d4f13844c495f206cafdad9c86,2Og8o1UKBf1GhPKDhQrSrR,"electronic, dance, house, post_punk, electro",Electronic,2005,222693,0.672,0.77,1,-10.124,1,0.0473,0.00051,0.487,0.158,0.598,107.997,4
TRYQWXU12903D01E29,Talamak,Toro y Moi,https://p.scdn.co/mp3-preview/d9d00427f2fc87b1a6a709e0f8ea99ef67370feb?cid=774b29d4f13844c495f206cafdad9c86,02Ki6v3RiIx2FePeUKl4TU,"electronic, chillout, mellow",,2010,147866,0.575,0.677,7,-8.28,0,0.446,0.626,5.55e-05,0.12,0.616,98.923,4
TRNYQZQ128F4262D84,In The Cold I'm Standing,M83,https://p.scdn.co/mp3-preview/efd7fca87fb72c6ddd3c54871f1c3511ffb8c85a?cid=774b29d4f13844c495f206cafdad9c86,0wyDQI6ccBgtnNEw3ilPtg,"electronic, ambient, instrumental, chillout, post_rock, beautiful",Electronic,2005,248506,0.0605,0.392,8,-7.826,0,0.0411,0.639,0.00681,0.11,0.0347,71.091,5
TRKRNZF12903CB52BC,Paradise Circus (Gui Boratto Remix),Massive Attack,https://p.scdn.co/mp3-preview/e4fc734a4fee105655d3595548de35548ef7b744?cid=774b29d4f13844c495f206cafdad9c86,1GHk2iNsmcmlwTdeBRRti2,"electronic, chillout, trip_hop, techno, downtempo",,2011,461640,0.84,0.79,11,-10.081,0,0.0677,0.182,0.812,0.108,0.354,122.01,4
TRUHCIP128F428CDAB,Celebration,Madonna,https://p.scdn.co/mp3-preview/2ec0810a762af769cc126a38d86ee855f6cd4b7f?cid=774b29d4f13844c495f206cafdad9c86,0bLnnpZXb0reoyHILMXdLw,"electronic, pop, female_vocalists, dance, 00s",Rap,2009,215133,0.637,0.891,11,-4.139,0,0.0345,0.0742,0.000622,0.0686,0.933,126.002,4
TRSEUYU12903CAB229,She Just Likes to Fight,Four Tet,https://p.scdn.co/mp3-preview/08ede60bc10c717c2d913794154c0f31e13bcfbb?cid=774b29d4f13844c495f206cafdad9c86,0BdpCigCTugzrSqrfHeUtv,"electronic, ambient, experimental, british, chillout, acoustic, post_rock, beautiful, idm, mellow",Electronic,2010,274106,0.725,0.534,2,-11.489,1,0.0282,0.799,0.853,0.111,0.617,118.095,4
TRQNZBN12903D0F9FF,I'll Hold My Breath,Ellie Goulding,https://p.scdn.co/mp3-preview/52ae0324f73c1190e3e278dfe45570608791f811?cid=774b29d4f13844c495f206cafdad9c86,297ccHqcwwr63MpVH12lHl,"electronic, pop, female_vocalists, singer_songwriter, dance, british, chillout, indie_pop",Pop,2010,225480,0.635,0.769,3,-5.56,1,0.0297,0.382,0.0,0.115,0.366,123.005,4
TRIMYMS128E07840C8,Left Hand Suzuki Method,Gorillaz,https://p.scdn.co/mp3-preview/3b9d804622e6149d53fc196bcdd2883992a4cb80?cid=774b29d4f13844c495f206cafdad9c86,2B8lQXfBQ2kC3QNRwFds6g,"rock, electronic, alternative, experimental, british, chillout, hip_hop, trip_hop",,2002,192506,0.719,0.916,1,-4.312,1,0.209,0.321,0.246,0.198,0.587,94.495,4
TRAKSYI128EF349B16,I Can't Decide,Scissor Sisters,https://p.scdn.co/mp3-preview/2ea75af63dcd285935e7dcd897d6aba08ab1dba4?cid=774b29d4f13844c495f206cafdad9c86,0w7oSt5wGeMNzJLwEUyRNL,"electronic, pop, dance",Pop,2006,166573,0.687,0.789,3,-4.96,1,0.0311,0.259,0.0,0.202,0.856,96.989,4
TRPWIGO128F931BAEB,Dental Care,Owl City,https://p.scdn.co/mp3-preview/f1418d19818c72919bf33903132675e7346e8032?cid=774b29d4f13844c495f206cafdad9c86,1IyackM7hvB1O67vxUFOln,"electronic, male_vocalists, synthpop",Electronic,2009,191480,0.602,0.69,0,-5.45,1,0.0266,0.0183,0.000773,0.184,0.714,68.493,4
TRBNWKN128F425F18F,Superheroes / Human After All / Rock'n Roll,Daft Punk,https://p.scdn.co/mp3-preview/f07754f41fe6d756c8a1111ccd4037ea2ae2168a?cid=774b29d4f13844c495f206cafdad9c86,029O4HWI1pVXLfFdfQd1Jb,"electronic, dance, house, techno, french",Electronic,2007,341106,0.487,0.723,7,-11.148,1,0.143,4.48e-05,0.383,0.819,0.391,138.007,4
TRHGWSB12903CC372C,All to All,Broken Social Scene,https://p.scdn.co/mp3-preview/283d055373c8df4e739b2ccac3284076f33febec?cid=774b29d4f13844c495f206cafdad9c86,0UH4bbht1Ag6wNb09qvpfZ,"electronic, indie, female_vocalists, experimental, indie_rock, post_rock, indie_pop, beautiful",Rock,2010,289520,0.624,0.741,7,-10.829,1,0.0601,0.0303,0.434,0.141,0.0933,131.982,4
TRAYGJX128F92CC832,Heavyweight,Infected Mushroom,https://p.scdn.co/mp3-preview/fd2b29e44d2ce51f6a91beec1d96e6e9d2a8c8a7?cid=774b29d4f13844c495f206cafdad9c86,1fktXLtUwnTSygfCyfvuNI,"electronic, psychedelic, trance",Electronic,2007,520853,0.596,0.582,4,-8.224,0,0.0319,0.0224,0.766,0.0926,0.144,140.025,4
TRIUICN128F4233815,Lava Lava,Boys Noize,https://p.scdn.co/mp3-preview/4b08aa5254813d85d89fc4721647e964617d7cb0?cid=774b29d4f13844c495f206cafdad9c86,01jPQPxq54XYKm2jGZwUfi,"electronic, dance, house, techno, electro",Electronic,2007,240800,0.86,0.642,7,-7.154,1,0.412,0.00531,0.00444,0.537,0.89,124.828,4
TRPCEKB128F92C73A2,Shempi,Ratatat,https://p.scdn.co/mp3-preview/753ecd1fd15384e048a438203281be81ff3cdada?cid=774b29d4f13844c495f206cafdad9c86,0xhium1vEKRa8r5W25nxt5,"electronic, indie, instrumental, american, 00s, synthpop",Electronic,2008,246920,0.61,0.824,10,-5.229,1,0.0431,0.00515,0.919,0.232,0.509,123.46,4
TRUOCBA128E07822DF,A Reminder,Radiohead,https://p.scdn.co/mp3-preview/798bb16c6d0b4baae4d25255f0cca7f943d786b4?cid=774b29d4f13844c495f206cafdad9c86,0mDwIppo8rIodEVZQ9RBcR,"rock, electronic, alternative, indie, alternative_rock, instrumental, progressive_rock, 90s, trip_hop, downtempo, britpop, mellow",Rock,1997,233826,0.313,0.391,9,-14.112,1,0.0283,0.312,0.323,0.256,0.167,77.851,3
TRMCRJT128F4254260,Needy Girl,Chromeo,https://p.scdn.co/mp3-preview/cb612ec65c5fab293122b758bc942ca3e7bc9f07?cid=774b29d4f13844c495f206cafdad9c86,0Nq92tx5brQ2mg2ChMmMOf,"electronic, dance, funk, electro, synthpop",,2004,257133,0.805,0.904,7,-4.568,0,0.0482,0.0108,0.398,0.0885,0.915,122.001,4
TRFPZFW128F14A010C,You're Not Alone,Olive,https://p.scdn.co/mp3-preview/70b6c2f84c1f9b0ca251a4d6cf9af4675f61dfd9?cid=774b29d4f13844c495f206cafdad9c86,03SicscEqsguN1doqbiK7M,"electronic, female_vocalists, ambient, dance, chillout, 90s, trance, trip_hop, downtempo",Electronic,2013,260000,0.688,0.673,10,-10.617,1,0.0627,0.0736,0.00118,0.138,0.603,134.256,4
TRIVJKL128F9320849,Hum Hallelujah,Fall Out Boy,https://p.scdn.co/mp3-preview/146cdc578fce25b406af0a46a50076a93bae22e2?cid=774b29d4f13844c495f206cafdad9c86,028njLMKzGg4gAVSgMeOhm,"rock, alternative, alternative_rock, punk, punk_rock, american, emo, love, 00s, pop_rock",Rock,2007,230506,0.466,0.957,2,-3.302,1,0.0637,0.00784,0.0,0.48,0.657,183.959,4
TRRTAAT128F149798E,Road to Joy,Bright Eyes,https://p.scdn.co/mp3-preview/104c93e1f445fcc17cdd874365821d597c81051e?cid=774b29d4f13844c495f206cafdad9c86,1MFcdEGTm3UkAR1oMtN6Uy,"alternative, indie, folk, indie_rock, singer_songwriter, acoustic, emo, 00s",Rock,2005,233755,0.333,0.62,1,-8.156,1,0.0291,0.0251,0.00175,0.133,0.118,146.233,4
TRIERTA128F4223196,Try Honesty,Billy Talent,https://p.scdn.co/mp3-preview/45f345cb9764705880d2e84dd0e6984e10e7251b?cid=774b29d4f13844c495f206cafdad9c86,0QK64eag1frEwEWy68Kssm,"rock, alternative, alternative_rock, punk, punk_rock, emo",Rock,2013,256093,0.442,0.987,6,-3.218,0,0.129,0.000145,3.77e-05,0.285,0.361,156.912,4
TRMGVXA128F147A025,Prelude 12/21,AFI,https://p.scdn.co/mp3-preview/ff4eaad76aba97b6384d3bd2c36650906d714e9c?cid=774b29d4f13844c495f206cafdad9c86,3ugUwXpN8qBDTDrRzlkjjM,"rock, alternative, punk, punk_rock, emo",Rock,2006,94466,0.678,0.657,3,-9.133,0,0.0481,0.0753,0.0,0.125,0.616,75.015,4
TRCUMJE128F42B3030,Oil And Water,Incubus,https://p.scdn.co/mp3-preview/42a1b252a5930c8bcdd8e664c7a88afd135cf6b3?cid=774b29d4f13844c495f206cafdad9c86,09L9gHCuQ6J2Rk7laxRQAZ,"rock, alternative, indie, alternative_rock, indie_rock, hard_rock, beautiful, 00s",Rock,2009,229880,0.592,0.796,0,-5.386,1,0.0327,0.114,0.000226,0.169,0.271,130.227,4
TRQJOLY128F148EBCD,You Won't Know,Brand New,https://p.scdn.co/mp3-preview/6f7e899556e23b17787c8f66e9165f7f59a8bfd0?cid=774b29d4f13844c495f206cafdad9c86,2eJwOIHWsRHKZWr0VQjQ2W,"rock, alternative, indie, alternative_rock, indie_rock, emo, love, beautiful, mellow, screamo",Rock,2006,341666,0.24,0.503,4,-5.027,0,0.036,0.0586,0.00128,0.184,0.036,95.61,1
TRITQQY128F42900FB,"If You Don't, Don't",Jimmy Eat World,https://p.scdn.co/mp3-preview/6935c2b03217ccbf8dafa9cd670cea50cf3c6ab8?cid=774b29d4f13844c495f206cafdad9c86,0geMKPMDy5mmAuBqNLp1MH,"rock, alternative, indie, alternative_rock, punk, indie_rock, punk_rock, american, emo, love, pop_rock",Rock,2001,274613,0.495,0.92,1,-4.213,1,0.0463,0.000242,0.0,0.151,0.263,139.99,4
TRIZJPY128F4265DCA,Anthems for a Seventeen Year-Old Girl,Broken Social Scene,https://p.scdn.co/mp3-preview/3050d04a32c3117236f7b4f96f52bac5a6763907?cid=774b29d4f13844c495f206cafdad9c86,0pjqB2r8MZmoADC0Ca80B5,"indie, indie_rock, chillout, beautiful, mellow",Rock,2010,275693,0.472,0.49,4,-7.974,1,0.0318,0.203,0.0283,0.158,0.408,79.698,4
TRBOQOM128F9333630,Play Crack the Sky,Brand New,https://p.scdn.co/mp3-preview/52d686af2a201b0d687f0acc08b1e8b696beb23c?cid=774b29d4f13844c495f206cafdad9c86,0oZ0arTyOThWaVY9TW4gLk,"indie_rock, acoustic, emo, love, beautiful, mellow",Rock,2003,327880,0.549,0.367,6,-11.509,1,0.0362,0.654,0.0,0.133,0.351,118.069,3
TRAEYWB128F148EBD0,Luca,Brand New,https://p.scdn.co/mp3-preview/037c64491e5369870cf4a82c195dbe9e787bbe0a?cid=774b29d4f13844c495f206cafdad9c86,0INaFEArM5PpGvL4rn81iE,"rock, alternative, indie, alternative_rock, indie_rock, emo, beautiful, mellow, screamo",Rock,2006,308666,0.491,0.668,9,-6.336,0,0.0342,0.0698,0.0382,0.143,0.183,134.63,3
TRTRZIY128F425B33F,Down In The Past,Mando Diao,https://p.scdn.co/mp3-preview/db762e2995686d5f6cfaf0b18e18159c1ef7245b?cid=774b29d4f13844c495f206cafdad9c86,0apHG3deHkSCFQu3w8G2kr,"rock, indie, indie_rock, swedish",Rock,2009,236386,0.532,0.678,11,-5.229,0,0.0462,0.000473,1.17e-06,0.0788,0.469,106.193,4
TRNVDKE128F148EBC8,Sowing Season (Yeah),Brand New,https://p.scdn.co/mp3-preview/b88d0316ef9e18f01aeddcd182b93335430c102a?cid=774b29d4f13844c495f206cafdad9c86,0g5TiUXg4GP1aDDHygH2N6,"rock, alternative, indie_rock, emo, love",Rock,2006,270733,0.475,0.703,4,-4.135,0,0.0393,0.00946,0.0911,0.203,0.203,114.297,3
TRTOYKB128F932D5E1,Soco Amaretto Lime,Brand New,https://p.scdn.co/mp3-preview/1a34e4bbd0775d5e583db519707e7f0191866c72?cid=774b29d4f13844c495f206cafdad9c86,3citaCUxtd1SXV3jQVaHv0,"acoustic, emo, love, beautiful, mellow, chill",Rock,2001,284653,0.678,0.246,1,-12.77,1,0.0352,0.815,0.0003,0.182,0.265,96.041,4
TRULOVL128F92DCF53,If There's a Rocket Tie Me To It,Snow Patrol,https://p.scdn.co/mp3-preview/33ca6a7283bfdec1cd0f8fd2624e0ff7206e52c1?cid=774b29d4f13844c495f206cafdad9c86,172bN0rExrcjJ6eNZQY1PR,"rock, alternative, indie, alternative_rock, indie_rock, british, pop_rock",Rock,2009,259653,0.452,0.695,0,-6.383,1,0.0313,0.0004,0.000444,0.229,0.0801,139.927,4
TRVOTRF128F148AE44,Again I Go Unnoticed,Dashboard Confessional,https://p.scdn.co/mp3-preview/6e20c6d092a002abd2a09c9956e8e336330aa692?cid=774b29d4f13844c495f206cafdad9c86,0hmVtXlWQvMEsQARhO5uUn,"indie, indie_rock, punk_rock, acoustic, emo, love",Rock,2002,162977,0.433,0.885,1,-5.576,1,0.0454,0.00642,4.47e-06,0.962,0.307,125.28,4
TRTMQXU128F14895BA,Fistful of Love,Antony and the Johnsons,https://p.scdn.co/mp3-preview/eaac661f244037c278cd527969038469296e8752?cid=774b29d4f13844c495f206cafdad9c86,0jWVgmvvNxFf7BefiXcwgP,"alternative, indie, singer_songwriter, soul, blues, acoustic, piano, indie_pop, love, beautiful, 00s",,2004,351800,0.34,0.487,3,-8.2,1,0.0349,0.545,0.00168,0.0991,0.286,81.968,4
TRFDXCC12903CF4703,Skyway Avenue,We the Kings,https://p.scdn.co/mp3-preview/d078c1cb2976af0304cb04aa8d09af27ef9aa539?cid=774b29d4f13844c495f206cafdad9c86,0hIBJ3L8AU3YNWuV9ScFy6,"punk, emo, love",Rock,2016,205209,0.464,0.893,6,-3.324,1,0.0815,0.0359,0.0,0.0551,0.664,164.035,4
TRZDXMH128F429EB49,The Bleeding Heart Show,The New Pornographers,https://p.scdn.co/mp3-preview/1e7fbaf92d065bbf042072a4dda64ae6f30fd6bd?cid=774b29d4f13844c495f206cafdad9c86,0KSrWqIpG3QVf5jZOnxMgJ,"indie, indie_rock, indie_pop",Rock,2005,267146,0.354,0.786,5,-5.543,1,0.0332,0.0302,0.00125,0.142,0.382,90.001,4
TRUWYFM128F423F000,No Children,The Mountain Goats,https://p.scdn.co/mp3-preview/954d18d57a807a4b9deb53a2e7e7638e02b5004f?cid=774b29d4f13844c495f206cafdad9c86,4XpQ2F8NtzWMZ3g5t8qv2Y,"indie, folk, singer_songwriter, acoustic, beautiful",,2002,168306,0.606,0.411,1,-7.566,1,0.0413,0.6,0.000649,0.103,0.412,84.944,4
TRUWMRX128F422059A,The List,Metric,https://p.scdn.co/mp3-preview/1477f9bed4e91a4da470a9ac50c6d2657afbb5f5?cid=774b29d4f13844c495f206cafdad9c86,2rkwrXgn8iJhRJIslPWe5g,"electronic, indie, female_vocalists, indie_rock, indie_pop",Rock,2005,172706,0.473,0.731,2,-7.4,1,0.0371,0.00186,2.29e-05,0.0705,0.43,149.925,4
TRFOASC128F931F53A,Goodbye,Best Coast,https://p.scdn.co/mp3-preview/21e53278bab3045b720ba39df2dc34fe8d8008fe?cid=774b29d4f13844c495f206cafdad9c86,0Dh3lzSNdhJ0Q6nZdShZad,"indie, female_vocalists, psychedelic, american, indie_pop, noise",,2010,160000,0.314,0.948,0,-4.872,1,0.089,0.000118,0.683,0.367,0.236,127.783,4
TRWEKZA128F429EB4F,Sing Me Spanish Techno,The New Pornographers,https://p.scdn.co/mp3-preview/8fc7cd37ffda223c779944c66c7414260757a6d7?cid=774b29d4f13844c495f206cafdad9c86,0AQ9u2gaJjL5FKg2MyTYfA,"indie, indie_rock, indie_pop",Rock,2005,256653,0.558,0.891,9,-3.876,1,0.0307,0.00894,0.0,0.341,0.733,129.062,4
TRQDDKR128F423F035,Into the White,Pixies,https://p.scdn.co/mp3-preview/1308da857b7e38d131f68cf5bf8442b229b07db9?cid=774b29d4f13844c495f206cafdad9c86,051tQvyTMedAnD9P5PkJIl,"rock, alternative, indie, punk, american",Rock,2004,279946,0.602,0.777,4,-11.492,1,0.0422,0.00162,0.103,0.089,0.544,130.125,4
TRLGMVE128EF3675A3,Hate It Here,Wilco,https://p.scdn.co/mp3-preview/66ac563ddf986616485e0d0dba9aa0f06005d2c6?cid=774b29d4f13844c495f206cafdad9c86,0Ek1GZta8fB9uOGmj8hJC6,"rock, alternative, indie, folk, indie_rock, singer_songwriter, piano, american, indie_pop, country, male_vocalists, 00s",,2007,270920,0.691,0.631,9,-6.266,1,0.034,0.345,0.00107,0.118,0.613,80.571,4
TRGKWHO128F933361A,Sic Transit Gloria ... Glory Fades,Brand New,https://p.scdn.co/mp3-preview/6fac3ff32aa11540d145cf82e8b128dddac9b8ce?cid=774b29d4f13844c495f206cafdad9c86,0pvhEbASPopl8PVOXBvXrr,"alternative, emo",Rock,2003,186493,0.645,0.72,8,-6.032,1,0.0399,0.0124,1.18e-06,0.502,0.79,92.799,4
TRLHWWN128F4241AF8,Red Sam,Flyleaf,https://p.scdn.co/mp3-preview/8aeced492f702fe90992b4bd5376f65bdbc0fc0c?cid=774b29d4f13844c495f206cafdad9c86,1dgq6eRYOx8sp0O5UvHNyX,"rock, alternative, female_vocalists, alternative_rock, hard_rock",Rock,2005,200066,0.426,0.94,7,-4.296,1,0.0432,0.0031,0.0,0.122,0.76,166.014,4
TRZGGHL12903CDBF1F,The Dirty Glass,Dropkick Murphys,https://p.scdn.co/mp3-preview/fea2c6b7cf2f4505ddc3da97f1885f5efd3f0cf2?cid=774b29d4f13844c495f206cafdad9c86,0GlC0IeWvqlGLVJBuSnDP0,"folk, punk, punk_rock",Punk,2013,233640,0.243,0.986,2,-2.333,1,0.126,0.0524,6.86e-05,0.893,0.445,145.569,4
TRBYDKJ12903CA9D33,Black Door,The Black Keys,https://p.scdn.co/mp3-preview/b7370d85f966fc1ea75f926be1a9b1046568aa48?cid=774b29d4f13844c495f206cafdad9c86,1WCLCeStVs2Z7kMoqG3pJm,"rock, hard_rock, blues, 00s, chill, blues_rock",,2006,210386,0.352,0.663,8,-8.99,1,0.0427,0.807,0.528,0.368,0.389,81.393,4
TRSYNTV128F1462B70,Under A Killing Moon,Thrice,https://p.scdn.co/mp3-preview/62edb20e5ca851f5eef68ecd2a67d3b23f2b0723?cid=774b29d4f13844c495f206cafdad9c86,0XiivUyimrmkUyJkKiILPW,"rock, metal, experimental, punk, hard_rock, progressive_rock, hardcore, punk_rock, metalcore, emo, post_hardcore, screamo",Rock,2003,161733,0.414,0.988,8,-3.703,1,0.0786,7.12e-06,0.44,0.0709,0.489,184.995,4
TRHFEMY128F14979BA,A Better Son/Daughter,Rilo Kiley,https://p.scdn.co/mp3-preview/70063d7b0075f6e6b1704985950621e05274287c?cid=774b29d4f13844c495f206cafdad9c86,1EbrdPBrDb0BQJcBrzbP4L,"indie, female_vocalists, folk, singer_songwriter, indie_pop, emo, love, beautiful, mellow",Rock,2002,279066,0.482,0.421,4,-10.965,1,0.0403,0.0758,0.87,0.146,0.0403,114.374,3
TRMRAHR128F428ABA2,Trying to Find a Balance,Atmosphere,https://p.scdn.co/mp3-preview/0ab4ccaa496c04cdad72b8f423e4521914492044?cid=774b29d4f13844c495f206cafdad9c86,0eE58rFwPTkITwhfXLZ3vb,"rap, hip_hop",Rap,2003,257320,0.453,0.831,7,-1.565,0,0.117,0.0585,0.0,0.0901,0.318,83.911,4
TRDWPGB128F42B63B2,Hey Brittany,Forever the Sickest Kids,https://p.scdn.co/mp3-preview/08f7a7fd135169eaf6ac95e7f060bfc73143dfd7?cid=774b29d4f13844c495f206cafdad9c86,0lQCuENgaGlBbWjoGtf1iv,"alternative, love, pop_rock",Rock,2007,185520,0.603,0.916,0,-3.87,1,0.0886,0.0213,1.01e-06,0.0707,0.396,119.942,4
TRDFHQU128F148AE45,The Places You Have Come To Fear The Most,Dashboard Confessional,https://p.scdn.co/mp3-preview/87c91c4235cb0f90d0e02290376acc281e3f4bf1?cid=774b29d4f13844c495f206cafdad9c86,1HZbwcxoL45sYHu5In8Bdm,"alternative, indie, singer_songwriter, acoustic, emo, mellow",Rock,2001,174493,0.562,0.476,6,-10.846,1,0.0339,0.76,0.0,0.0597,0.71,90.968,4
TRERLQB128EF34DF91,Say This Sooner,The Almost,https://p.scdn.co/mp3-preview/d6492a0ff95350512c589c68a7ecc8b495a53773?cid=774b29d4f13844c495f206cafdad9c86,3eFb3b6HRkioVXETNx1AX7,"rock, alternative, emo, post_hardcore, screamo",Rock,2007,194200,0.572,0.967,4,-3.733,0,0.0967,0.00651,0.0,0.076,0.527,121.008,4
TRHZMPR128F42A52CB,Challengers,The New Pornographers,https://p.scdn.co/mp3-preview/27abfa3fb35f0cda269de7bbcda67f28c0fa5b68?cid=774b29d4f13844c495f206cafdad9c86,33ZcFxD1OhwjMuiK4CuSvo,"indie, indie_rock, indie_pop, beautiful, mellow",Rock,2007,213520,0.595,0.394,2,-9.193,1,0.0282,0.857,0.0327,0.116,0.33,83.297,4
TRGADLW128F148AE42,The Good Fight,Dashboard Confessional,https://p.scdn.co/mp3-preview/9de6310814dc873aecba58287e9b7b7fa462e391?cid=774b29d4f13844c495f206cafdad9c86,0lsrmaLdogT49GKtffXWMi,"indie, acoustic, emo, love",Rock,2001,147304,0.443,0.838,3,-6.952,1,0.0845,0.364,0.0,0.106,0.716,167.221,4
TRSEVEV128F42A67DF,Mathletics,Foals,https://p.scdn.co/mp3-preview/cad6b5690c870ac79c30a0a6d6a2be84525f6a4b?cid=774b29d4f13844c495f206cafdad9c86,0nFt9M7lCK4DQ3EvAhMf7D,indie,Rock,2007,190706,0.55,0.993,2,-2.585,1,0.16,0.0122,0.322,0.291,0.312,144.95,4
TRNBFRU128F93269F5,The Soldiering Life,The Decemberists,https://p.scdn.co/mp3-preview/69d98e2aec987e2a8ddbd38eac986fa1cc531fef?cid=774b29d4f13844c495f206cafdad9c86,0fOKuHzHbTVNHOqB79ph4v,"indie, folk, indie_pop, 00s, mellow",Rock,2003,228293,0.519,0.357,9,-8.011,1,0.0323,0.263,0.0,0.0871,0.343,130.952,4
TRMLXNN128F9320611,High on the Heels,The Whitest Boy Alive,https://p.scdn.co/mp3-preview/d472b637ebce34b4f2b835863257df99ac4dc629?cid=774b29d4f13844c495f206cafdad9c86,2N9Y6DDIZBLlO13bUxznb1,"indie, indie_pop",Rock,2009,200213,0.786,0.47,5,-9.319,0,0.0546,0.0686,0.391,0.0575,0.534,118.11,4
TRUIXBK12903CDBF15,Sunshine Highway,Dropkick Murphys,https://p.scdn.co/mp3-preview/d1f136ddd2cfc36004e86f01ca66d24fc17f0eb3?cid=774b29d4f13844c495f206cafdad9c86,0DcUG0t31GoBpINgPTukPQ,"punk, punk_rock, 00s",Punk,2005,202000,0.328,0.934,7,-2.129,1,0.0467,0.000836,0.0,0.777,0.715,76.252,4
TRPIDAD128F429EA66,The Laws Have Changed,The New Pornographers,https://p.scdn.co/mp3-preview/226cd2ea6458de044592c6b4efa39898df7379d4?cid=774b29d4f13844c495f206cafdad9c86,04dgllyJm3dF5R614IlpIi,"indie, indie_rock, soundtrack, indie_pop, 00s",Rock,2003,206760,0.533,0.921,9,-3.132,1,0.0398,0.00355,0.0,0.0945,0.694,141.935,4
TROIWJE128F932A2A8,No Rest,Dry the River,https://p.scdn.co/mp3-preview/eab37080adb0d25066aaf356aba6edfa339ca075?cid=774b29d4f13844c495f206cafdad9c86,0eAQLC27LQyjm9fkb7r0Jr,,Rock,2012,187653,0.249,0.675,6,-5.464,1,0.0452,0.054,0.0,0.092,0.425,152.121,3
TRQZFVP128F4298DD3,Ocean and Atlantic,Mayday Parade,https://p.scdn.co/mp3-preview/4f52b373f359c7a7380d62d1478e800c196d62a7?cid=774b29d4f13844c495f206cafdad9c86,3gm97OLG3cx0pKyCWp8orZ,"alternative, alternative_rock, punk, love",,2007,210400,0.449,0.839,5,-3.893,1,0.052,4.46e-05,0.0,0.128,0.49,160.035,4
TRRUTHC128F93269F3,Song for Myla Goldberg,The Decemberists,https://p.scdn.co/mp3-preview/86192d505e10affcb88b1b044c4cebc68de7b08d?cid=774b29d4f13844c495f206cafdad9c86,09s1y92AINkVYGcUN0eZvG,"indie, folk, indie_rock, indie_pop, mellow",Rock,2003,213600,0.515,0.534,2,-7.906,1,0.026,0.00311,9.45e-06,0.0901,0.734,122.221,4
TRITVOV128F1462B7A,Paper Tigers,Thrice,https://p.scdn.co/mp3-preview/40adfa1f517fd391f5cb8aa513422f125f4538f7?cid=774b29d4f13844c495f206cafdad9c86,0I7ySGx1k4OhYO7c5hGzDH,"rock, metal, hardcore, post_hardcore, screamo",Rock,2003,240333,0.25,0.986,0,-3.254,0,0.444,0.00025,0.71,0.356,0.0683,180.094,3
TRXDINI128F146B94D,Rosemary,Deftones,https://p.scdn.co/mp3-preview/fdff9468e14fed397e89793485762cc76a9424be?cid=774b29d4f13844c495f206cafdad9c86,0WosJrzFiIVuKctmzG2yW0,post_rock,,2016,413346,0.285,0.613,5,-6.412,1,0.0421,0.0185,0.1,0.114,0.0772,126.628,4
TRGZUHW128F93337A2,Work Me,The Black Keys,https://p.scdn.co/mp3-preview/59c4473d6784876f8896c970d7418f9d195a1e84?cid=774b29d4f13844c495f206cafdad9c86,3FqZIOcQ7yjojTnvzVo58j,"rock, blues, guitar, cover, blues_rock",,2006,255973,0.381,0.755,0,-5.423,0,0.0374,0.478,0.0121,0.122,0.568,73.481,4
TRCOXEA12903CAF5E6,Break Out! Break Out!,All Time Low,https://p.scdn.co/mp3-preview/f6357c45d1cd6460ed484e08ef2af07288222184?cid=774b29d4f13844c495f206cafdad9c86,0KtpWbVfb5JUy5M4gyOyj7,"punk, punk_rock, emo, pop_rock",Rock,2008,183600,0.345,0.879,4,-6.504,1,0.0566,4.78e-05,0.0,0.285,0.527,179.802,4
TRLPRXA128F92EF8FA,Tin Man,Future Islands,https://p.scdn.co/mp3-preview/c098815fe15005cce9482d3328964e01e015cfe7?cid=774b29d4f13844c495f206cafdad9c86,1c8HwPHOhOdjC8MAtijROS,"indie, indie_pop",Rock,2011,193933,0.491,0.68,10,-5.497,1,0.0544,0.0395,0.679,0.199,0.28,154.023,4
TRWIFBN128F9308699,The Hazards of Love 4 (The Drowned),The Decemberists,https://p.scdn.co/mp3-preview/0271bea9b35bb965f9ac5e3a5dcce70cff4624c7?cid=774b29d4f13844c495f206cafdad9c86,2bSba8w4Wj6kpRb7tEdUi6,"indie, folk, indie_rock, chillout, acoustic, country, male_vocalists, 00s, chill",Rock,2009,357213,0.504,0.469,7,-8.44,1,0.0279,0.124,1.47e-05,0.106,0.0871,127.329,4
TRYQZRH128F92F4918,Excuse Me Mr.,Ben Harper,https://p.scdn.co/mp3-preview/775139918aa820e9c3d83de3b2694ec2bd9b40f1?cid=774b29d4f13844c495f206cafdad9c86,1ZzWnWWLubofH7JxqXBzZ9,"rock, folk, singer_songwriter, blues, acoustic",,1995,324200,0.787,0.427,0,-11.159,1,0.0471,0.0965,0.295,0.0932,0.508,152.497,4
TRUZPNY128F147FD23,Someone Else's Arms,MAE,https://p.scdn.co/mp3-preview/9233b92197520ab56307550cbf5e6c96df134c36?cid=774b29d4f13844c495f206cafdad9c86,1L4U5ikDKnskqKUpe1Knzc,"rock, indie, emo, pop_rock",Rock,2005,309104,0.519,0.893,1,-5.037,1,0.0758,0.001,0.000931,0.433,0.525,142.022,4
TRKRUFV12903CB7907,Exogenesis: Symphony Part 3 [Redemption],Muse,https://p.scdn.co/mp3-preview/49a68e3a6565e7b6877660e6dcf6ab16e6a22c28?cid=774b29d4f13844c495f206cafdad9c86,13ulgNngaR5dhPX0mlOpT0,"rock, alternative, progressive_rock, classical, post_rock, piano",Rock,2009,277026,0.0848,0.212,7,-11.406,1,0.0369,0.251,0.646,0.0796,0.0572,177.559,4
TREXITL128F421DF49,The First Single,The Format,https://p.scdn.co/mp3-preview/fed97e6df6f1b83261c4f454dc6830f1cfffb32c?cid=774b29d4f13844c495f206cafdad9c86,495BiaNeaqEdLrHXoFJPcq,"alternative, indie",Rock,2002,266893,0.592,0.939,4,-4.43,1,0.0334,0.00284,1.24e-05,0.0942,0.839,127.005,4
TREOHMN128F429EA64,From Blown Speakers,The New Pornographers,https://p.scdn.co/mp3-preview/0c09ed60ddc2c0a6e2394a4a7e6334b21886e7f0?cid=774b29d4f13844c495f206cafdad9c86,05AA5JbWq8J4k4lhyKhRlv,"rock, indie, pop, alternative_rock, indie_rock, indie_pop",Rock,2003,169200,0.456,0.862,0,-3.903,1,0.0356,0.15,3.03e-06,0.13,0.689,170.068,4
TRVBGWN128F93260FC,Beautiful Bride,Flyleaf,https://p.scdn.co/mp3-preview/de95a893c90dd1ecb88eb2146127564684f1cfc1?cid=774b29d4f13844c495f206cafdad9c86,1gvbBsOoytWx7SO0OiCWNa,"rock, female_vocalists, metal, alternative_rock",Rock,2009,183186,0.581,0.885,2,-4.794,0,0.0331,0.0106,0.0,0.359,0.383,97.006,4
TRGIGOM12903CE8965,Tobacco Island,Flogging Molly,https://p.scdn.co/mp3-preview/39b78985c69aac2571b5228681740b7f55d3315c?cid=774b29d4f13844c495f206cafdad9c86,0vnT6odRtr8wnfh6ghbwYT,punk,,2010,374160,0.258,0.946,0,-4.445,1,0.162,0.215,0.00183,0.987,0.451,153.787,4
TRORKFK12903CA2760,Lewis Takes Off His Shirt,Owen Pallett,https://p.scdn.co/mp3-preview/d2e6ec6b0dcadb2cfaddc2701e0e131e7773f0b6?cid=774b29d4f13844c495f206cafdad9c86,0mlRzwQOyLW5whTudeDCfn,"indie, beautiful",,2010,308480,0.664,0.629,2,-9.161,1,0.0333,0.921,0.703,0.0962,0.694,162.11,4
TRFNUVT128F92F9011,Ghost Town,The Vaccines,https://p.scdn.co/mp3-preview/723b3334bf0f6eff77d862c08dfe9a5401e174e5?cid=774b29d4f13844c495f206cafdad9c86,1CzooskJKgUN9XLGibPTWw,"indie, indie_rock, british",,2012,140906,0.464,0.863,6,-5.667,0,0.0336,0.00151,0.199,0.163,0.874,109.222,4
TRCRJXI128F425ACF2,It Takes A Fool To Remain Sane,The Ark,https://p.scdn.co/mp3-preview/ca565dda70b863056de557e48183e081760590da?cid=774b29d4f13844c495f206cafdad9c86,2FJZoFkLrQyuhuMA2HCdrB,"rock, pop, swedish",Rock,2012,232840,0.687,0.594,5,-4.834,1,0.0295,0.0104,0.0,0.106,0.379,122.951,4
TRMAQCM128E078998C,The Food,Common,https://p.scdn.co/mp3-preview/d051cd3be529e80e471144aecadd6ce2a419b001?cid=774b29d4f13844c495f206cafdad9c86,1Ke6bqdvdGJF1ftvuO8qtP,"rap, hip_hop",Rap,2005,216866,0.567,0.733,6,-8.52,0,0.202,0.0132,0.0,0.965,0.719,88.25,4
TROLKMA128F4274A30,Phone Home,The Dillinger Escape Plan,https://p.scdn.co/mp3-preview/43b2ac97b4bf63e09686ca5128e24a619e5ce425?cid=774b29d4f13844c495f206cafdad9c86,4A4WFWShfFMs64EBnaneMS,"hardcore, industrial, metalcore",Rap,2004,255773,0.523,0.962,6,-4.836,0,0.0675,0.00241,0.825,0.128,0.341,120.026,4
TRKHQQB128F93112EA,Happiness Is Overrated,The Airborne Toxic Event,https://p.scdn.co/mp3-preview/d8005b0a75545da8aec54e79ef201a34442903c4?cid=774b29d4f13844c495f206cafdad9c86,0EXZwksDW6aRIM8K5o3jLy,"alternative, indie, alternative_rock, indie_rock, post_punk",Rock,2009,191533,0.365,0.78,9,-3.457,1,0.0587,0.0136,0.0,0.0645,0.31,115.773,4
TRRIDFX128F429DB8C,Sweet Talk,Dear and the Headlights,https://p.scdn.co/mp3-preview/3d0eb96dc8aba6538fbcccb90eef7a4c32b5b649?cid=774b29d4f13844c495f206cafdad9c86,2N2RSVt0BmUfSU1MSdOvBM,indie,Rock,2007,177066,0.429,0.913,11,-5.945,1,0.0431,0.000319,4.73e-05,0.101,0.739,161.122,4
TROLCCZ128F932EC00,Happier,Guster,https://p.scdn.co/mp3-preview/c9c1af87bac982b91bcf47b4df20236f470361ed?cid=774b29d4f13844c495f206cafdad9c86,4jG5Cfg9Hn5ReXTHaGEW38,"rock, indie",Pop,1999,231013,0.699,0.62,9,-8.061,1,0.0271,0.343,2.21e-06,0.11,0.503,111.95,4
TRXUWEC128F426BE3F,Skinny Love,Bon Iver,https://p.scdn.co/mp3-preview/58264e81cb57e05c2e97d5f1c0c8b6c033e782a7?cid=774b29d4f13844c495f206cafdad9c86,0zP8BJOamm7Q9aNMwCby55,"alternative, indie, folk, indie_rock, singer_songwriter, acoustic, male_vocalists, love, beautiful, mellow",,2007,238520,0.565,0.257,0,-14.04,1,0.0579,0.843,3.03e-06,0.109,0.111,76.493,4
TRYBFNR128F426BE3D,Flume,Bon Iver,https://p.scdn.co/mp3-preview/d3a18e3462a8f8242a229ff870f1a07d068f7ecd?cid=774b29d4f13844c495f206cafdad9c86,0SxjUar3kSzArD0dRloczB,"alternative, indie, folk, singer_songwriter, acoustic, male_vocalists, beautiful, mellow",Folk,2009,212500,0.501,0.186,11,-14.451,1,0.0286,0.924,0.0472,0.136,0.088,66.842,4
TRUJOHU128F424E6A6,White Winter Hymnal,Fleet Foxes,https://p.scdn.co/mp3-preview/2451c6ca4ad5edc0002c847c61af69ced4dfce53?cid=774b29d4f13844c495f206cafdad9c86,0PO75LIJQ5TukvKCmxtZMR,"alternative, indie, folk, beautiful, mellow",,2009,146400,0.621,0.497,6,-10.026,0,0.027,0.396,2.36e-06,0.338,0.702,125.013,4
TRXTXMP128EF35F7B9,Grace Kelly,Mika,https://p.scdn.co/mp3-preview/9a804a9d2f5b4fd4acee264e35ff8f557ea485f1?cid=774b29d4f13844c495f206cafdad9c86,026UBYXOMvW0V28IxgLXdD,"alternative, pop, dance, british, britpop",,2012,188013,0.666,0.715,0,-9.445,1,0.0456,0.0325,0.0283,0.0845,0.699,122.244,4
TRVIRHU128F9318770,Riptide,Vance Joy,https://p.scdn.co/mp3-preview/0dd45171d094ca8d374219054879662fe7982462?cid=774b29d4f13844c495f206cafdad9c86,0AP5VLh5KWqgfCjPNChlTy,"alternative, indie, pop, folk, singer_songwriter, acoustic",Rock,2014,204280,0.484,0.731,1,-6.694,1,0.0379,0.431,0.0,0.151,0.51,101.654,4
TRIPLBA128F427200F,My Moon My Man,Feist,https://p.scdn.co/mp3-preview/a619c4964c09e54fe761488c559ceff45b82c0ea?cid=774b29d4f13844c495f206cafdad9c86,0Bl1KVabXXXnLYf5ZNYawU,"alternative, indie, pop, female_vocalists, folk, singer_songwriter, indie_pop",,2007,228360,0.692,0.529,4,-8.459,0,0.0624,0.127,0.0182,0.127,0.492,124.627,4
TRBXLFU128F427A494,Creature Fear,Bon Iver,https://p.scdn.co/mp3-preview/e4c91622605aed3e792e95ee03ed5636ca148aa9?cid=774b29d4f13844c495f206cafdad9c86,1ybu2CSF26zyquwCWb6YQJ,"alternative, indie, folk, indie_rock, singer_songwriter, acoustic, american, love, beautiful, 00s, mellow",Folk,2007,186120,0.393,0.125,2,-15.945,1,0.0577,0.932,0.00736,0.325,0.181,104.381,3
TRFHZSQ128F1486DEB,Postcards From Italy,Beirut,https://p.scdn.co/mp3-preview/b7478eda1a72b99ec2cff6f2b9fb80a9fb13ff49?cid=774b29d4f13844c495f206cafdad9c86,2nDfx5DL1NyrkM8DSchnto,"alternative, indie, folk, beautiful",,2008,255280,0.614,0.57,2,-7.278,0,0.0297,0.92,0.0266,0.111,0.42,109.985,4
TRAVDOK128F424EA5E,Foundations,Kate Nash,https://p.scdn.co/mp3-preview/63af9e736efcafd912101f9b07bcd2c8372aaf76?cid=774b29d4f13844c495f206cafdad9c86,1ioZ47mJ82Svzi1j1riNGF,"alternative, indie, pop, female_vocalists, singer_songwriter, british, indie_pop, britpop",,2007,245120,0.573,0.916,0,-3.39,1,0.0616,0.0795,0.0,0.0784,0.871,84.476,4
TRBQGOU128E07815E9,Misread,Kings of Convenience,https://p.scdn.co/mp3-preview/86ad89936b0b8aea2e7b9137fa441aee85ffd076?cid=774b29d4f13844c495f206cafdad9c86,1dCI5LUqvigrDQRkEcfMYz,"alternative, indie, pop, folk, chillout, acoustic, indie_pop, mellow, chill",Rock,2007,186969,0.632,0.531,11,-12.422,1,0.0394,0.723,0.536,0.121,0.874,160.729,4
TRTPWWP128F1486DF3,Elephant Gun,Beirut,https://p.scdn.co/mp3-preview/93f46a100e2df8c0770c8c458d22422dee156b32?cid=774b29d4f13844c495f206cafdad9c86,1BgT9RK8C60xqTQ6h8cLtq,"alternative, indie, folk, singer_songwriter, male_vocalists, beautiful",,2010,343866,0.275,0.64,8,-8.677,1,0.042,0.841,0.0413,0.0715,0.482,180.096,3
TRGTVAI128F426AA6A,Truly Madly Deeply,Savage Garden,https://p.scdn.co/mp3-preview/d24fa7178eccb057ea3b9ccdac51584bfdcc8898?cid=774b29d4f13844c495f206cafdad9c86,013AWvizllIUEC2FOBzOnh,"alternative, pop, 90s, love",Pop,1997,277266,0.555,0.698,0,-8.874,1,0.0287,0.403,0.0,0.0851,0.816,168.12,4
TRRJMDQ128F146CC0B,Spectrum,Florence + the Machine,https://p.scdn.co/mp3-preview/5e9ccde9f7b51738476cd18f57e42c36598151c3?cid=774b29d4f13844c495f206cafdad9c86,0a6HR0FYRZDBIg27Wbm7NH,"alternative, indie, female_vocalists, british, indie_pop",,2011,311533,0.574,0.879,11,-5.571,0,0.05,0.0685,0.000549,0.101,0.122,123.086,4
TRLQUGG128F4261B0E,Olsen Olsen,Sigur Rós,https://p.scdn.co/mp3-preview/b91793812971b6f2cc028ef0392ea6bc435e2ac3?cid=774b29d4f13844c495f206cafdad9c86,00LlKWWT70NKLbRf4PfSi4,"alternative, indie, ambient, experimental, instrumental, progressive_rock, chillout, post_rock, beautiful, chill",Rock,2000,483093,0.202,0.492,2,-11.579,1,0.0455,0.315,0.758,0.0934,0.227,132.343,3
TRGRNZL128F1497984,At the Bottom of Everything,Bright Eyes,https://p.scdn.co/mp3-preview/3ca95ccceeb92f12fecaf7c71b3a00fbea521884?cid=774b29d4f13844c495f206cafdad9c86,09JRdZ11NAsmL4ppAXWddf,"alternative, indie, folk, indie_rock, singer_songwriter, acoustic, emo, love, 00s",Rock,2005,273886,0.533,0.491,0,-9.791,1,0.0915,0.693,0.0,0.37,0.814,107.006,4
TRVIVYJ128F4261B0A,Flugufrelsarinn,Sigur Rós,https://p.scdn.co/mp3-preview/7e0953b5898408f4dfa4bcbc2cb740b63c1bac5f?cid=774b29d4f13844c495f206cafdad9c86,0CFrcpJu3gJjALCybJ5OmM,"alternative, indie, ambient, experimental, chillout, post_rock, beautiful",Rock,2000,468480,0.196,0.686,2,-7.025,1,0.0346,0.0302,0.675,0.189,0.102,120.269,4
TRUCWXA128F92E4944,Janglin,Edward Sharpe & The Magnetic Zeros,https://p.scdn.co/mp3-preview/d7bb3cb0d70869599767934b537c6cea17e83123?cid=774b29d4f13844c495f206cafdad9c86,2WBRDsGuMQNui9c29KMJ4L,"alternative, indie, folk, american, indie_pop",,2009,229600,0.578,0.688,6,-6.551,0,0.0541,0.632,5.98e-05,0.305,0.36,123.911,4
TRABFDT12903CADD73,Up Up & Away,Kid Cudi,https://p.scdn.co/mp3-preview/45fd4f4d9cb67717c0ac1cbba40348924137e487?cid=774b29d4f13844c495f206cafdad9c86,0InFAWpnO2z5ZcO2zJUtIH,"alternative, rap, hip_hop, chill",Rap,2009,227373,0.661,0.886,10,-6.248,0,0.0838,0.0709,6e-05,0.353,0.573,120.032,4
TRCOETJ128F14530AA,Ch-Check It Out,Beastie Boys,https://p.scdn.co/mp3-preview/b3f586ea64556ea422b747770b77854affc59737?cid=774b29d4f13844c495f206cafdad9c86,3NIxiBEtnl1tXCUhM2Zxt8,"alternative, rap, hip_hop, 00s",Rap,2004,195093,0.797,0.902,1,-6.875,1,0.263,0.0662,0.0,0.0848,0.699,115.067,4
TRKHYKB128E0789D42,Til Kingdom Come,Coldplay,https://p.scdn.co/mp3-preview/5245d4f062400ed0c39c478b2959545115796d54?cid=774b29d4f13844c495f206cafdad9c86,1wQXj5bgxyZQ2XmE2X9s6n,"rock, alternative, indie, pop, alternative_rock, indie_rock, british, chillout, acoustic, love, beautiful, britpop, mellow",Rock,2005,250668,0.607,0.395,0,-9.593,1,0.0287,0.61,0.00768,0.33,0.274,115.068,4
TRFTUIW128E0784B9F,Bubble Toes,Jack Johnson,https://p.scdn.co/mp3-preview/1f0dc0a160d20e774ac4c6405d91bd4ce9c78e3a?cid=774b29d4f13844c495f206cafdad9c86,1CFwwYZ58s34axN637i9Gq,"alternative, pop, folk, singer_songwriter, chillout, acoustic, guitar, mellow, chill",Rock,2001,236853,0.597,0.532,7,-10.583,1,0.165,0.594,0.00174,0.384,0.726,91.646,4
TRTDLDY12903CF7FF7,Andvari,Sigur Rós,https://p.scdn.co/mp3-preview/3bb7d0e4a4071b32092602725e1f25148c3339a4?cid=774b29d4f13844c495f206cafdad9c86,0EdCt9PpsDneh4LeNIy5vp,"alternative, indie, ambient, experimental, chillout, post_rock, downtempo, beautiful, mellow, chill",,2005,396013,0.184,0.225,9,-13.319,1,0.0365,0.781,0.918,0.0868,0.0386,110.1,4
TRIUYGE128F1492268,If You Could Only See,Tonic,https://p.scdn.co/mp3-preview/369ff0b746bfd162197e8d44229cab100248bea8?cid=774b29d4f13844c495f206cafdad9c86,0WpMgeduD6lyM8QuOvN7xW,"rock, alternative, alternative_rock, 90s, acoustic, love",Rock,2000,263200,0.423,0.917,10,-7.065,0,0.0349,0.00211,0.0,0.14,0.565,95.208,4
TRHZSRQ128F429EB40,A Time to Be So Small,Interpol,https://p.scdn.co/mp3-preview/2fc79b39c5d8faf6d13a79391808cadf1e677bec?cid=774b29d4f13844c495f206cafdad9c86,1tuobcx2zAPQtIItqJuQsX,"alternative, indie, alternative_rock, indie_rock, new_wave, post_punk",Rock,2004,291013,0.445,0.85,2,-3.619,0,0.0275,0.0484,0.86,0.103,0.532,87.002,4
TRLLVHK128F14676AE,Breathing,Yellowcard,https://p.scdn.co/mp3-preview/c91b5f5c5de9d5506dc56634e66d563f8ac0a3a1?cid=774b29d4f13844c495f206cafdad9c86,0DxN6Ywom8nnndyQXdSBPy,"rock, alternative, alternative_rock, punk, punk_rock, emo",Rock,2003,218706,0.382,0.932,4,-3.726,0,0.0716,3.5e-05,0.0,0.243,0.57,179.581,4
TRPXVJJ12903CE52E8,The Ballad Of Chasey Lain,Bloodhound Gang,https://p.scdn.co/mp3-preview/552ab4230c2f74535bcd04e128cbb4f9f82cfe4c?cid=774b29d4f13844c495f206cafdad9c86,02HSEUuCs9wGA5IfFKkvmq,"rock, alternative, alternative_rock, punk, punk_rock",,1999,141893,0.787,0.442,9,-5.911,1,0.042,0.00528,0.00301,0.0881,0.974,134.021,4
TRXITNR128F4255DF1,Get Over It,OK Go,https://p.scdn.co/mp3-preview/8de7c2237bf6162aad0a3360c0e1f811714d76a0?cid=774b29d4f13844c495f206cafdad9c86,05Igbm0LMia57ksK6jXiPH,"rock, alternative, indie, pop, alternative_rock, indie_rock, indie_pop, 00s",Rock,2012,198760,0.566,0.778,2,-4.345,1,0.0861,0.00157,0.0,0.0967,0.48,92.644,4
TRWCKEI128E0780E47,Online Songs,blink-182,https://p.scdn.co/mp3-preview/70ebab4fb70af50fbffe6c294b6d027d274becd3?cid=774b29d4f13844c495f206cafdad9c86,20lYHVkDn4NIOaWcS0gdXp,"alternative, punk, punk_rock, american",Rock,2001,145760,0.538,0.98,9,-3.249,1,0.0556,0.00516,0.0,0.376,0.649,98.457,4
TRNGQCW128F427B6E7,The Package,A Perfect Circle,https://p.scdn.co/mp3-preview/33508e2557ee4cea09e500fb07a8b6a371560041?cid=774b29d4f13844c495f206cafdad9c86,0pYEITNz4o9QjCwhCOlKyv,"rock, alternative, metal, alternative_rock, progressive_rock, progressive_metal",Rock,2013,460573,0.755,0.421,9,-9.556,1,0.0339,0.00307,0.663,0.119,0.137,123.821,4
TRCPXPB128F423EA6A,Velouria,Pixies,https://p.scdn.co/mp3-preview/599d6e6a695a8f82345a6ccf5e612400eedc7b01?cid=774b29d4f13844c495f206cafdad9c86,5Ag21WWi8vzq9Zw8Z4tANV,"rock, alternative, indie, alternative_rock, punk, indie_rock, 80s, 90s, american",Rock,1990,226493,0.504,0.74,6,-11.023,1,0.0299,0.00168,0.00311,0.094,0.583,124.729,4
TRISMJG128E07989DA,Sé Lest,Sigur Rós,https://p.scdn.co/mp3-preview/58b7df226989f88be94327684bb6c9a1767437f0?cid=774b29d4f13844c495f206cafdad9c86,4GcNCgQa1X3mTHYZ9zNVqT,"alternative, indie, ambient, experimental, chillout, post_rock, beautiful, mellow",,2005,524013,0.219,0.318,0,-15.323,1,0.0372,0.89,0.838,0.578,0.0783,74.691,3
TRVNYSZ128E0792A2B,Fire Water Burn,Bloodhound Gang,https://p.scdn.co/mp3-preview/8355af4639888e9d496bc64e83ef6510e92b2f2a?cid=774b29d4f13844c495f206cafdad9c86,1J8sOzsuhd13GVnrmDDuUE,"rock, alternative, alternative_rock, punk, punk_rock, 90s",Rock,1996,291426,0.688,0.566,7,-9.834,1,0.0309,0.0676,0.563,0.094,0.616,97.068,4
TRMIDUU128F42B0DD5,I Stay Away,Alice in Chains,https://p.scdn.co/mp3-preview/7ff42d232a700a6d1aac30067ce68ca2e418f698?cid=774b29d4f13844c495f206cafdad9c86,1KGXJsS6s4xxyM5H6RO7uo,"alternative, alternative_rock, hard_rock, 90s, grunge",Rock,1990,254440,0.177,0.84,6,-5.295,1,0.043,0.104,0.000375,0.0883,0.321,80.428,4
TRLXMFO128F4241AF0,Fully Alive,Flyleaf,https://p.scdn.co/mp3-preview/295381f66cca4c37c487f0b53374c87ff699c32a?cid=774b29d4f13844c495f206cafdad9c86,2MGpDu11Ute4wFJxaM7m0u,"rock, alternative, female_vocalists, metal, alternative_rock, hard_rock",Rock,2005,154133,0.454,0.947,5,-4.085,1,0.0841,0.0187,0.0,0.346,0.591,149.076,4
TRAAFGQ128F427D884,One Last Time,The Kooks,https://p.scdn.co/mp3-preview/11cb18617038ee2cda79ea5eb5e0202d55cc56ab?cid=774b29d4f13844c495f206cafdad9c86,03jkJsC7rGi7CCUadl4UMI,"rock, alternative, indie, indie_rock, british, acoustic, male_vocalists, beautiful, britpop",Rock,2008,158320,0.562,0.595,6,-7.038,1,0.0314,0.692,0.000179,0.237,0.443,82.575,4
TRNIIMI128F42BB6C0,Beelzeboss (The Final Showdown),Tenacious D,https://p.scdn.co/mp3-preview/1e3e08c2549e2c81f1d128b70f41ec78186b8206?cid=774b29d4f13844c495f206cafdad9c86,0bH15GD4CtxWvZW51EmDeD,"rock, alternative, metal, hard_rock, heavy_metal, soundtrack",Rock,2006,335800,0.414,0.887,2,-3.743,1,0.291,0.014,1.16e-06,0.161,0.414,155.346,4
TRVIOPH128E079894E,Walkin' On The Sun,Smash Mouth,https://p.scdn.co/mp3-preview/7c66b4e4589eb38cecc7ab18f14d2eb777d4958e?cid=774b29d4f13844c495f206cafdad9c86,02YL1QA8KdYfekDjVkVmxh,"rock, alternative, pop, alternative_rock, 90s, pop_rock, ska",Rock,2010,206133,0.736,0.975,6,-5.066,1,0.0316,0.509,3.43e-06,0.182,0.968,123.309,4
TRISFMO128F427F301,Breathe (2 AM),Anna Nalick,https://p.scdn.co/mp3-preview/5beb1e64c6fa7a2959aafb66b7cc8df48a0fb31d?cid=774b29d4f13844c495f206cafdad9c86,0fzCDvq0smVd9tI6eh55Jj,"alternative, pop, female_vocalists, singer_songwriter, piano, love, beautiful, mellow",Pop,2015,280306,0.381,0.449,2,-7.666,1,0.029,0.406,0.0,0.0837,0.289,169.9,3
TRQERAH128F1486DEA,Brandenburg,Beirut,https://p.scdn.co/mp3-preview/be3ba7744806f4523d8e09c46b120bed57f6c277?cid=774b29d4f13844c495f206cafdad9c86,2FLFSPPH9Z6rx66xN4T3Ga,"alternative, indie, experimental, folk",,2006,218773,0.432,0.808,7,-5.277,0,0.0453,0.744,0.0805,0.113,0.185,76.68,4
TRTVBIX128F4223198,River Below,Billy Talent,https://p.scdn.co/mp3-preview/44d41d2d9abeaf7fe8380d1f470e852139e2d424?cid=774b29d4f13844c495f206cafdad9c86,058jY6QhOcs6zafxy6z03U,"rock, alternative, alternative_rock, punk, punk_rock, emo",,2014,179093,0.468,0.939,7,-4.152,0,0.0682,0.000421,0.0,0.356,0.637,175.716,4
TRFAOTA128E07989E0,Heysátan,Sigur Rós,https://p.scdn.co/mp3-preview/b53c6b6e489eb04cfbede27412b89d8368327f59?cid=774b29d4f13844c495f206cafdad9c86,4GZFE51CLMMtaqhAW4VC9f,"alternative, indie, ambient, experimental, chillout, post_rock, beautiful, mellow",,2005,281693,0.166,0.0234,7,-19.652,1,0.0463,0.914,0.587,0.0324,0.0725,93.336,3
TRPOMJY128F1486DEC,Mount Wroclai (Idle Days),Beirut,https://p.scdn.co/mp3-preview/40093b03c144564860874abe4fc69f33f982960d?cid=774b29d4f13844c495f206cafdad9c86,3SonaciCiY2VGnQpEkKdEv,"alternative, indie, experimental, folk, singer_songwriter, beautiful",,2006,195506,0.25,0.63,10,-3.83,0,0.0319,0.476,0.0192,0.0669,0.241,110.38,3
TRIWZFM128C7196DF5,This Mess We're In,PJ Harvey,https://p.scdn.co/mp3-preview/97f5420f7a3aff04715afa76629437859aae0eaa?cid=774b29d4f13844c495f206cafdad9c86,3Jc0zSemeLO9HIMeeTcoRk,"rock, alternative, indie, female_vocalists, alternative_rock, indie_rock, singer_songwriter, british, love, beautiful, 00s",Rock,2004,237133,0.541,0.557,0,-9.743,1,0.0275,0.0396,0.146,0.0934,0.4,126.333,4
TRYZAMO128E079125F,Waltz #2 (XO),Elliott Smith,https://p.scdn.co/mp3-preview/a80e5aa0917ec948fc9a075afa11251578bce86b?cid=774b29d4f13844c495f206cafdad9c86,0xd6Bx4NzaJ0Mo7vupf8hI,"alternative, indie, folk, indie_rock, singer_songwriter, 90s, acoustic, indie_pop, love, beautiful, mellow",,2010,278720,0.632,0.487,10,-7.684,1,0.0257,0.358,8.76e-05,0.0871,0.636,132.141,3
TRKTDXK128E0780E4A,Story Of A Lonely Guy,blink-182,https://p.scdn.co/mp3-preview/49c451b444618045a89d03df53aaa6128d406c45?cid=774b29d4f13844c495f206cafdad9c86,1qkSIbzjMKhmXsGOOjvQ2E,"alternative, alternative_rock, punk, punk_rock, american",Rock,2001,219666,0.554,0.888,9,-4.382,1,0.0336,0.000892,0.00134,0.544,0.584,152.057,4
TRUZRFT128F42BC682,Little Motel,Modest Mouse,https://p.scdn.co/mp3-preview/4dd5147ca6e03dad1fad8f2e8160d775cf3a23c2?cid=774b29d4f13844c495f206cafdad9c86,1UR0lWHLSCx2naiD7bq9FW,"alternative, indie, alternative_rock, indie_rock, chillout, american, indie_pop, downtempo, love, beautiful, mellow, chill",Rock,2007,284186,0.616,0.462,0,-9.135,1,0.0271,0.279,0.00473,0.153,0.23,101.983,4
TRNWEYN128E0793C6E,Luka,Suzanne Vega,https://p.scdn.co/mp3-preview/84f07260dae75e83cdd0f2317f03fd47f69236c9?cid=774b29d4f13844c495f206cafdad9c86,02cFDbW2Gw9r7oxJA9GcXz,"alternative, pop, female_vocalists, folk, singer_songwriter, 80s",Pop,2007,232240,0.628,0.746,6,-7.895,1,0.0321,0.13,4.22e-05,0.123,0.81,124.884,4
TRECPSY12903CB637F,I Think Ur a Contra,Vampire Weekend,https://p.scdn.co/mp3-preview/1a0df81cd441a06fee03b296ac515a5c7b71c0d7?cid=774b29d4f13844c495f206cafdad9c86,3BLxSMHBC4DcMsTGFwjUH0,"alternative, indie, pop, indie_rock, american, indie_pop, downtempo, beautiful",Rock,2010,269160,0.365,0.324,0,-12.864,1,0.0388,0.918,0.0658,0.0829,0.171,140.123,3
TRKSBMC12903C980AC,The Golden Age,Beck,https://p.scdn.co/mp3-preview/4181cfd5846b2574ac05f8b3880001203a68a0ef?cid=774b29d4f13844c495f206cafdad9c86,01sM1zA7j3NzCnHdEMWRbu,"rock, alternative, indie, alternative_rock, folk, indie_rock, singer_songwriter, acoustic, american, male_vocalists, 00s, mellow, chill",Rock,2002,274813,0.502,0.493,6,-9.326,0,0.0339,0.0352,0.00383,0.343,0.143,124.314,4
TRLQFFX128F92F4917,Underneath It All,No Doubt,https://p.scdn.co/mp3-preview/1ec751b3d8659a9769b7d4bb867183175f11f736?cid=774b29d4f13844c495f206cafdad9c86,1e1gbU3YY8vSxcZRTEcGAF,"alternative, pop, female_vocalists, alternative_rock, reggae, love, 00s, mellow, ska",,2003,302040,0.73,0.738,4,-4.583,1,0.0736,0.222,0.0,0.391,0.867,138.208,4
TRDJDUD128F931B10C,Gimme Sympathy,Metric,https://p.scdn.co/mp3-preview/bade941c1f7917999c995757b26297dcaf07c97d?cid=774b29d4f13844c495f206cafdad9c86,03la1tJ6B01qp2EhFpeXsj,"alternative, indie, female_vocalists, indie_rock",Rock,2009,234586,0.455,0.885,9,-6.145,1,0.0794,0.00913,0.0019,0.117,0.125,139.025,4
TRAMCGL128F92F3D87,Eriatarka,The Mars Volta,https://p.scdn.co/mp3-preview/841e1f5cdc7755d4de882bb8daa43da3bdd21b55?cid=774b29d4f13844c495f206cafdad9c86,1AhLaYyxsPh8KaQIuM1BzI,"alternative, alternative_rock, experimental, progressive_rock, psychedelic",Rock,2003,380435,0.183,0.955,6,-2.514,0,0.163,0.0256,0.00318,0.609,0.275,157.999,3
TRSAVRV128E0784602,Televators,The Mars Volta,https://p.scdn.co/mp3-preview/cdd0b097614824fdf3f9f9396437f4d45799afa2?cid=774b29d4f13844c495f206cafdad9c86,23qnota5Iyg4f9LNdNIC1D,"alternative, alternative_rock, experimental, progressive_rock, psychedelic, beautiful",Rock,2003,378786,0.306,0.541,11,-8.195,0,0.0383,0.457,6.06e-06,0.122,0.183,122.041,3
TRDVXUG128F1456CBF,There Is,Box Car Racer,https://p.scdn.co/mp3-preview/f594fdde81da09f9dc47487e65a8b3e1762bff39?cid=774b29d4f13844c495f206cafdad9c86,1aBjeZAATqhXSxeIG14W6N,"rock, alternative, alternative_rock, punk, punk_rock, emo, love",,2002,198346,0.656,0.851,4,-5.362,1,0.0442,0.15,0.0,0.119,0.772,106.113,4
TRTUCUY128F92E1D24,Stacked Actors,Foo Fighters,https://p.scdn.co/mp3-preview/d7350c743c3d917f2a1391a73c73b996a24b665e?cid=774b29d4f13844c495f206cafdad9c86,1vziI0NCJKrqKiG94COHBa,"rock, alternative, alternative_rock, hard_rock, 90s, grunge",Rock,1999,256440,0.502,0.934,7,-5.145,1,0.05,0.00203,0.00102,0.234,0.67,134.898,4
TRUOCWY128F427B6F5,A Stranger,A Perfect Circle,https://p.scdn.co/mp3-preview/618b407485226e6c574b352820b1047925110e41?cid=774b29d4f13844c495f206cafdad9c86,0u0B4R9mRTu91YraY9KVF7,"rock, alternative, alternative_rock, progressive_rock, acoustic, beautiful, mellow",Rock,2003,192333,0.536,0.368,1,-12.761,0,0.0296,0.516,0.0338,0.0921,0.0949,109.979,4
TREJPXI128F92E58AD,Setting Forth,Eddie Vedder,https://p.scdn.co/mp3-preview/50f3a5087cc32d4ca0b8d14dae20f162edaa629e?cid=774b29d4f13844c495f206cafdad9c86,28JamPf9eIzKeZJDdoxOM2,"rock, alternative, alternative_rock, folk, singer_songwriter, soundtrack, acoustic, grunge",Rock,2007,97866,0.551,0.8,2,-5.098,1,0.029,0.0136,0.0,0.219,0.757,119.418,4
TRLXSNR128F429361D,Generator,Foo Fighters,https://p.scdn.co/mp3-preview/c61e0d64aed48a13395f1f4cb533125fb7adce5d?cid=774b29d4f13844c495f206cafdad9c86,592nTDJAy8AucV4KKIDCmA,"rock, alternative, alternative_rock, hard_rock, 90s, grunge",Rock,1999,227560,0.468,0.924,9,-3.937,1,0.041,0.00112,0.0149,0.337,0.593,152.694,4
TRUQZXA128F42A5F85,Down The Line,José González,https://p.scdn.co/mp3-preview/21d455fa13786b2ac536126b279e72b669d64739?cid=774b29d4f13844c495f206cafdad9c86,0GixW2r7DQK76xOxMmKn8S,"alternative, indie, folk, singer_songwriter, acoustic, beautiful, guitar, swedish, mellow, chill",,2007,192906,0.538,0.734,2,-6.284,0,0.0318,0.389,0.42,0.0849,0.63,147.901,4
TRZZUTD12903CADD68,Solo Dolo (Nightmare),Kid Cudi,https://p.scdn.co/mp3-preview/66373133ca4e7ebceedf43a4e9f70df6755fc08d?cid=774b29d4f13844c495f206cafdad9c86,2EHEQx2avP1fNBLJf5UGYy,"alternative, rap, hip_hop, american",Rap,2009,266306,0.768,0.449,7,-7.569,0,0.029,0.518,0.000463,0.136,0.614,79.12,4
TRKCDTK128F428191A,Hope There's Someone,Antony and the Johnsons,https://p.scdn.co/mp3-preview/7b1a83af86002a0058865f7dd1abbd481823ef7b?cid=774b29d4f13844c495f206cafdad9c86,09ZGF6mwJVzw5jxqbtT53E,"alternative, indie, pop, experimental, folk, singer_songwriter, piano, love, beautiful, 00s",,2005,261200,0.294,0.184,6,-10.421,1,0.0405,0.979,0.0115,0.143,0.0812,141.245,1
TRUXWBF128E0785B09,Cheers Darlin',Damien Rice,https://p.scdn.co/mp3-preview/19e8d7b3875de8bc38c7fd8fc06fd64ffaba78ad?cid=774b29d4f13844c495f206cafdad9c86,44zGAo63hhc3xo0rlBweRo,"alternative, indie, folk, indie_rock, singer_songwriter, acoustic, love, beautiful, mellow",Folk,2003,350226,0.549,0.112,9,-17.846,0,0.0482,0.697,0.000507,0.165,0.103,113.552,3
TRNYNSM128F427A82B,The French Open,Foals,https://p.scdn.co/mp3-preview/d1a4e98964415735cf23e56e936058c79bbe544f?cid=774b29d4f13844c495f206cafdad9c86,1mwSBm0GO3YRvRSTUvv449,"alternative, indie, indie_rock, dance, british",Rock,2008,225440,0.76,0.768,9,-6.339,0,0.0698,0.00435,0.137,0.12,0.606,145.672,4
TRCUKLZ128F427AAE2,Say (All I Need),OneRepublic,https://p.scdn.co/mp3-preview/0d7f280744f79beb8e59614cda9e2bc6dfaa19a4?cid=774b29d4f13844c495f206cafdad9c86,0HdRhCrAFJjZBRah0Fc9XE,"rock, alternative, indie, pop, alternative_rock, love, beautiful, mellow, pop_rock",Rock,2007,230573,0.548,0.742,9,-5.741,1,0.0498,0.0184,0.0,0.153,0.31,122.007,4
TRUQAQG128F42748B5,Make Yourself,Incubus,https://p.scdn.co/mp3-preview/7b1277effaf1d6496b212b47b1b7153958ce3010?cid=774b29d4f13844c495f206cafdad9c86,0W476y3t8MCf8KQ8n3MdnV,"rock, alternative, alternative_rock, hard_rock, 90s, american",,1997,183146,0.41,0.979,2,-5.021,1,0.106,0.00127,0.0125,0.355,0.478,146.741,4
TRCKWGF12903CD2DCD,Never Let You Go,Third Eye Blind,https://p.scdn.co/mp3-preview/1176dc40a5bfbad5d27365754f3a489fbe76707a?cid=774b29d4f13844c495f206cafdad9c86,7mP4fGwTDxoTOfQtxeAiJS,"rock, alternative, pop, alternative_rock, 90s, pop_rock",Pop,2005,237120,0.729,0.94,4,-4.933,1,0.0382,0.0845,0.000262,0.0963,0.966,113.804,4
TRDUOIP128F147D5A7,Way Away,Yellowcard,https://p.scdn.co/mp3-preview/0d74911e33945d9bad999f10b040253f47150db6?cid=774b29d4f13844c495f206cafdad9c86,0sYbfcMY1r5sSKSLd56wQO,"rock, alternative, indie, alternative_rock, punk, punk_rock, emo",Rock,2015,201226,0.357,0.95,2,-5.203,0,0.104,6.32e-06,5.26e-05,0.0835,0.365,179.62,4
TRIOTLQ128E0789D3B,X & Y,Coldplay,https://p.scdn.co/mp3-preview/27c58f6090038a7bbdb4229e26edf48e46554466?cid=774b29d4f13844c495f206cafdad9c86,2rxp56vVQp1zzumJ0eHLmw,"rock, alternative, indie, pop, alternative_rock, indie_rock, british, chillout, britpop, mellow, pop_rock",,2005,274175,0.225,0.561,6,-6.813,0,0.0352,0.563,0.00987,0.366,0.0818,153.24,4
TRTLNUT12903CF4704,Check Yes Juliet,We the Kings,https://p.scdn.co/mp3-preview/068cad9417f07f6c3b00c0c0a8993e737dca4ad5?cid=774b29d4f13844c495f206cafdad9c86,1b7vg5T9YKR3NNqXfBYRF7,"alternative, alternative_rock, emo, love, pop_rock",Rock,2007,220133,0.35,0.909,2,-4.204,1,0.0774,0.0024,0.0,0.163,0.314,166.866,4
TRZFPUI128F147A02A,Love Like Winter,AFI,https://p.scdn.co/mp3-preview/5637bd144260c726329dae92ef78e7482d9d03b7?cid=774b29d4f13844c495f206cafdad9c86,00KDLKBfP7DzSDLqJICQtk,"rock, alternative, alternative_rock, punk, punk_rock, emo, love",Rock,2006,165651,0.585,0.921,10,-4.443,0,0.0483,0.000252,6.37e-05,0.0454,0.507,119.994,4
TRCUPMW128E07899D7,Your Time Has Come,Audioslave,https://p.scdn.co/mp3-preview/bbcae362a1651aeda05dc617794115759538034d?cid=774b29d4f13844c495f206cafdad9c86,1DTHuAh4zhWMc1KbfCy1iP,"rock, alternative, alternative_rock, hard_rock, grunge",Rock,2005,255426,0.302,0.969,2,-2.687,1,0.0773,0.0114,3.6e-05,0.152,0.401,133.499,4
TROUBVX128F9324516,Blood Bank,Bon Iver,https://p.scdn.co/mp3-preview/6dcb9dabfef2b7d2056d86c0ed912f8728af822c?cid=774b29d4f13844c495f206cafdad9c86,1tlXPa2eOmj64as5cTLDFY,"indie, folk, singer_songwriter, chillout, acoustic, love, beautiful, mellow",Rock,2009,285160,0.489,0.369,7,-11.99,1,0.033,0.963,0.0238,0.116,0.218,116.823,4
TRBDTIH128C7196C2C,Pink Moon,Nick Drake,https://p.scdn.co/mp3-preview/3d6a0f1550c409584ee6ff81817a9fc8bfea839f?cid=774b29d4f13844c495f206cafdad9c86,0lVIN0hZkIjzdOcSMQxsu4,"indie, folk, singer_songwriter, british, acoustic, 70s, beautiful, mellow",Folk,2011,124240,0.646,0.367,3,-10.294,1,0.0376,0.832,0.0871,0.128,0.458,82.47,4
TRFNDHN128F426BE40,The Wolves (Act I and II),Bon Iver,https://p.scdn.co/mp3-preview/8c0f0b134e4ebb595df5b608765ad39a01f11854?cid=774b29d4f13844c495f206cafdad9c86,13D6Dx2fuweoi26Te6S0E7,"indie, folk, singer_songwriter, acoustic, male_vocalists, beautiful, mellow",Folk,2013,322040,0.462,0.162,5,-15.893,1,0.0488,0.778,4.6e-05,0.0918,0.0871,114.773,3
TROODYK12903CB5C2C,Big Jet Plane,Angus & Julia Stone,https://p.scdn.co/mp3-preview/501cb8743653b15cb6c31cc9d143621e39a7a5a9?cid=774b29d4f13844c495f206cafdad9c86,01EaSrPBx56eLywB2KsmLu,"indie, pop, folk, chillout, beautiful",Rock,2011,239240,0.758,0.398,10,-8.038,0,0.027,0.15,0.00911,0.141,0.255,110.005,4
TRBTIFY12903CAB63C,Each Coming Night,Iron & Wine,https://p.scdn.co/mp3-preview/0b4215efc06bee99bdc40aa777775216982a8f29?cid=774b29d4f13844c495f206cafdad9c86,0mh7eTsBmQj29bkgpQKoPj,"indie, folk, singer_songwriter, chillout, acoustic, love, beautiful, mellow, chill",Folk,2004,207720,0.361,0.23,2,-15.517,1,0.0359,0.835,0.517,0.111,0.415,163.354,3
TRLAEWG128F4227F4C,New Soul,Yael Naim,https://p.scdn.co/mp3-preview/464707b4a66abfd4db6724ac1270f3a9013ac22a?cid=774b29d4f13844c495f206cafdad9c86,0ftNY455J5XB6qyxa5BZ85,"indie, pop, female_vocalists, folk, singer_songwriter, soul, french",Pop,2008,222960,0.57,0.36,0,-8.622,1,0.0499,0.759,4.85e-05,0.129,0.607,200.292,4
TRMMCDR128F423AB03,Anyone Else But You,The Moldy Peaches,https://p.scdn.co/mp3-preview/4ff728a9833f8cddaf6cd7fbb302a5a95ef188f9?cid=774b29d4f13844c495f206cafdad9c86,0hu7SWGeiZsXpzOyM1XGyY,"indie, folk, singer_songwriter, soundtrack, acoustic, love",,2007,179520,0.615,0.231,7,-12.753,1,0.0433,0.944,0.0,0.08,0.514,73.126,4
TRMFONA128F92F91AD,Needle in the Hay,Elliott Smith,https://p.scdn.co/mp3-preview/92cf228f3d2cefa8385b39a7907f51ff4d32a863?cid=774b29d4f13844c495f206cafdad9c86,0OIMgDbvSjFq5TCMan3W6s,"indie, folk, indie_rock, singer_songwriter, soundtrack, acoustic, beautiful, mellow",Rock,2010,259893,0.56,0.202,5,-16.785,1,0.0383,0.564,0.00749,0.115,0.337,116.159,4
TRKGSES128F4285639,The Water,Feist,https://p.scdn.co/mp3-preview/f6cd069b5ab613f582047e6c8275aedc446a2ca0?cid=774b29d4f13844c495f206cafdad9c86,0odZ1pXfIZWrbMxaaQ2TEm,"indie, female_vocalists, folk, singer_songwriter, chillout, indie_pop, beautiful, mellow",,2007,285973,0.373,0.0513,0,-14.57,1,0.032,0.897,0.00583,0.0971,0.141,93.52,3
TRDNMQD128F9325C24,The Only Moment We Were Alone,Explosions in the Sky,https://p.scdn.co/mp3-preview/72fe856aa6a9fac1b1f1de69830bfb8218b4bdea?cid=774b29d4f13844c495f206cafdad9c86,0QQglK4d7NIPTrNthG8FGu,"indie, ambient, experimental, instrumental, post_rock, beautiful",Rock,2003,614040,0.3,0.417,0,-14.52,1,0.0356,0.00664,0.812,0.567,0.0351,117.515,3
TRWWOKS128F9325C37,Six Days At The Bottom Of The Ocean,Explosions in the Sky,https://p.scdn.co/mp3-preview/bf6e49d07ad87e66455e7e689177d583a65672a6?cid=774b29d4f13844c495f206cafdad9c86,01yME1FRjy985eErHTrVyB,"indie, ambient, experimental, instrumental, chillout, post_rock, beautiful",Rock,2003,523064,0.243,0.386,2,-16.547,0,0.0346,0.379,0.873,0.153,0.0702,108.776,3
TROUMHD128F9355B89,Obsessions,Marina & the Diamonds,https://p.scdn.co/mp3-preview/e3c070cb42e1413b146cbe3253a1bb2a05218c24?cid=774b29d4f13844c495f206cafdad9c86,0X3VdkebZGTuL9sMOMoyHy,"indie, pop, female_vocalists, singer_songwriter, british, piano, indie_pop, beautiful, 00s",Pop,2010,208133,0.721,0.616,9,-6.795,0,0.0343,0.677,0.00124,0.0841,0.521,104.955,4
TRIYYFR128F429537F,Ain't No Reason,Brett Dennen,https://p.scdn.co/mp3-preview/640a50ad58935f33231d47bf6c55e76f6683f810?cid=774b29d4f13844c495f206cafdad9c86,0FSaq4WfIJ8RbG2Li1JD5B,"indie, folk, singer_songwriter, acoustic, mellow, chill",Folk,2013,217693,0.672,0.377,5,-8.996,1,0.0467,0.641,0.0,0.12,0.459,72.992,4
TRPGHIS128F932A4AA,"So Long, Lonesome",Explosions in the Sky,https://p.scdn.co/mp3-preview/658becb46202d5e57bb3198b4212f6cb83b55daf?cid=774b29d4f13844c495f206cafdad9c86,3865j5TKCiO3Vi3MfPqYVQ,"indie, ambient, experimental, instrumental, post_rock, piano, beautiful",Rock,2007,220373,0.436,0.363,6,-12.313,1,0.0312,0.738,0.525,0.0686,0.04,104.999,3
TRMJOZD12903CFE323,Gatekeeper,Feist,https://p.scdn.co/mp3-preview/a28ff7870d66976dceee72bcacdc44179f578f47?cid=774b29d4f13844c495f206cafdad9c86,0yUJMO7eM89ObOc8Rh6Kin,"indie, pop, female_vocalists, folk, singer_songwriter, chillout, acoustic, indie_pop, mellow, chill",Rock,2004,137520,0.851,0.0605,9,-16.303,0,0.043,0.968,0.0,0.126,0.326,109.819,4
TRNWFWR128F93501AC,Why Do You Let Me Stay Here?,She & Him,https://p.scdn.co/mp3-preview/46c48e847f639fc444a6b2208d07c3f68362afca?cid=774b29d4f13844c495f206cafdad9c86,0tQ1liRAAH5EyHT5butQis,"indie, pop, female_vocalists, piano, indie_pop, beautiful",,2008,153520,0.508,0.791,0,-6.667,1,0.0478,0.0501,0.00744,0.0816,0.441,108.488,4
TRKRADU128F92E17F6,World Spins Madly On,The Weepies,https://p.scdn.co/mp3-preview/acffb68c8bdd2c49618484ce5e18ae7c4127254f?cid=774b29d4f13844c495f206cafdad9c86,0bAM9qivrntXnHyklRRx39,"indie, folk, singer_songwriter, acoustic, beautiful, mellow, chill",Folk,2006,165133,0.502,0.311,1,-13.421,1,0.0285,0.617,4.32e-05,0.129,0.4,107.612,4
TRBMADI128F42ACE83,Dickhead,Kate Nash,https://p.scdn.co/mp3-preview/6eb9198820e2be503c6a2388f78d03c92da4e652?cid=774b29d4f13844c495f206cafdad9c86,1fWsCx6OlGawSf3gIIHMGX,"indie, pop, female_vocalists, singer_songwriter, british, chillout, indie_pop",Pop,2007,223000,0.735,0.508,11,-8.129,0,0.14,0.398,1.59e-06,0.114,0.518,84.931,4
TRGDEII128F4299E32,Stay In The Shade,José González,https://p.scdn.co/mp3-preview/30b4e186ed3290273264541632e79cefff61cf49?cid=774b29d4f13844c495f206cafdad9c86,0o7EquUXX8Q3TFgQO0FRKU,"indie, folk, singer_songwriter, chillout, acoustic, swedish, mellow",,2003,142866,0.596,0.229,5,-13.378,1,0.0338,0.946,0.403,0.111,0.0756,102.427,4
TRKEDJH128F1486DED,Rhineland (Heartland),Beirut,https://p.scdn.co/mp3-preview/7ab99a21a4f796c6c2771ba68f01631af123b127?cid=774b29d4f13844c495f206cafdad9c86,1zt3iOVOg3NkNH3fgR9rdi,"indie, folk, singer_songwriter",,2006,238800,0.196,0.541,2,-6.703,0,0.0361,0.79,0.0582,0.123,0.321,187.521,3
TRQLWDC128F42396CF,Cliquot,Beirut,https://p.scdn.co/mp3-preview/97fbe9951620a79abda2c38c3834527dd5d9e465?cid=774b29d4f13844c495f206cafdad9c86,3Is25qMgJEyCM5w764pChe,"indie, experimental, folk, instrumental, singer_songwriter, american",Folk,2007,233520,0.528,0.458,4,-7.202,0,0.0307,0.842,8.11e-06,0.0956,0.624,150.268,3
TRZEUSA128F148AE3E,Screaming Infidelities,Dashboard Confessional,https://p.scdn.co/mp3-preview/e06c6924daf9b07c02ffa3e5bb41fd91f529bba1?cid=774b29d4f13844c495f206cafdad9c86,0w4eINpH6ZzZxYGgwSdyBX,"indie, alternative_rock, acoustic, emo",Rock,2001,226306,0.457,0.527,6,-7.662,1,0.0304,0.383,1.82e-06,0.17,0.193,142.441,4
TRPRZEC128F1486DD8,Broken Boy Soldier,The Raconteurs,https://p.scdn.co/mp3-preview/d7ca46c1295c0187c4ce27c2e456ee25c62984f0?cid=774b29d4f13844c495f206cafdad9c86,1rAAWbTAeqSUscgjPyHRg0,"rock, alternative, indie, alternative_rock, indie_rock, blues, american",Rock,2006,182226,0.404,0.855,0,-5.202,1,0.0598,0.00496,0.206,0.326,0.417,138.068,4
TRTWKAN128F425AEEF,Hero/Heroine,Boys Like Girls,https://p.scdn.co/mp3-preview/813fe17d5ea223728bc9520f66f9c03f4ce717ef?cid=774b29d4f13844c495f206cafdad9c86,1AnesEZjtNHT7Nr2Y4BuNR,"rock, alternative, indie, pop, alternative_rock, emo, love, beautiful, pop_rock",Rock,2007,232240,0.422,0.904,0,-4.531,1,0.102,0.02,4.49e-06,0.686,0.32,163.929,4
TRRUZLF128F42396D0,The Penalty,Beirut,https://p.scdn.co/mp3-preview/91bf6c94548d55c577745d2d180fdd903588a165?cid=774b29d4f13844c495f206cafdad9c86,1Zing6R6yZoOQoN553rzzO,"alternative, indie, experimental, folk, singer_songwriter, acoustic, american, beautiful, 00s",,2010,140440,0.493,0.279,0,-9.8,1,0.0334,0.949,2.19e-06,0.111,0.257,115.988,4
TRJKRWX128F423AAF6,Tire Swing,Kimya Dawson,https://p.scdn.co/mp3-preview/76c08b9d9900a5e26ba3a04753cdc9ce53762f1c?cid=774b29d4f13844c495f206cafdad9c86,28zWJNlTn2d9oKQaYK6uKm,"indie, female_vocalists, folk, singer_songwriter, soundtrack, acoustic, mellow, chill",,2006,188280,0.511,0.22,5,-13.201,1,0.0807,0.839,7.35e-05,0.12,0.398,165.884,3
TRLWHDO128F92C1CB2,She's Got You High,Mumm-Ra,https://p.scdn.co/mp3-preview/c1856e3269223066e6a49cf05fc3abfc098cd488?cid=774b29d4f13844c495f206cafdad9c86,0r7dXQYpadl4gYkfgR9ix4,"indie, indie_rock, british, soundtrack, indie_pop, love, britpop",,2007,204600,0.472,0.739,4,-4.25,1,0.0326,0.0198,0.0,0.333,0.325,131.606,4
TRDYWLC128E0784B9A,Inaudible Melodies,Jack Johnson,https://p.scdn.co/mp3-preview/00e39431ebfbacd3a0d68177314df08fafbe3f5f?cid=774b29d4f13844c495f206cafdad9c86,08siZUhoJyHF54pBGYrVVn,"rock, indie, pop, folk, singer_songwriter, chillout, acoustic, guitar, mellow, chill",,2001,216893,0.804,0.283,6,-13.757,1,0.0721,0.64,0.0377,0.142,0.339,143.024,4
TRZXJNZ128F14A94EA,Stop Me If You Think You've Heard This One Before,The Smiths,https://p.scdn.co/mp3-preview/4e10abcc3795f9d45e637ad94b61770dfd80de81?cid=774b29d4f13844c495f206cafdad9c86,1mNIzFnYuuFpcIONr8UBAw,"alternative, indie, alternative_rock, indie_rock, 80s, british, new_wave, post_punk, love, britpop",Rock,1987,212466,0.536,0.747,0,-10.882,0,0.0298,0.00131,0.000107,0.136,0.733,134.058,4
TRYJMTE128F1486A8A,Why Do I Keep Counting?,The Killers,https://p.scdn.co/mp3-preview/cbf4256792f507d05fa8a3b5c3cd326337cb0f63?cid=774b29d4f13844c495f206cafdad9c86,1rwNgMn4DxpDAs0Dylj7JU,"rock, alternative, indie, alternative_rock, indie_rock",Rock,2006,264453,0.566,0.829,3,-4.742,1,0.0404,0.0169,1.77e-05,0.0928,0.134,107.141,4
TRJIBDX128F4299E1E,Lovestain,José González,https://p.scdn.co/mp3-preview/6afb285bdb67138a0782ceb08de627fc8d46dd01?cid=774b29d4f13844c495f206cafdad9c86,0iqp8jTppmV9ZeHW7lYU5z,"indie, folk, singer_songwriter, acoustic, love, guitar, swedish, mellow, chill",,2003,137213,0.603,0.191,8,-15.825,1,0.0421,0.892,0.87,0.111,0.402,146.514,4
TRGKPNR128F427A71A,All You Ever Wanted,The Black Keys,https://p.scdn.co/mp3-preview/cc267af502f6d7d9f875b4642a9456aa571bb0b9?cid=774b29d4f13844c495f206cafdad9c86,2IsknM5KEbdD04VTh15z1v,"rock, indie, alternative_rock, indie_rock, blues, blues_rock",,2008,176253,0.533,0.362,0,-11.597,1,0.0298,0.333,0.0466,0.111,0.294,59.399,4
TRWKZFE128F933F5F8,My Paper Heart,The All-American Rejects,https://p.scdn.co/mp3-preview/1cefefb76117f7dbf77ff9ab5e782ce1ccb063fa?cid=774b29d4f13844c495f206cafdad9c86,2CCaFbnGcOkSZIkgdmvXcP,"rock, alternative, indie, pop, alternative_rock, punk, punk_rock, emo, love, pop_rock",,2002,228866,0.491,0.843,0,-4.962,1,0.0413,0.000352,2.87e-06,0.343,0.8,171.978,4
TRARWBK128F1486DF1,The Canals Of Our City,Beirut,https://p.scdn.co/mp3-preview/35a611f23fe8e4185fd7009d75d80398fc37ae62?cid=774b29d4f13844c495f206cafdad9c86,1wHLpGMJgRTejM3E3vBSGs,"indie, folk, singer_songwriter",,2006,141120,0.161,0.385,0,-10.289,1,0.0322,0.987,0.833,0.126,0.193,157.372,3
TROMQBP128F4279306,2080,Yeasayer,https://p.scdn.co/mp3-preview/fe970e5dd82bd09a425bb8e04621c69fe4361c4c?cid=774b29d4f13844c495f206cafdad9c86,0oGyqx7WNzaqsx5yZztmep,"indie, experimental, indie_rock, psychedelic, psychedelic_rock, 00s",Rock,2013,338306,0.584,0.947,11,-4.444,0,0.156,0.24,0.0,0.864,0.45,130.974,4
TRYVVCW128F429DB85,Tranquilize,The Killers,https://p.scdn.co/mp3-preview/566acf7bc7a53583d582666a9e54956065e9448f?cid=774b29d4f13844c495f206cafdad9c86,19hz7Zad06j7XOuqjNkRIZ,"rock, alternative, indie, alternative_rock, indie_rock, 00s",Rock,2007,225186,0.375,0.791,1,-4.199,0,0.0477,0.1,3.36e-06,0.184,0.42,77.905,4
TRZRBGU128F423BB12,Pagan Angel and a Borrowed Car,Iron & Wine,https://p.scdn.co/mp3-preview/adbc50e59a210d1b875ec4696113b4968fffa6f9?cid=774b29d4f13844c495f206cafdad9c86,1az8rg8004fvTgZDWueo9n,"indie, folk, indie_rock, singer_songwriter, acoustic, mellow",,2007,272439,0.527,0.617,11,-7.875,1,0.0396,0.295,0.276,0.115,0.737,151.078,4
TRDNHAW128F429DB9A,The Ballad of Michael Valentine,The Killers,https://p.scdn.co/mp3-preview/42884a83f8e54702b636f86b9eb7ba765e41245d?cid=774b29d4f13844c495f206cafdad9c86,0Q5ummJvgHYM7lrTUowCod,"rock, alternative, indie, alternative_rock, indie_rock, american",Rock,2004,231613,0.463,0.901,0,-2.885,1,0.0358,0.00368,0.0,0.626,0.401,99.045,4
TRADKAX128E0786B92,Romantic Rights,Death from Above 1979,https://p.scdn.co/mp3-preview/6864d5a76b55f0966caf2ac9bc031e992e5e9b8d?cid=774b29d4f13844c495f206cafdad9c86,2PKgrfkc1HRaN9FnGlz9o5,"rock, alternative, indie, punk, indie_rock, hard_rock, dance, post_punk, 00s",Rock,2005,195106,0.516,0.961,5,-5.37,0,0.157,0.00316,0.0,0.404,0.458,150.147,4
TRGOHEG128F4284129,Velvet Snow,Kings of Leon,https://p.scdn.co/mp3-preview/8445b9ff8d9464fff4db8bea868591c311187249?cid=774b29d4f13844c495f206cafdad9c86,0Tt7hSGlQ7pGkMlVrPTQiR,"rock, indie, indie_rock, 00s",Rock,2004,130306,0.595,0.776,0,-5.297,1,0.0456,0.0409,5.55e-06,0.0922,0.663,139.117,4
TRISMIH128F428EFF1,It's Getting Boring By The Sea,Blood Red Shoes,https://p.scdn.co/mp3-preview/5c286d622256db8cdb760bcde57cef2e38a71b1a?cid=774b29d4f13844c495f206cafdad9c86,0Y1FLqg7c4YFCKP2F6HXsG,"indie, female_vocalists, indie_rock, british",Rock,2008,176160,0.476,0.978,11,-3.018,0,0.172,0.0273,0.0,0.166,0.137,151.963,4
TRXHFFX128F423AAF8,Loose Lips,Kimya Dawson,https://p.scdn.co/mp3-preview/f63feb1959273f008ef640909d8c8a1b4e9d1c07?cid=774b29d4f13844c495f206cafdad9c86,04yJM599jWnGQsrJPBLGaz,"indie, female_vocalists, folk, singer_songwriter, soundtrack, acoustic",,2007,143506,0.602,0.405,2,-10.425,1,0.265,0.738,0.0,0.554,0.845,144.746,4
TRQXKEA12903C99C8E,I And Love And You,The Avett Brothers,https://p.scdn.co/mp3-preview/4c9d298bd0fc2229e52daec785c48059dd395fec?cid=774b29d4f13844c495f206cafdad9c86,2f4BDah7WPF4rlnaHgsSuT,"indie, folk, piano, male_vocalists, love, beautiful, 00s, mellow",,2015,334253,0.369,0.399,2,-8.577,1,0.0345,0.64,5.35e-05,0.807,0.275,139.958,4
TRZZUBQ128F9351D51,Take What You Take,Lily Allen,https://p.scdn.co/mp3-preview/2a0a2059e1014b7bd65d9a16b0c5268a28842f4e?cid=774b29d4f13844c495f206cafdad9c86,1XfVJ6hq4iblTo4dKlqf8d,"indie, pop, female_vocalists, singer_songwriter, british, indie_pop, britpop",Pop,2009,246133,0.58,0.87,5,-9.95,0,0.0306,0.00016,0.000501,0.138,0.755,100.042,4
TRFGPLI128E078FC30,Dreams Be Dreams,Jack Johnson,https://p.scdn.co/mp3-preview/3b10aee6f67153129474d07a74f085ff15b7a824?cid=774b29d4f13844c495f206cafdad9c86,3aETh8OersbfiSdX4LsdCu,"indie, folk, singer_songwriter, chillout, acoustic, mellow, chill",Rock,2003,132653,0.903,0.503,2,-9.312,1,0.0408,0.506,0.042,0.276,0.767,112.049,4
TRVBDTX128F422AFD7,The Ice Is Getting Thinner,Death Cab for Cutie,https://p.scdn.co/mp3-preview/eb44778ff87232c917d1ba93cdbe7dcd55df5a41?cid=774b29d4f13844c495f206cafdad9c86,13RxFU8T36aUmWXhLFGMD8,"alternative, indie, indie_rock, acoustic, indie_pop, beautiful, mellow",Rock,2008,225200,0.362,0.138,0,-12.201,1,0.0421,0.847,0.000468,0.11,0.0752,79.425,3
TRQWHWR128F42819A9,If She Wants Me,Belle and Sebastian,https://p.scdn.co/mp3-preview/367a53c021108f8b478f408da25fd3fb2421f859?cid=774b29d4f13844c495f206cafdad9c86,0LlTAvtOIP7VetkgBTt7Pn,"indie, pop, indie_rock, indie_pop, love, mellow, chill",Rock,2003,305400,0.568,0.683,7,-8.124,1,0.0333,0.287,3.53e-06,0.108,0.811,89.62,4
TRLKEKF128F9303281,Little Shadow,Yeah Yeah Yeahs,https://p.scdn.co/mp3-preview/128e90bccc6cc4d8a17ce33ab96c10d7c85daca7?cid=774b29d4f13844c495f206cafdad9c86,0udzP2fvwSn1TR7BNGiUpm,"indie, female_vocalists, indie_rock, american, beautiful, 00s, mellow",Rock,2009,238346,0.383,0.494,0,-7.459,1,0.0268,0.503,0.899,0.0973,0.183,78.027,4
TRDFBPD12903CA9CF3,Your Touch,The Black Keys,https://p.scdn.co/mp3-preview/dc16010f1e2bfb1eabfa5726b12cd0b688eca62f?cid=774b29d4f13844c495f206cafdad9c86,1ot8juPYjJZMRVVJuNKvl8,"rock, indie, indie_rock, blues, 00s, blues_rock",,2006,164800,0.532,0.748,4,-8.843,0,0.0529,0.811,1.01e-05,0.169,0.724,116.098,4
TRTETOH128E0785D48,Reel Around the Fountain,The Smiths,https://p.scdn.co/mp3-preview/1e205c89ba887da5453168cd766f01f3c2b4eecd?cid=774b29d4f13844c495f206cafdad9c86,39oR3YBk8fjOzoB9m3bdT7,"alternative, indie, pop, alternative_rock, indie_rock, 80s, british, new_wave, post_punk, indie_pop, beautiful, britpop",Rock,1984,357293,0.684,0.437,9,-13.873,1,0.0265,0.00686,0.000252,0.147,0.935,109.829,4
TRMJCWE128F42396CD,Guyamas Sonora,Beirut,https://p.scdn.co/mp3-preview/7ebe016424ed7348e94e7b12f790189c1d01148e?cid=774b29d4f13844c495f206cafdad9c86,4q414EFQesEcj6OrC5bu8c,"indie, experimental, folk, singer_songwriter, american, beautiful",Folk,2007,211466,0.278,0.644,8,-7.622,0,0.0538,0.695,0.166,0.112,0.233,117.14,4
TRACDHL12903D0C387,Radar Detector,Darwin Deez,https://p.scdn.co/mp3-preview/c5bb3f4e6ba81564e76aab694c963388f6ab4295?cid=774b29d4f13844c495f206cafdad9c86,0HSkEFLfHioODDfwe77NIh,"indie, pop, indie_rock, indie_pop",Rock,2009,189826,0.748,0.709,4,-5.026,1,0.19,0.0943,0.00399,0.182,0.806,96.527,4
TRRHSQS128F42900FF,The Authority Song,Jimmy Eat World,https://p.scdn.co/mp3-preview/cb2c8d7aadc9f51bfdc118131367852e0e8c323c?cid=774b29d4f13844c495f206cafdad9c86,01jeT9SF8681DC6wW1QZxx,"rock, alternative, indie, pop, alternative_rock, punk, indie_rock, punk_rock, emo",Rock,2001,220400,0.628,0.858,11,-4.12,0,0.0326,0.0162,0.0,0.13,0.579,124.021,4
TRJPEZX128F42396D2,In the Mausoleum,Beirut,https://p.scdn.co/mp3-preview/24d994e7ae7f9c0e96670ba1d01b051fe1ccf0b3?cid=774b29d4f13844c495f206cafdad9c86,2BMIvQRueWytOqGdcYqzVe,"indie, folk, american, male_vocalists, beautiful",Folk,2007,192893,0.622,0.701,9,-7.333,1,0.0291,0.215,0.0563,0.141,0.891,95.417,3
TRIUNNZ128F92DD51A,Dream Catch Me,Newton Faulkner,https://p.scdn.co/mp3-preview/3244aabdc62681279d1f7443102b8b156bd2dde3?cid=774b29d4f13844c495f206cafdad9c86,0ajqAdH2HNNpRgy9Je3uh3,"indie, pop, folk, singer_songwriter, british, acoustic, love, guitar, mellow",,2009,237093,0.63,0.676,2,-7.746,1,0.0277,0.195,0.0,0.107,0.557,117.999,4
TRCXHZZ128F92EF09E,Soldier On,The Temper Trap,https://p.scdn.co/mp3-preview/40c2f2caaff6ec7b018455370a11e35688c0b940?cid=774b29d4f13844c495f206cafdad9c86,0nSDcFXRgTHnY6xpBPxlnj,"rock, indie, alternative_rock, indie_rock, acoustic, indie_pop, love, beautiful, mellow",Rock,2009,354173,0.24,0.444,11,-7.11,0,0.0315,0.493,0.154,0.108,0.0649,80.727,4
TRWCEKE128F93191BE,Who Knows Who Cares,Local Natives,https://p.scdn.co/mp3-preview/3088ada3895e2aa15e6bc03a12425aef3bd47363?cid=774b29d4f13844c495f206cafdad9c86,0WodLBGCcLscXx01xk2Rsx,"indie, folk, indie_rock, american, beautiful, mellow",Rock,2009,233013,0.421,0.586,10,-5.751,1,0.0332,0.433,5.5e-05,0.08,0.243,77.968,4
TRIYSNE128F92F8FB5,Speed Trials,Elliott Smith,https://p.scdn.co/mp3-preview/2dd8850c330745ff61c905f917b02e90db7cbc59?cid=774b29d4f13844c495f206cafdad9c86,0iz9lZXqaAzWzYZoCU9D95,"indie, folk, indie_rock, singer_songwriter, acoustic, indie_pop, mellow",Rock,1997,181426,0.634,0.38,0,-13.193,1,0.0304,0.803,0.434,0.111,0.345,102.723,4
TRGXFZI128F423BB1A,Resurrection Fern,Iron & Wine,https://p.scdn.co/mp3-preview/b5d55e643fcdd3b8cdd1b6a3199daa8cea5ff675?cid=774b29d4f13844c495f206cafdad9c86,5FOACBQCAknwE3yUuKQkNs,"indie, folk, indie_rock, singer_songwriter, acoustic, beautiful, mellow",,2007,289799,0.513,0.355,5,-9.997,1,0.0287,0.284,0.0,0.108,0.218,75.04,4
TRXCUAV128E0793B6A,A Girl Like You,Edwyn Collins,https://p.scdn.co/mp3-preview/99fe2118c18157a910b9d8e52464681dbc828fa1?cid=774b29d4f13844c495f206cafdad9c86,05o0Imnno0bovKscZ6hZ4w,"rock, indie, pop, alternative_rock, british, soundtrack, 90s",Rock,2001,236200,0.608,0.856,5,-3.828,0,0.0382,0.013,0.000247,0.324,0.439,126.278,4
TRPIZYO12903CBF3B2,Lived in Bars,Cat Power,https://p.scdn.co/mp3-preview/bfd2b29755e36d17b497f540d7ce73fc303bc3da?cid=774b29d4f13844c495f206cafdad9c86,0cOxqpPqJYxGlSD4oIMQMT,"indie, female_vocalists, folk, indie_rock, singer_songwriter, piano, love, beautiful, mellow",Rock,2006,224453,0.513,0.332,4,-10.144,0,0.0328,0.817,4.13e-06,0.118,0.216,98.994,4
TRTKPWK128F42B91BC,Leaf House,Animal Collective,https://p.scdn.co/mp3-preview/d35ea2797ad61bdb1c304d6896673c0a7e584fd3?cid=774b29d4f13844c495f206cafdad9c86,0EyNp6BFlYnaTzzSuat2kX,"indie, experimental, folk, indie_rock, psychedelic, beautiful",,2004,162626,0.532,0.793,0,-8.376,1,0.0556,0.668,0.0322,0.375,0.335,133.696,3
TRAQUZG128F92CEFED,The Mixed Tape,Jack's Mannequin,https://p.scdn.co/mp3-preview/c6aa64e553d4a0105ef22ba3ef074b9cbccb8581?cid=774b29d4f13844c495f206cafdad9c86,18WGOPbU4FN3VY12BWKb2q,"alternative, indie, indie_rock, singer_songwriter, piano, emo, love, beautiful",Rock,2005,194893,0.447,0.908,8,-4.529,1,0.0613,0.0255,0.0,0.127,0.434,100.712,4
TRTDWNH128F14859BC,Consolation Prizes,Phoenix,https://p.scdn.co/mp3-preview/bbd9db06b65c39a4ea7c9b50a341b15ac507b9bd?cid=774b29d4f13844c495f206cafdad9c86,0EJ7sG7n2mRpTBv4MAHsQf,"indie, pop, alternative_rock, indie_rock, indie_pop, french",Rock,2006,196253,0.698,0.586,6,-5.348,1,0.0395,0.000901,0.000601,0.108,0.891,102.02,4
TRXCTDB128F427A832,"Two Steps, Twice",Foals,https://p.scdn.co/mp3-preview/7ed7380019e8620bd448a82f8061f8521152621b?cid=774b29d4f13844c495f206cafdad9c86,04EZkl6zsQsmOfRxLfoGe4,"alternative, indie, indie_rock, british, indie_pop",Rock,2008,281159,0.428,0.736,9,-7.753,0,0.0405,0.00683,0.00718,0.333,0.426,143.993,4
TRADVZX128F426BF79,Sun Giant,Fleet Foxes,https://p.scdn.co/mp3-preview/efa88e3d11d1873d19011a149ea72b4266dbc0fa?cid=774b29d4f13844c495f206cafdad9c86,0vRFVUzAb9HFViwPrz0bKz,"alternative, indie, folk, acoustic, american, beautiful, 00s",,2008,134213,0.376,0.0626,7,-20.396,1,0.0366,0.946,3.65e-05,0.117,0.13,150.104,4
TRJZEBT128F92EBF9B,Half a Person,The Smiths,https://p.scdn.co/mp3-preview/f3ba22b207f49d8ba7911cdc02e0df0d7b41766f?cid=774b29d4f13844c495f206cafdad9c86,5DZoFRq1glhgK1tm5LnRSi,"alternative, indie, indie_rock, 80s, british, new_wave, post_punk, indie_pop, britpop",Rock,1987,216506,0.61,0.489,6,-14.959,0,0.0309,0.0646,0.0,0.0854,0.776,120.63,4
TRIYKXW128F92FDF08,World News,Local Natives,https://p.scdn.co/mp3-preview/99c7c0f2744c16da0c1311dbb98b007b6db6ac34?cid=774b29d4f13844c495f206cafdad9c86,0yeCTb6RJGwWReSjq040o1,"indie, indie_rock, american",Rock,2009,271546,0.543,0.812,4,-8.846,1,0.0402,0.0116,0.196,0.314,0.565,121.888,4
TRCZWJA128F42396D4,Cherbourg,Beirut,https://p.scdn.co/mp3-preview/5ccfdc5727b7ac79b381c1363b5213fcbb8e7515?cid=774b29d4f13844c495f206cafdad9c86,651k8L9hROsekUm9UMjqMH,"indie, folk, american",Folk,2007,215266,0.146,0.561,2,-9.755,1,0.0494,0.852,0.00259,0.155,0.444,66.069,4
TROOJUG128F9336CAC,3 Rounds and a Sound,Blind Pilot,https://p.scdn.co/mp3-preview/376bb6ac3aa1d4b1911b74b818201eab87401bf4?cid=774b29d4f13844c495f206cafdad9c86,0ROKraHEf4F02IyaudmAt6,"alternative, indie, folk, singer_songwriter, acoustic, indie_pop, beautiful, mellow, chill",,2009,266960,0.381,0.288,1,-12.323,1,0.0337,0.843,0.00226,0.12,0.198,59.343,4
TROHDFD128F148DAC1,Coconut Skins,Damien Rice,https://p.scdn.co/mp3-preview/f4ededb5d1401798a78192357f07af9679a8a534?cid=774b29d4f13844c495f206cafdad9c86,29ZwHWh3lI43nAFnVBOagN,"indie, pop, folk, indie_rock, singer_songwriter, acoustic, mellow",,2006,225373,0.36,0.594,7,-6.898,1,0.0312,0.255,0.0,0.0875,0.466,107.528,4
TRAFHRS128F14599C0,Secret Smile,Semisonic,https://p.scdn.co/mp3-preview/a78a60f4151212bd7db6a9e478fdc9933a541534?cid=774b29d4f13844c495f206cafdad9c86,0MDFxmAR70DIyoxQycFjka,"rock, alternative, indie, pop, alternative_rock, indie_rock, 90s, american, love, britpop, mellow",,2010,268666,0.549,0.52,10,-9.98,0,0.0275,0.265,0.000159,0.074,0.54,99.031,4
TRSFREH128F932A3E4,Roscoe,Midlake,https://p.scdn.co/mp3-preview/cc31299849d277301a2d3f3ba4c1135eed64b474?cid=774b29d4f13844c495f206cafdad9c86,0Bc5GvazThHcu0AoIadWgr,"indie, indie_rock, indie_pop, mellow",Rock,2006,291306,0.555,0.684,8,-8.454,0,0.0323,0.614,8.24e-06,0.107,0.598,121.748,4
TRFFFLL128E0791F06,Get It Faster,Jimmy Eat World,https://p.scdn.co/mp3-preview/373ad24ea2a0cbf30581c4ae7d194cbf48c07aea?cid=774b29d4f13844c495f206cafdad9c86,0KluR30SS8YIn9Iyb9thko,"rock, alternative, indie, alternative_rock, punk_rock, emo",Rock,2001,262093,0.636,0.656,10,-7.139,1,0.0345,0.0656,0.00406,0.364,0.428,118.241,4
TRXVZKC128F425AEEE,Five Minutes To Midnight,Boys Like Girls,https://p.scdn.co/mp3-preview/3db789f415cec416a2d997fa4b10d360f4008550?cid=774b29d4f13844c495f206cafdad9c86,1rBHGDXR91hla4cUo8LVth,"rock, indie, alternative_rock, punk_rock, emo, love",Rock,2007,227360,0.463,0.901,2,-4.073,1,0.087,0.00779,0.0,0.32,0.621,163.966,4
TRLBJWG128F4296FC0,Lovesong of the Buzzard,Iron & Wine,https://p.scdn.co/mp3-preview/2c54759a25ae0542f672641e9d88159132b7b7f1?cid=774b29d4f13844c495f206cafdad9c86,1kUoiXdyLdjhW3wlFY0Nbz,"indie, folk, indie_rock, singer_songwriter, acoustic, american, male_vocalists, love, beautiful, 00s, mellow",,2007,266573,0.465,0.532,5,-9.786,1,0.0317,0.00762,0.0625,0.105,0.307,169.99,4
TROITAX128F429E9FD,Werewolf,Cat Power,https://p.scdn.co/mp3-preview/f61b9c69c2dced237e11442cb9335c839630a4b7?cid=774b29d4f13844c495f206cafdad9c86,0IxRMDAABtb3st5RH69aCT,"indie, female_vocalists, folk, indie_rock, singer_songwriter, acoustic, beautiful, 00s, mellow",Rock,2003,245293,0.425,0.11,9,-14.07,0,0.0292,0.446,0.0148,0.112,0.271,94.049,4
TRGFZXV12903CB2D80,Toxic Girl,Kings of Convenience,https://p.scdn.co/mp3-preview/75796288789eb1cf52f413f788e23c1ef7a070ab?cid=774b29d4f13844c495f206cafdad9c86,0rsBD0i25NBvaufWXefH7V,"indie, pop, folk, indie_rock, singer_songwriter, chillout, acoustic, indie_pop, love, guitar, mellow, chill",,2014,189333,0.635,0.452,6,-15.037,0,0.0372,0.878,0.392,0.0939,0.885,146.945,4
TROQWCW128F4283F40,Rememo,Kings of Leon,https://p.scdn.co/mp3-preview/3ca8c9e84f8822ab33e5549007479b934bebc35d?cid=774b29d4f13844c495f206cafdad9c86,0ERc7QW6huGL2aif7RABqa,"rock, indie, alternative_rock, indie_rock, american, 00s, mellow, chill, blues_rock",Rock,2004,200840,0.655,0.185,9,-12.225,1,0.0902,0.304,0.0022,0.211,0.276,141.841,3
TRXGWZE128F429DB94,Move Away,The Killers,https://p.scdn.co/mp3-preview/750d8ff76bd3530ee28eb662ea64f8e2f57dc08c?cid=774b29d4f13844c495f206cafdad9c86,0b5mt9Sl0x81GXEIzqQ3Tp,"rock, alternative, indie, alternative_rock, indie_rock, soundtrack",,2007,232106,0.471,0.981,4,-3.908,0,0.099,0.00025,0.198,0.226,0.192,110.987,4
TRINNKH128F424BDD0,Sleeping Sickness,City and Colour,https://p.scdn.co/mp3-preview/f46d13c821bb57c00f0a373ed02f00618f0a90e3?cid=774b29d4f13844c495f206cafdad9c86,01vfFecxUWzwPtX8an8P4p,"indie, folk, singer_songwriter, acoustic, mellow",,2008,248000,0.642,0.624,4,-5.066,0,0.0297,0.657,1.29e-06,0.0775,0.324,134.93,4
TRXJOGR128F92F7991,So Nice So Smart,Kimya Dawson,https://p.scdn.co/mp3-preview/10dfd34fe79e5a0999b3d9754b832a112e297903?cid=774b29d4f13844c495f206cafdad9c86,29B9YB5NyfTWIBl2xkRCQB,"indie, female_vocalists, folk, singer_songwriter, soundtrack, acoustic, love, mellow",,2007,165840,0.487,0.288,4,-15.764,1,0.0342,0.826,1.03e-05,0.0902,0.245,108.131,4
TRLNKSV12903CB4508,Girl Is On My Mind,The Black Keys,https://p.scdn.co/mp3-preview/de3b87adc9a41d61f56315b3ddd26a3bb6940943?cid=774b29d4f13844c495f206cafdad9c86,0IDM7ruoglZmlRDffaKRdF,"rock, indie, alternative_rock, indie_rock, blues, 00s, blues_rock",,2012,205840,0.48,0.805,1,-7.526,0,0.0976,0.525,0.00716,0.129,0.418,112.25,4
TRAMDAK128E0791DEC,My Beloved Monster,Eels,https://p.scdn.co/mp3-preview/0586b23ff7ef288fc9914a0914588f3382b77228?cid=774b29d4f13844c495f206cafdad9c86,0GXPDJCtVhrgZFuVlepFLp,"rock, alternative, indie, alternative_rock, indie_rock, singer_songwriter, soundtrack, 90s, american",Rock,1996,132173,0.478,0.284,9,-12.803,1,0.0312,0.256,0.443,0.651,0.458,97.663,4
TRZUIIA128F425DDA5,Friend of the Night,Mogwai,https://p.scdn.co/mp3-preview/0ffa7cd349df9dda01866962c47c09209e0c442e?cid=774b29d4f13844c495f206cafdad9c86,54h4svKANGVPCkFNHZDDRt,"indie, instrumental, post_rock, piano, beautiful",Rock,2006,332760,0.492,0.676,0,-7.5,1,0.0289,0.398,0.867,0.0999,0.27,107.494,3
TRJOLVL128F4262D6E,Comfort Eagle,Cake,https://p.scdn.co/mp3-preview/deb5b47a66ae24dc19d40cfcda49c3f63f21e09f?cid=774b29d4f13844c495f206cafdad9c86,2qQCU22yQXKjhytKUBxa59,"rock, alternative, indie, alternative_rock, indie_rock, 90s",Rock,2001,220226,0.736,0.782,11,-6.171,1,0.0528,0.09,0.0,0.211,0.899,120.987,4
TRXDXLQ128E0785D4A,You've Got Everything Now,The Smiths,https://p.scdn.co/mp3-preview/c640e72fbbab83ea39e252f9982f16e86fad24ee?cid=774b29d4f13844c495f206cafdad9c86,2WG37WRBYfGfnTrk1G3hED,"alternative, indie, pop, alternative_rock, indie_rock, 80s, british, new_wave, post_punk, indie_pop, male_vocalists, beautiful, britpop",Rock,1984,239866,0.518,0.669,9,-11.528,1,0.0339,0.00215,7.92e-05,0.0713,0.832,149.068,4
TRARRTI128F93112F1,Sometime Around Midnight,The Airborne Toxic Event,https://p.scdn.co/mp3-preview/4e64a52f535a1dde29f860407514ea2c43820991?cid=774b29d4f13844c495f206cafdad9c86,2Oil8e1FeVWvFuC8bgoK97,"alternative, indie, indie_rock, indie_pop, love, mellow",Rock,2009,303586,0.472,0.836,8,-5.167,1,0.0484,0.00229,0.00345,0.126,0.148,126.015,4
TRQKOYC128F92E4945,Up From Below,Edward Sharpe & The Magnetic Zeros,https://p.scdn.co/mp3-preview/e6a908d1edb87555ca34752bbb027eb3c024cf47?cid=774b29d4f13844c495f206cafdad9c86,2HSG9xaWyACkQWlyhmCKJO,"indie, folk, american",,2009,250280,0.346,0.782,2,-6.021,1,0.0645,0.409,0.0102,0.0939,0.711,202.307,4
TRDAIAV128EF36759E,Impossible Germany,Wilco,https://p.scdn.co/mp3-preview/5b543a4a3824a61692834d8e24704d3a60bc005e?cid=774b29d4f13844c495f206cafdad9c86,1og94h7NusFYQfDz8PtWxq,"rock, alternative, indie, indie_rock, singer_songwriter, chillout, american, beautiful, 00s, guitar, mellow, chill",Rock,2008,356346,0.556,0.728,4,-6.317,0,0.0254,0.573,0.186,0.121,0.51,104.955,4
TRKQXCC128F93501B5,Sentimental Heart,She & Him,https://p.scdn.co/mp3-preview/9981a1e9bd75f821b03bfe927fbd3a79ca6859b5?cid=774b29d4f13844c495f206cafdad9c86,1LdOt2dCyVHK4mMjaBUfGV,"indie, female_vocalists, folk, indie_pop, mellow",,2008,156093,0.528,0.285,0,-7.982,1,0.0261,0.896,1.01e-05,0.228,0.553,76.575,4
TRRJQES128EF35675B,Back to Black,Amy Winehouse,https://p.scdn.co/mp3-preview/c957f5b473f09e3f003f185f16e0b12be2a5e1b5?cid=774b29d4f13844c495f206cafdad9c86,00lrq8cwFd6R61giLZQWhA,"pop, female_vocalists, jazz, singer_songwriter, british, soul",,2006,240440,0.49,0.725,10,-3.304,1,0.0392,0.123,2.68e-05,0.0983,0.335,123.28,4
TRDHBPQ128F425EA1E,Bleeding Love,Leona Lewis,https://p.scdn.co/mp3-preview/b0aace1f8a27b540a9fd96775d7665e3e2b73029?cid=774b29d4f13844c495f206cafdad9c86,00rjh2BKthoILRIEV7lJ65,"pop, female_vocalists, british, soul, rnb, love",,2017,262466,0.635,0.638,5,-5.939,1,0.0372,0.192,0.0,0.144,0.217,104.021,4
TROVEVL128F932A447,Put Your Records On,Corinne Bailey Rae,https://p.scdn.co/mp3-preview/a41f75cabe89eac82c288ef6b8f70e6a07b6495b?cid=774b29d4f13844c495f206cafdad9c86,09NcHPBR3ljVEEmF4CzyhG,"pop, female_vocalists, jazz, singer_songwriter, british, soul, chillout, mellow, chill",,2010,213706,0.729,0.577,9,-6.064,1,0.0352,0.129,0.0,0.147,0.6,96.038,4
TRMEBVU128F92F64DB,Some Unholy War,Amy Winehouse,https://p.scdn.co/mp3-preview/fca8f57945873221eecd3091df09aa9cfcb0193d?cid=774b29d4f13844c495f206cafdad9c86,0LfDiNqxZxNmcjBZt7bgfl,"pop, female_vocalists, jazz, british, soul, blues",,2008,141266,0.475,0.745,9,-4.928,0,0.189,0.0746,7e-05,0.122,0.435,176.143,4
TROHYKR128F9317025,The Fear,Lily Allen,https://p.scdn.co/mp3-preview/ce7fa694f4567c986b83e9fc19a11e91d7dbef54?cid=774b29d4f13844c495f206cafdad9c86,092TkDss93FwsnbE2UuBrg,"pop, female_vocalists, british, britpop",Pop,2009,206386,0.65,0.806,10,-7.723,1,0.0362,0.401,2.57e-05,0.113,0.532,133.962,4
TRAAKDG128F42A0ECB,Hips Don't Lie,Shakira,https://p.scdn.co/mp3-preview/3859547944f57cfb7b996f6551148c9467889d4b?cid=774b29d4f13844c495f206cafdad9c86,01Yj2MCGpjZs34PRlGgz4K,"pop, female_vocalists, singer_songwriter, dance, 00s",Pop,2001,217453,0.777,0.82,10,-5.867,0,0.0734,0.284,0.0,0.43,0.76,100.003,4
TRRXGAK128EF349F1A,The Way I Are,Timbaland,https://p.scdn.co/mp3-preview/64b74d790e4acccc1c5c7c23a61b9384974e32c0?cid=774b29d4f13844c495f206cafdad9c86,00kWD5epu4wiM22phqiAB5,"pop, dance, rap, hip_hop, rnb",,2007,228026,0.61,0.946,6,-3.729,1,0.0433,0.00738,1.61e-06,0.692,0.904,119.959,4
TRUWANM128F1485EE2,LDN,Lily Allen,https://p.scdn.co/mp3-preview/e83fc9697a67d08f0aaf52a0dcfa4807a6411f52?cid=774b29d4f13844c495f206cafdad9c86,016gjTKLZX8Sgaos4DRq3S,"pop, female_vocalists, british, britpop, ska",,2010,192333,0.673,0.607,5,-7.672,1,0.027,0.0142,4.15e-06,0.333,0.898,100.023,4
TRWBTFY128F1484B23,Fergalicious,Fergie,https://p.scdn.co/mp3-preview/e076fb0ce6362058d59e43fd949276d360b9d6f9?cid=774b29d4f13844c495f206cafdad9c86,069g5yCadDD0mg2rBpj67q,"pop, female_vocalists, dance, hip_hop, rnb",,2006,292339,0.906,0.585,8,-7.72,0,0.324,0.0577,0.0,0.128,0.831,129.055,4
TRYPSFO12903CA84F0,Stickwitu,The Pussycat Dolls,https://p.scdn.co/mp3-preview/b5e7e9b09d1a45b11c6e81d157a58507a7edd2bb?cid=774b29d4f13844c495f206cafdad9c86,0C4C1ATNSxtBzaJGB54Msi,"pop, female_vocalists, dance, hip_hop, rnb, love",,2008,207853,0.654,0.546,9,-6.44,1,0.0419,0.305,0.0,0.0638,0.424,79.986,4
TREHENJ128E07953C7,Don't Cha,The Pussycat Dolls,https://p.scdn.co/mp3-preview/7021c37e3e36fe61db7ec0c0d803575351193fbd?cid=774b29d4f13844c495f206cafdad9c86,071Z2UhHEzxoyRe0mV1nHP,"pop, female_vocalists, dance, hip_hop, rnb",,2014,242533,0.824,0.728,3,-3.228,0,0.0535,0.00365,1.17e-06,0.184,0.526,120.176,4
TRBAUVN128F932FEF8,Oops!...I Did It Again,Britney Spears,https://p.scdn.co/mp3-preview/7fb86827422540ad01f65870375fef055412f034?cid=774b29d4f13844c495f206cafdad9c86,095uakqDYR50Uza0mxvPWB,"pop, female_vocalists, dance, 00s",Pop,2014,211786,0.751,0.82,1,-5.351,0,0.0435,0.34,1.83e-05,0.255,0.886,95.045,4
TRLKOKT128F930984C,Don't Lie,Black Eyed Peas,https://p.scdn.co/mp3-preview/cdd67466e03fd93327b1e9ac40dc3eb7eb79c804?cid=774b29d4f13844c495f206cafdad9c86,03EVgbkZTWdXQGvVbHAOv4,"pop, dance, rap, hip_hop, funk, rnb",,2007,219280,0.673,0.781,6,-5.268,0,0.177,0.177,0.0,0.0696,0.605,89.883,4
TRUDNRB128F42598CA,Smooth Operator,Sade,https://p.scdn.co/mp3-preview/a23154e3853a569a99f2b4bd84ca5161b6dc215d?cid=774b29d4f13844c495f206cafdad9c86,002dcNTbYNed2wEmFMm3kI,"pop, female_vocalists, jazz, 80s, soul, chillout, lounge",,1995,297800,0.797,0.44,9,-11.05,0,0.0326,0.33,0.0111,0.0435,0.964,120.142,4
TRXMJMD128F146AE5B,Don't Worry Be Happy,Bobby McFerrin,https://p.scdn.co/mp3-preview/ce77088a11e5da90f433fc2d72f403a3d06139bf?cid=774b29d4f13844c495f206cafdad9c86,0cjsyr2vQ6oFC6L617bZAy,"pop, jazz, 80s, reggae, male_vocalists, chill",,2002,219080,0.662,0.205,1,-18.068,0,0.0692,0.181,0.00495,0.191,0.923,68.188,4
TRLTBAY128F92CA4EE,The Sign,Ace of Base,https://p.scdn.co/mp3-preview/4c463359f67dd3546db7294d236dd0ae991882ff?cid=774b29d4f13844c495f206cafdad9c86,0hrBpAOgrt8RXigk83LLNE,"pop, female_vocalists, dance, 90s, swedish",Pop,1993,191240,0.808,0.786,4,-6.897,0,0.0447,0.00928,0.0701,0.0574,0.899,96.987,4
TRGWWIQ128F148FE2B,Wind It Up,Gwen Stefani,https://p.scdn.co/mp3-preview/3b35bebd866da3dc46d6d794c39738334b83005c?cid=774b29d4f13844c495f206cafdad9c86,0Co2VGrJyB5BbkivBu3Jzb,"pop, female_vocalists, dance, hip_hop, rnb",,2006,189586,0.961,0.9,8,-6.874,1,0.0678,0.309,0.000199,0.354,0.95,120.006,4
TRRLJFH128F92FCDDA,Money on My Mind,Sam Smith,https://p.scdn.co/mp3-preview/8955cd3f3b9ea805685951a8033586a02765e178?cid=774b29d4f13844c495f206cafdad9c86,012l2BANUkQGaS6u95640I,"pop, british",Rap,2014,194079,0.692,0.813,2,-6.197,1,0.19,0.249,0.000201,0.158,0.714,133.914,4
TRBIBLJ12903CCF436,Papa Don't Preach,Madonna,https://p.scdn.co/mp3-preview/0b0e954f238b85a8e6043d05e86945c21772ba13?cid=774b29d4f13844c495f206cafdad9c86,0Oa9Qtd0FuhcmLi3sWTF9F,"pop, female_vocalists, dance, 80s",Pop,2009,269573,0.796,0.908,5,-3.523,0,0.0326,0.553,0.0,0.04,0.962,121.976,4
TRAOALO128F427CB1D,Everyday People,Sly & The Family Stone,https://p.scdn.co/mp3-preview/12c3a92b00af4a3b3f24bc1173413b7af6724ae6?cid=774b29d4f13844c495f206cafdad9c86,00h9ZMWkTeiBjByu4D4yio,"pop, classic_rock, soul, funk, 70s, 60s, oldies",RnB,2002,141266,0.814,0.514,7,-11.571,1,0.0295,0.255,0.0471,0.0605,0.787,114.06,4
TRQJLCO128F42BCC0A,"Jumpin', Jumpin'",Destiny's Child,https://p.scdn.co/mp3-preview/900921fe7ea36b001edc1c21f146c4732ff43032?cid=774b29d4f13844c495f206cafdad9c86,00d4LaLc5pWPeQRJF4kPDj,"pop, female_vocalists, dance, soul, 90s, hip_hop, rnb, 00s",RnB,2012,227946,0.776,0.719,1,-4.22,1,0.0531,0.00598,0.00096,0.0359,0.691,88.978,4
TRUTZQB128F423CFEC,Not Big,Lily Allen,https://p.scdn.co/mp3-preview/89698170b0f97afff0dd7ef0d4c06169732e3258?cid=774b29d4f13844c495f206cafdad9c86,0kzPLalXcxQJHQ9vatnKE5,"pop, female_vocalists, british, britpop, ska",,2006,196720,0.78,0.853,8,-7.052,1,0.0275,0.116,0.0,0.342,0.883,102.005,4
TRGDLYG12903CB0D32,I Can't Dance,Genesis,https://p.scdn.co/mp3-preview/fe0fd8f3c7fe2dc5e12776c703aa7116907f2fcf?cid=774b29d4f13844c495f206cafdad9c86,0wuqYOmshMKLifw2CTn9dG,"rock, pop, classic_rock, 80s, progressive_rock, british, 90s",,1999,239533,0.938,0.53,3,-9.473,1,0.0449,0.405,1.31e-05,0.0381,0.874,107.56,4
TRLXPMB128EF342C12,Don't Go Breaking My Heart,Elton John,https://p.scdn.co/mp3-preview/6a681e9a60eb8e2665c6345e52d18f628ee939e1?cid=774b29d4f13844c495f206cafdad9c86,0bV4WoGRzmYV6y7OojZvqr,"pop, classic_rock, 80s, 70s",Pop,2007,275386,0.73,0.858,5,-8.221,1,0.036,0.179,1.54e-06,0.0611,0.765,131.445,4
TRYHNMR128F92C5DD1,One of the Boys,Katy Perry,https://p.scdn.co/mp3-preview/68bcfb7c417e648fddc1322c38d226e9e73c8219?cid=774b29d4f13844c495f206cafdad9c86,0P60XUYSaBIupe65Fj7iYX,"pop, female_vocalists, pop_rock",Pop,2008,247653,0.564,0.91,5,-2.393,1,0.0522,0.00201,2.08e-06,0.0818,0.675,145.953,4
TRAVVZW12903CCEEE7,Into the Groove,Madonna,https://p.scdn.co/mp3-preview/8a88f21809111460449a4c4cac15192fcf75748a?cid=774b29d4f13844c495f206cafdad9c86,1p0KiLu6wqcnl16rtZVEH8,"pop, female_vocalists, dance, 80s",,2014,242195,0.684,0.864,8,-5.21,1,0.0365,0.0381,0.000235,0.0582,0.727,116.616,4
TRJAAFV128F426C35F,Breakin' Dishes,Rihanna,https://p.scdn.co/mp3-preview/cb41ee6ad23c33035c9a1f9e8862d53590f8698c?cid=774b29d4f13844c495f206cafdad9c86,060prGAlPii66FsTciI1Dv,"pop, female_vocalists, dance, hip_hop, rnb, 00s",,2008,200573,0.803,0.656,8,-4.173,0,0.0314,0.00025,0.000254,0.0967,0.894,125.003,4
TRXXROF128F92F4B6E,You Make It Real,James Morrison,https://p.scdn.co/mp3-preview/87b53eb8b48e3d78f8767c0f3a8696538c7fe54c?cid=774b29d4f13844c495f206cafdad9c86,0bzhmLpizDs4d6NZc3nw7c,"pop, singer_songwriter, british, soul, acoustic, male_vocalists, love, mellow",,2009,210746,0.402,0.525,0,-6.454,1,0.0304,0.237,0.0,0.163,0.301,82.834,4
TRIYDYH128F9324624,Real World,Matchbox Twenty,https://p.scdn.co/mp3-preview/7c2e2323f8770b24d6390fbd83b360995a993659?cid=774b29d4f13844c495f206cafdad9c86,70fe354BpVKEvMY0de78YO,"rock, pop, alternative_rock, 90s, pop_rock",Rock,1996,231693,0.504,0.761,10,-5.446,1,0.0437,0.00628,0.0,0.0892,0.884,117.999,4
TRCRBBS12903CE5FC0,You'll Be In My Heart,Phil Collins,https://p.scdn.co/mp3-preview/e0373ed214a4b409be13b2f510d5605faa1f2397?cid=774b29d4f13844c495f206cafdad9c86,0eEeub4ZVgPG37TrNVWlFo,"pop, classic_rock, 80s, soundtrack, 90s, male_vocalists, love",,2008,256586,0.568,0.663,8,-9.522,1,0.0285,0.0533,2.36e-06,0.101,0.632,96.627,4
TRXHXZJ128F92DD518,Save Room,John Legend,https://p.scdn.co/mp3-preview/0faf6c364f39afaba73310b17a13e11090452765?cid=774b29d4f13844c495f206cafdad9c86,0IANqI0jVBbDx0MI8fprPQ,"pop, singer_songwriter, soul, rnb, chill",,2011,235013,0.68,0.405,7,-13.082,1,0.0297,0.173,0.0,0.167,0.42,111.948,4
TRHUNZT128C719654E,I Heard Love Is Blind,Amy Winehouse,https://p.scdn.co/mp3-preview/af7dec93aba43814032bd66d27eb139e79b9c689?cid=774b29d4f13844c495f206cafdad9c86,047ZO2M7hI1iSi6SYdOxO1,"pop, female_vocalists, jazz, singer_songwriter, british, soul",,2003,129666,0.592,0.309,4,-10.336,0,0.0639,0.758,0.0,0.208,0.277,76.084,4
TRJFBHM128F426712A,Let's Get Loud,Jennifer Lopez,https://p.scdn.co/mp3-preview/49139f1a4abdde21ae4ea149b2d5e7675c49cb37?cid=774b29d4f13844c495f206cafdad9c86,0CquBljEb9C5Bui75A3T4L,"pop, female_vocalists, dance, rnb",Pop,2012,238226,0.821,0.939,5,-4.807,0,0.0515,0.139,0.000191,0.333,0.925,130.98,4
TRFNGJS128F92F9EEE,Already Gone,Kelly Clarkson,https://p.scdn.co/mp3-preview/660bd02563cebe6197530a76a09409698b46e1b5?cid=774b29d4f13844c495f206cafdad9c86,0Ex36tdx3hZ7gk0tAbJ8Mc,"pop, female_vocalists, american, pop_rock",Pop,2009,279933,0.442,0.859,9,-3.189,1,0.0495,0.245,0.0,0.088,0.325,74.056,4
TREJNRA128F4249EFD,Sunglasses at Night,Corey Hart,https://p.scdn.co/mp3-preview/de7afb4ceed85e6dfb3f8e153eedd5b55654c971?cid=774b29d4f13844c495f206cafdad9c86,19sjg0Jl2lIeqESOLNQbS9,"pop, 80s, new_wave",Electronic,2014,285517,0.712,0.0538,10,-19.597,0,0.0826,0.974,0.946,0.101,0.779,173.948,4
TRFZZXF128F92EF279,The World Is Not Enough,Garbage,https://p.scdn.co/mp3-preview/2251df100fbe4e19afae60db27e0d45228d9d6cd?cid=774b29d4f13844c495f206cafdad9c86,01RbbKTFfDIKjPVckn0C9C,"rock, pop, female_vocalists, alternative_rock, soundtrack, 90s",Rock,2012,236960,0.491,0.809,10,-6.216,0,0.0299,0.0408,0.00475,0.117,0.452,86.033,4
TRIOJTX128F932DDA1,Chinese,Lily Allen,https://p.scdn.co/mp3-preview/a1301caf4ce16a90ff3f96a880ec2add49561711?cid=774b29d4f13844c495f206cafdad9c86,1GtArd5jgGmLQAU2Cxzo4b,"pop, female_vocalists, british, indie_pop, love, britpop",Pop,2009,208213,0.541,0.925,7,-6.585,0,0.0843,0.141,0.0,0.134,0.357,143.011,4
TRBKFKL128E078ED76,Hailie's Song,Eminem,https://p.scdn.co/mp3-preview/8066502b5705f0e631f323b18f02446b2123b644?cid=774b29d4f13844c495f206cafdad9c86,00t8f0jxCP556HvIoMulCZ,"pop, rap, hip_hop, love, 00s",Rap,2002,320706,0.753,0.737,9,-3.307,0,0.226,0.0154,0.000107,0.0794,0.499,161.869,4
TROXMUA128F1491A41,2 Become 1,Spice Girls,https://p.scdn.co/mp3-preview/0ada38f0ba8805acc54ac856ad1a321fb5c553d8?cid=774b29d4f13844c495f206cafdad9c86,0gE9HRQZ1fLj5s1z6xb84x,"pop, female_vocalists, british, 90s, love, britpop",Pop,2012,243200,0.646,0.654,6,-7.87,1,0.0275,0.308,2.58e-05,0.262,0.687,143.965,4
TRCXCZE128F4298758,Walking Away,Craig David,https://p.scdn.co/mp3-preview/8e230af83aa207559e11c9ecb546b8ec9c7a37e1?cid=774b29d4f13844c495f206cafdad9c86,08LOsoJ1wjBe9XOOCjhtFk,"pop, british, soul, rnb, male_vocalists",Rock,2008,202813,0.603,0.773,9,-6.324,0,0.0358,0.155,0.0,0.123,0.811,86.407,4
TRHMVOQ128F1472E6D,Trouble Sleeping,Corinne Bailey Rae,https://p.scdn.co/mp3-preview/e89907dc34a0fdbb0ecff504146566afd0d2bd3c?cid=774b29d4f13844c495f206cafdad9c86,03IXSQbbKsGIaxU2ma4c2t,"pop, female_vocalists, jazz, british, soul, chillout, mellow",,2006,206821,0.642,0.553,5,-6.914,0,0.0244,0.126,0.0,0.0738,0.484,90.997,4
TRXHWIA128E078A9BB,Cruel Summer,Bananarama,https://p.scdn.co/mp3-preview/47d13ef240a58bef051d362ba4f11ff13b90bf81?cid=774b29d4f13844c495f206cafdad9c86,0BmUCeyXpTrUVahHKVFxuB,"pop, female_vocalists, dance, 80s, new_wave",,1984,209573,0.665,0.907,1,-5.828,0,0.0278,0.25,0.00855,0.0537,0.932,108.429,4
TRRMVBR128F92F64BA,October Song,Amy Winehouse,https://p.scdn.co/mp3-preview/f185e77d17a2a5668806ecd39163492daf815979?cid=774b29d4f13844c495f206cafdad9c86,0koXtDobxWuK3sLg3r05tT,"pop, female_vocalists, jazz, singer_songwriter, british, soul, blues",,2003,204846,0.674,0.833,0,-7.665,1,0.251,0.00976,0.0477,0.039,0.718,146.773,3
TRUYKXX128F426C2F1,Know You Now,Amy Winehouse,https://p.scdn.co/mp3-preview/d6245265d708cff5eb82564a0abe5e610e9b4e46?cid=774b29d4f13844c495f206cafdad9c86,0eD6U6PG4Z0iIrP4Azfrw0,"pop, female_vocalists, jazz, singer_songwriter, british, soul",RnB,2003,183253,0.847,0.671,5,-6.189,0,0.0731,0.0304,0.00245,0.079,0.738,140.703,4
TRKHXZU128E0783E2A,Luxurious,Gwen Stefani,https://p.scdn.co/mp3-preview/29fdeed2f1b583d012a8a9942beef0d967300ccf?cid=774b29d4f13844c495f206cafdad9c86,0W3sTOscCbNx9Z4DlfVE3f,"pop, female_vocalists, dance, rnb",Pop,2004,264920,0.811,0.726,0,-3.995,1,0.0813,0.154,0.0,0.116,0.666,131.027,4
TRNEWWX128F9336A1F,Doesn't Mean Anything,Alicia Keys,https://p.scdn.co/mp3-preview/5ed65e922fa3fd016290260e4e0d0a6eca46bb65?cid=774b29d4f13844c495f206cafdad9c86,087P6XyLyLI1njRoE0qP2z,"pop, female_vocalists, soul, rnb, love, beautiful",RnB,2010,233386,0.662,0.458,1,-5.68,0,0.0257,0.0249,3.82e-06,0.099,0.153,103.949,4
TRNCSKU128F4265639,Movin' Out (Anthony's Song),Billy Joel,https://p.scdn.co/mp3-preview/36581937b3a01f6dc0b0bbc1d13b9a4b799e2719?cid=774b29d4f13844c495f206cafdad9c86,05A9RbtVV0FGcYDz5vf2XY,"rock, pop, classic_rock, singer_songwriter, piano, 70s",Rock,2004,209240,0.677,0.806,2,-7.433,0,0.0318,0.488,7.81e-06,0.0484,0.85,133.893,4
TREJROQ128F930DF3E,(If You're Wondering If I Want You To) I Want You To,Weezer,https://p.scdn.co/mp3-preview/867f810add33ee499fa64d29f6f9a59cfdf718c8?cid=774b29d4f13844c495f206cafdad9c86,09aDV0TC2RfWFU5IwZfIdG,"rock, pop, alternative_rock, indie_rock, dance, 00s",Rock,2009,208773,0.695,0.873,11,-5.722,0,0.0392,0.00163,0.000198,0.154,0.799,110.021,4
TRDUVUH128F146BA65,Stephanie Says,The Velvet Underground,https://p.scdn.co/mp3-preview/514e49adab49e06f7889638bb318867606a7b796?cid=774b29d4f13844c495f206cafdad9c86,0lXXjXf8fwMATvZ8cKiS3t,"rock, pop, classic_rock, soundtrack, psychedelic, 60s, beautiful, chill, avant_garde",,1985,169052,0.557,0.196,0,-20.503,1,0.0343,0.849,0.000326,0.133,0.559,112.335,4
TRLPOSL128F4269516,Holding Back The Years,Simply Red,https://p.scdn.co/mp3-preview/e9f7e9a638c8af915dabdc997f5ce752bb1feb99?cid=774b29d4f13844c495f206cafdad9c86,08yHzQYtxcCB6KdIBfLwE5,"pop, 80s, british, soul, male_vocalists",,2012,264440,0.602,0.484,9,-9.969,0,0.0327,0.534,0.000245,0.102,0.536,172.097,3
TRRGKHJ128F92F64DA,Wake Up Alone,Amy Winehouse,https://p.scdn.co/mp3-preview/6cf9b72177e7d1305d92f3cd515afe48cec8fbbe?cid=774b29d4f13844c495f206cafdad9c86,0Ekcj8E3l9na7G5lXwRHM1,"female_vocalists, jazz, british, soul",RnB,2006,221346,0.587,0.517,11,-5.186,0,0.0273,0.549,0.0,0.2,0.207,102.614,3
TRXLACM128F427FD9D,Nemo,Nightwish,https://p.scdn.co/mp3-preview/d5bcc1a555741b346370fcd25091d4a38fe5d9c4?cid=774b29d4f13844c495f206cafdad9c86,0tbbaYdhiFLFH0YUvvajI8,"female_vocalists, metal, power_metal, gothic_metal, gothic, symphonic_metal",Metal,2004,279373,0.491,0.744,3,-6.306,1,0.0351,0.000158,0.000102,0.325,0.375,125.058,4
TRVZTPE128F1453A9A,Orinoco Flow,Enya,https://p.scdn.co/mp3-preview/786e4240ddddc30595031e088eab284111102051?cid=774b29d4f13844c495f206cafdad9c86,0Fyj9w0HVfjoxm9S8nGClt,"female_vocalists, ambient, chillout, new_age",,2001,266960,0.685,0.46,0,-11.223,1,0.0283,0.797,0.257,0.101,0.566,114.995,4
TRCNIME128E0799376,Ever Dream,Nightwish,https://p.scdn.co/mp3-preview/d62a64a73b29ae6a67db699ed2207a4d6d13ec13?cid=774b29d4f13844c495f206cafdad9c86,04wg4rT0WgQxdSNzuPJEwW,"female_vocalists, metal, power_metal, gothic_metal, gothic, symphonic_metal",Metal,2002,282933,0.389,0.88,7,-7.098,0,0.058,0.000533,0.000473,0.27,0.241,73.938,4
TREKHEF128E0783E49,Dance Me To The End Of Love,Madeleine Peyroux,https://p.scdn.co/mp3-preview/54684343bd0b989cd79fbb083a8027bf97e6b9c1?cid=774b29d4f13844c495f206cafdad9c86,0s3JO6dkRBrkAVPenxNSOJ,"female_vocalists, jazz, blues",Jazz,2009,235560,0.583,0.353,5,-11.816,0,0.0394,0.853,0.00115,0.104,0.489,138.246,4
TRVEVFW128F145F94E,Ridiculous Thoughts,The Cranberries,https://p.scdn.co/mp3-preview/3cae122718d7ba9aef70a92cc7c8ac9ed983e5e2?cid=774b29d4f13844c495f206cafdad9c86,042e0OmFFtPir1mzvStuqj,"rock, alternative, female_vocalists, alternative_rock, 90s, pop_rock",,2002,271200,0.324,0.702,9,-9.442,0,0.0368,0.0037,8.52e-06,0.095,0.228,101.665,4
TRVYJCY128F92DE225,Hey Stephen,Taylor Swift,https://p.scdn.co/mp3-preview/d6686997745fdd3b719b12674600951f35d1c0f7?cid=774b29d4f13844c495f206cafdad9c86,18kSJU5j2OsV8ZX0zmpsXg,"female_vocalists, country, love",Country,2008,254826,0.843,0.555,6,-7.359,1,0.0316,0.177,1.34e-06,0.0977,0.815,116.001,4
TRLUKKL128F4284EEA,A Woman's Worth,Alicia Keys,https://p.scdn.co/mp3-preview/bb15d5cf2715d19749ed96e6c9eaba5645469e7c?cid=774b29d4f13844c495f206cafdad9c86,02eDzlOm2oRVgzZft1xUvq,"female_vocalists, soul, rnb, 00s",,2007,301680,0.496,0.43,4,-7.423,0,0.277,0.373,0.0,0.0935,0.471,72.643,4
TRISTGF12903D0DC6F,Stronger Than Me,Amy Winehouse,https://p.scdn.co/mp3-preview/89234559bbd30a65a52788b11ac1d92359e94952?cid=774b29d4f13844c495f206cafdad9c86,1O92Kw6CTPxdp3jzdbUaEN,"female_vocalists, jazz, british, soul",,2003,211640,0.881,0.531,9,-4.71,0,0.0385,0.0509,0.000228,0.0753,0.789,91.434,4
TRDJHBO128F4240C0B,Potential Breakup Song,Aly & AJ,https://p.scdn.co/mp3-preview/3a58cdfe804bb568f88088c1fa38ef6ed6b9ca6f?cid=774b29d4f13844c495f206cafdad9c86,11dxtPJKR4E0wlSr0A0t47,"pop, female_vocalists, dance, pop_rock",Pop,2007,219773,0.572,0.89,6,-4.139,0,0.039,0.00082,0.00937,0.564,0.765,158.038,4
TRXLZRG128F42836AC,Because You Loved Me,Céline Dion,https://p.scdn.co/mp3-preview/131eab693697959b1b642c86fd3675789ac6302f?cid=774b29d4f13844c495f206cafdad9c86,0FOBmBRdyFmqhsxh5smHPm,"pop, female_vocalists, 90s, love",Pop,1996,273066,0.611,0.507,1,-7.975,1,0.0313,0.304,0.0,0.107,0.173,119.908,4
TRDLCNU128F93173BD,Satellite Mind,Metric,https://p.scdn.co/mp3-preview/e03d43f6f4f0449e4eabf020f6e479627fa933b9?cid=774b29d4f13844c495f206cafdad9c86,0OkjbthVrVNdzApaGJNPLR,"rock, indie, female_vocalists, indie_rock",Rock,2009,222960,0.487,0.938,6,-5.675,0,0.0626,0.000796,0.0373,0.305,0.813,156.994,4
TRAMFJR128F92C1DB1,He Wasn't Man Enough,Toni Braxton,https://p.scdn.co/mp3-preview/fed45e28b15231bc98e48d3ed96cf6194ac2f549?cid=774b29d4f13844c495f206cafdad9c86,00XWuEKV9WVmZyQzRJ7ZrY,"female_vocalists, dance, soul, 90s, rnb, 00s",RnB,2007,262092,0.735,0.919,11,-4.19,0,0.0406,0.0106,3.37e-05,0.329,0.78,88.013,4
TROEGNO128F92F4B79,In God's Hands,Nelly Furtado,https://p.scdn.co/mp3-preview/eb0d9e2d9ebc6b26cd52a9a67fa0350f6b931433?cid=774b29d4f13844c495f206cafdad9c86,04PNfCYc6V5PfmKgUzEhOj,"pop, female_vocalists, folk, singer_songwriter, love",Pop,2006,252346,0.468,0.26,9,-8.701,1,0.0329,0.855,0.0,0.073,0.175,155.832,3
TRPSFMW128F42AE12A,Not Ready To Make Nice,Dixie Chicks,https://p.scdn.co/mp3-preview/48dd6ee93b20f328eca9f4613ce31508d687504c?cid=774b29d4f13844c495f206cafdad9c86,08gZCvHWbohAmR7gAUczMm,"female_vocalists, country",Country,2010,238053,0.441,0.506,6,-6.136,1,0.0277,0.124,0.000179,0.106,0.268,83.771,4
TRZDPGI12903D003CA,Hush Hush,The Pussycat Dolls,https://p.scdn.co/mp3-preview/629fb6dfdccd89c9d740fadae702a09ceb3abdd5?cid=774b29d4f13844c495f206cafdad9c86,00WsmOpm6a1QgWisw5GL58,"pop, female_vocalists, dance, rnb",,2009,252253,0.644,0.792,10,-4.013,0,0.0667,0.0571,0.0,0.386,0.621,129.515,4
TRASUJG128F92D6316,I'm Still Breathing,Katy Perry,https://p.scdn.co/mp3-preview/4f735a90c0d426854062dc0363ff06c66f00a922?cid=774b29d4f13844c495f206cafdad9c86,0O7yz12uINSU1mCrV82dgR,"pop, female_vocalists, pop_rock",Pop,2008,228693,0.457,0.689,5,-5.408,1,0.0883,0.0679,0.0,0.114,0.669,179.783,4
TRBFDBZ128F427EDCD,Sunny Road,Emilíana Torrini,https://p.scdn.co/mp3-preview/d08c41fbd4a1b5a9b3f5dbdeffcbef592c719392?cid=774b29d4f13844c495f206cafdad9c86,11hyKK2qqkhVg97erGUF5M,"female_vocalists, folk, singer_songwriter, acoustic, indie_pop",Pop,2014,181933,0.608,0.159,7,-15.847,1,0.0401,0.907,0.00104,0.134,0.317,83.26,4
TRCQRWT128F92E494F,Desert Song,Edward Sharpe & The Magnetic Zeros,https://p.scdn.co/mp3-preview/03399a2c77aa864edf483a43f8de8b9960c4ca43?cid=774b29d4f13844c495f206cafdad9c86,3Azd3uB3lOVls6aXjF2q6o,"indie, female_vocalists, experimental, folk, psychedelic, american, male_vocalists, 00s",,2009,270266,0.48,0.722,7,-8.684,0,0.0356,0.664,0.259,0.366,0.324,118.879,4
TREJQHN128F92E0A4A,Last Day of Magic,The Kills,https://p.scdn.co/mp3-preview/6566f4e6ab5d64c652987cccbf102981b2392ba4?cid=774b29d4f13844c495f206cafdad9c86,0JAKbQmdRiSMEGTqe5uFqd,"rock, indie, female_vocalists, alternative_rock, indie_rock",Rock,2008,201386,0.629,0.896,1,-3.328,1,0.0716,0.0867,8.76e-05,0.289,0.735,147.927,4
TRWVCST128EF356B3D,Coin-Operated Boy,The Dresden Dolls,https://p.scdn.co/mp3-preview/43cd8c710ab724e9c7bfb4fa8ae222606b98a84d?cid=774b29d4f13844c495f206cafdad9c86,2OcJNw7K8cYs4FKoh8aEow,"alternative, female_vocalists, piano",Rock,2004,286413,0.631,0.455,7,-8.541,1,0.151,0.653,6.48e-05,0.048,0.543,134.772,4
TRYYPXL128E0791FB1,Your Star,Evanescence,https://p.scdn.co/mp3-preview/10f12bcde34ebe7351f98e4bf4d468b7f6b7cf22?cid=774b29d4f13844c495f206cafdad9c86,0ChrO5J79KM5RmEhmTYPHb,"rock, female_vocalists, metal, beautiful, gothic_metal, gothic, symphonic_metal",Rock,2006,283266,0.484,0.705,7,-7.474,0,0.038,0.153,0.00046,0.258,0.157,93.483,4
TRLQWKH128F93306F6,Whirring,The Joy Formidable,https://p.scdn.co/mp3-preview/c990055ff7be6b31eac50eade9a5237c9a9095e9?cid=774b29d4f13844c495f206cafdad9c86,13dt49xLGUhtS0xFUQAVJN,"alternative, indie, female_vocalists, indie_rock, british, 00s",Rock,2019,214666,0.503,0.881,6,-3.688,0,0.0364,0.00662,0.0828,0.122,0.153,145.071,3
TRCOFIC128F93173C1,Collect Call,Metric,https://p.scdn.co/mp3-preview/23ee1c244b3791cd3e9061260aab7bc90e9b70e1?cid=774b29d4f13844c495f206cafdad9c86,1sijAbo8HCEFIsD4NBpaxm,"indie, female_vocalists, indie_rock, mellow",Rock,2009,286320,0.586,0.563,3,-9.667,0,0.0469,0.711,0.738,0.108,0.14,129.05,4
TROIRNZ12903CE5D91,Window Seat,Erykah Badu,https://p.scdn.co/mp3-preview/80ad0c528ef8c75f53122eab793be99b3e8dada8?cid=774b29d4f13844c495f206cafdad9c86,0M5rCWWVh9SIqXdvNXl4cE,"female_vocalists, soul, chillout, rnb",RnB,2010,290146,0.624,0.542,0,-7.355,0,0.103,0.675,0.00159,0.075,0.53,82.044,4
TRRDYQW128F9302C5D,My Lover's Gone,Dido,https://p.scdn.co/mp3-preview/0e60e20b31b809956f4e48a70a8840adf2b7229d?cid=774b29d4f13844c495f206cafdad9c86,0DPGXilt8uQiDwVZ9ZJQbm,"pop, female_vocalists, singer_songwriter, british, chillout",Pop,1999,267906,0.675,0.452,0,-10.736,1,0.0272,0.0715,0.00377,0.316,0.292,104.996,4
TRCWYJA128F92F27D6,Baby I'm A Fool,Melody Gardot,https://p.scdn.co/mp3-preview/a972314318dd3acd67b021aaf9e0b112d10312c9?cid=774b29d4f13844c495f206cafdad9c86,0jKOQF8a4SjSxVZX40lAlx,"female_vocalists, jazz, blues, mellow, lounge",Jazz,2012,209613,0.487,0.235,10,-13.489,0,0.0406,0.929,0.01,0.157,0.239,112.817,4
TRGGNNH128F42599C3,Guns of Brixton,Nouvelle Vague,https://p.scdn.co/mp3-preview/bb29810b6e0697e8f2dcde11b8a81f5c68b213de?cid=774b29d4f13844c495f206cafdad9c86,04JzgTB30t4J48LNqZVbzc,"female_vocalists, jazz, chillout, new_wave, french, cover, lounge",,2004,246946,0.755,0.483,0,-9.776,1,0.0356,0.643,1.01e-05,0.0787,0.344,119.967,4
TRUWQQF128F9309966,The Boy Does Nothing,Alesha Dixon,https://p.scdn.co/mp3-preview/8fe069ecee85a6d7efe2f4a737a98367e425a4dc?cid=774b29d4f13844c495f206cafdad9c86,02EI0RYN6UwuIuxoAY64R0,"pop, female_vocalists, dance, british, rnb",Pop,2009,212013,0.563,0.973,3,-2.356,0,0.176,0.131,2.85e-05,0.0402,0.868,174.033,4
TRGMZNT128F92DE267,Tim McGraw,Taylor Swift,https://p.scdn.co/mp3-preview/0a61ccfab74cbd52571fd03c7b48fa09c1f33abe?cid=774b29d4f13844c495f206cafdad9c86,0boy2Iv10PJhYX458KPPtG,"female_vocalists, country, love",Country,2014,231904,0.547,0.445,0,-8.558,1,0.0254,0.525,0.0,0.126,0.419,151.949,4
TRRHBZV128F933DD94,Then He Kissed Me,The Crystals,https://p.scdn.co/mp3-preview/a5df211455f59d9859212a54786eaafff4b96158?cid=774b29d4f13844c495f206cafdad9c86,01P63qDk3PErCqPVGrGFzN,"female_vocalists, soul, 60s, oldies",,2007,151600,0.462,0.792,4,-8.703,1,0.0373,0.529,0.0183,0.3,0.59,134.216,4
TRPDNZQ128F92C1E98,Freakum Dress,Beyoncé,https://p.scdn.co/mp3-preview/7e5f6ea5553c6cb5545dcb082a9d48707f825360?cid=774b29d4f13844c495f206cafdad9c86,0Yrj80qqK8F4RHADXseliM,"pop, female_vocalists, dance, soul, hip_hop, rnb",RnB,2011,247600,0.64,0.777,4,-5.805,0,0.0435,4.2e-05,0.699,0.31,0.395,99.04,4
TRUPHMJ128F42980F7,Feelings Show,Colbie Caillat,https://p.scdn.co/mp3-preview/60b09b4b205eaf16ed247fb78b0ce8f92812170a?cid=774b29d4f13844c495f206cafdad9c86,0TwGhS5DnqCDO3OKncHrIb,"pop, female_vocalists, folk, singer_songwriter, acoustic, love, 00s, mellow",Pop,2007,188746,0.612,0.673,0,-5.067,1,0.053,0.0434,2.14e-05,0.0983,0.733,169.983,4
TRXZIMW128F92DE236,The Best Day,Taylor Swift,https://p.scdn.co/mp3-preview/094618d6410c1292123d2b6b51af6cab3743b66b?cid=774b29d4f13844c495f206cafdad9c86,0aT208oxVDxyiaB2JAXPv2,"female_vocalists, singer_songwriter, country, love",Country,2008,245346,0.669,0.451,1,-8.401,1,0.0291,0.671,1.27e-06,0.118,0.368,126.057,4
TRBPKZQ128F145850B,I Touch Myself,Divinyls,https://p.scdn.co/mp3-preview/37f42ab990f99d46c0741a913cd071e9fca18a42?cid=774b29d4f13844c495f206cafdad9c86,03hFqDqTOOHFIDxO7yX1BT,"rock, pop, female_vocalists, 80s, soundtrack, 90s, new_wave",Rock,2015,223066,0.468,0.924,5,-4.044,1,0.0658,0.0375,2.87e-05,0.341,0.648,109.349,4
TRNAKXB128F93501B8,This Is Not a Test,She & Him,https://p.scdn.co/mp3-preview/2c07983e9febfe209fc0c2618e08e40790a2fb65?cid=774b29d4f13844c495f206cafdad9c86,0cgo2kSLI8hQipgBowXDza,"indie, pop, female_vocalists, folk, acoustic, american, indie_pop, beautiful, 00s",,2008,210666,0.547,0.699,2,-4.816,1,0.0322,0.31,2.74e-06,0.064,0.597,122.747,4
TRGEKGQ128F1467E2A,Universe & U,KT Tunstall,https://p.scdn.co/mp3-preview/ae30e50baeb1680944f0e5c4afb8bf9df4c84389?cid=774b29d4f13844c495f206cafdad9c86,00b4fX1wQnsRnsUJ1XW0q3,"pop, female_vocalists, folk, indie_rock, singer_songwriter, british, acoustic, mellow",Pop,2005,241093,0.657,0.361,2,-6.183,1,0.0278,0.455,0.0,0.0927,0.233,130.062,4
TRQAOKJ128F93501BB,I Thought I Saw Your Face Today,She & Him,https://p.scdn.co/mp3-preview/2595b31d5b6cc0007fd5d55654aefa34d6d37ef6?cid=774b29d4f13844c495f206cafdad9c86,1mXevseGs7puLR4CxKKLPr,"indie, female_vocalists, folk, acoustic, piano, american, indie_pop, love, beautiful",,2008,170333,0.359,0.551,7,-7.631,1,0.0327,0.33,0.000837,0.298,0.526,158.355,4
TRWZJEM128F93501BF,I Was Made for You,She & Him,https://p.scdn.co/mp3-preview/e264a9cd01f3055429a7ad1ce24507400fbb86b9?cid=774b29d4f13844c495f206cafdad9c86,07NLq7udWxrL5pLZBVH1BW,"indie, pop, female_vocalists, folk, american, indie_pop, love",,2008,150933,0.538,0.735,0,-5.581,1,0.0337,0.0446,0.41,0.105,0.872,132.877,4
TRXRBYB128F93471D5,Heart of Chambers,Beach House,https://p.scdn.co/mp3-preview/7e68f9cddf8d3597709526ddea465d14b315d942?cid=774b29d4f13844c495f206cafdad9c86,0OJg49HsdAioiSRTY8giLS,"indie, female_vocalists, american, indie_pop, beautiful, 00s",Rock,2008,265173,0.425,0.418,6,-9.53,1,0.0316,0.513,0.841,0.0762,0.061,115.484,4
TRKIQGH12903CB5C2F,And the Boys,Angus & Julia Stone,https://p.scdn.co/mp3-preview/9e3226cf3a63dcbf19a47cd92ef5e450123853bd?cid=774b29d4f13844c495f206cafdad9c86,0o5xe7yZEFkhhRIOKQnQu5,"indie, female_vocalists, folk, singer_songwriter, acoustic",,2010,249893,0.787,0.417,5,-8.926,0,0.028,0.548,0.0231,0.131,0.549,99.904,4
TRHNPUA128F4298120,Down Boy,Yeah Yeah Yeahs,https://p.scdn.co/mp3-preview/4054c9ceeea90fecb6fb9011f7213abdbbc54217?cid=774b29d4f13844c495f206cafdad9c86,0afF5ZsEWpZOpaACIMeQOX,"alternative, indie, female_vocalists, alternative_rock, punk, indie_rock, post_punk, 00s",Rock,2007,235133,0.636,0.798,0,-5.775,1,0.034,0.161,0.119,0.0996,0.411,80.253,4
TRDEUPA128F4229A8D,Nobody Does It Better,Carly Simon,https://p.scdn.co/mp3-preview/e42387d91079c3b129edc3f2a9d27d92e6be3b25?cid=774b29d4f13844c495f206cafdad9c86,1CfmUSOJBrZwq5iOlTX548,"pop, female_vocalists, singer_songwriter, soundtrack, 70s, love",Rap,1983,212466,0.392,0.365,10,-14.613,1,0.0293,0.74,7.32e-06,0.233,0.374,135.464,4
TRVYYDA128F93501B9,Change Is Hard,She & Him,https://p.scdn.co/mp3-preview/bd5464cdde56055f53b5c6a9a2b1ce834b1db89f?cid=774b29d4f13844c495f206cafdad9c86,1RogUgMdfPbWQ4U6Z0kci1,"alternative, indie, female_vocalists, folk, singer_songwriter, acoustic, indie_pop, country, beautiful, 00s, mellow",,2008,183160,0.562,0.375,2,-8.48,1,0.0251,0.406,8.8e-05,0.0929,0.215,91.671,4
TRFFZHL12903CBE0A9,Blackberry Stone,Laura Marling,https://p.scdn.co/mp3-preview/e48fe12250b4d3f04bd9c328201f37d895798300?cid=774b29d4f13844c495f206cafdad9c86,0bZOn7hO3BPicHlAbPNPJS,"female_vocalists, folk, singer_songwriter, british, acoustic",Folk,2008,160049,0.451,0.187,0,-14.963,1,0.035,0.856,0.000189,0.116,0.286,95.982,4
TROIRNT128F92ED644,Smash Into You,Beyoncé,https://p.scdn.co/mp3-preview/4043f1520f3fbbfdf89695ea4ce57b5aba17f549?cid=774b29d4f13844c495f206cafdad9c86,37Sb6JgoMzbMoysUGYvuec,"pop, female_vocalists, soul, rnb, love, beautiful",,2008,271613,0.573,0.429,1,-8.974,1,0.027,0.192,1.01e-06,0.263,0.103,95.0,4
TRCRWHC128F92C260B,Gunpowder & Lead,Miranda Lambert,https://p.scdn.co/mp3-preview/7ab8d119d6e524e74bd244a6042490d9c7ffa8a8?cid=774b29d4f13844c495f206cafdad9c86,00mlk5Yx3Rxof3ei6Zozmx,"female_vocalists, country",Country,2009,188693,0.326,0.895,0,-3.068,1,0.109,0.127,0.0,0.341,0.381,187.94,4
TRTQRHY128F4241AFD,So I Thought,Flyleaf,https://p.scdn.co/mp3-preview/bc16d5e8f1beeaa214f8dc8d8e3172f5db240ee8?cid=774b29d4f13844c495f206cafdad9c86,1tWHds20HMLjczwO2CRBq0,"rock, alternative, female_vocalists, alternative_rock, hard_rock, emo, beautiful",Rock,2005,290733,0.311,0.804,2,-5.662,1,0.0477,0.00221,0.0,0.183,0.214,174.077,4
TRYRZFF128F933BBBB,I Never Told You,Colbie Caillat,https://p.scdn.co/mp3-preview/eecb5e9728c6493afca7400a411d9106551a3b3c?cid=774b29d4f13844c495f206cafdad9c86,0APq1pwGxJFTBw9mHwwnKx,"pop, female_vocalists, singer_songwriter, acoustic, love, beautiful, mellow",Pop,2009,235053,0.501,0.626,3,-5.195,1,0.029,0.172,0.0,0.13,0.374,144.203,4
TRTXHAT128F423D480,Soon We'll Be Found,Sia,https://p.scdn.co/mp3-preview/c58045f6db38b582dab1b15a39bc7b530ca568d5?cid=774b29d4f13844c495f206cafdad9c86,02kxfjlaQ6yYjTZAFfn2Kh,"female_vocalists, singer_songwriter, chillout, piano, trip_hop, beautiful, 00s, mellow",Pop,2012,258573,0.508,0.565,0,-5.55,0,0.0353,0.226,0.000601,0.486,0.359,129.868,3
TRQIBME128F93173C5,Stadium Love,Metric,https://p.scdn.co/mp3-preview/ebd1aa9beb275c7bf2b4ca8dc61eeea96bf71a38?cid=774b29d4f13844c495f206cafdad9c86,1BES2sFt0m02D38zKhZvyS,"rock, indie, female_vocalists, indie_rock, indie_pop",Rock,2009,253693,0.411,0.968,5,-3.407,1,0.113,0.0213,1.52e-06,0.358,0.0812,124.496,4
TRFKZHE128F149F632,Choux Pastry Heart,Corinne Bailey Rae,https://p.scdn.co/mp3-preview/5438f014cc0bd655d5b06757c831ae32e80c508f?cid=774b29d4f13844c495f206cafdad9c86,0cnN3KGE5sunaWjKn6kUeX,"female_vocalists, jazz, singer_songwriter, british, soul, chillout, love, mellow",,2006,236035,0.645,0.251,0,-11.782,1,0.0309,0.778,0.00271,0.165,0.204,127.913,4
TRAYVEL128F149F631,Call Me When You Get This,Corinne Bailey Rae,https://p.scdn.co/mp3-preview/bf156b10bb37ec1d18f71776a3cfcae3d771ff9f?cid=774b29d4f13844c495f206cafdad9c86,2KTPl195TxcS4zywV8p1EY,"female_vocalists, jazz, british, soul, chillout",RnB,2006,304866,0.581,0.663,6,-9.035,0,0.0502,0.0387,0.00415,0.362,0.294,102.905,4
TREJSGI128F9333A46,The Mystic's Dream,Loreena McKennitt,https://p.scdn.co/mp3-preview/69c6c4a4c8d1ec60229f62341c60f81e35d4fd96?cid=774b29d4f13844c495f206cafdad9c86,0HRarugfolEhJNxgIXxmpe,"female_vocalists, ambient, folk, new_age",,2003,461853,0.44,0.357,2,-12.232,1,0.0325,0.725,0.364,0.0909,0.11,111.013,4
TRMNXUT128F429BEFF,Seal Jubilee,Bat for Lashes,https://p.scdn.co/mp3-preview/426c63efbd8f5832708b952973c6f7948c9b5eb7?cid=774b29d4f13844c495f206cafdad9c86,0t45mb03hgFRolu2tSLJou,"indie, female_vocalists, folk, singer_songwriter, british, beautiful, mellow",,2006,284213,0.282,0.206,7,-13.993,1,0.0343,0.924,0.0027,0.115,0.0685,110.119,3
TRNQHGL128F4289D56,Rusted Wheel,Silversun Pickups,https://p.scdn.co/mp3-preview/a3887cceea96ffc034f4373a03390ced03e67a53?cid=774b29d4f13844c495f206cafdad9c86,1DszWEwOYRCMeSI88kJBNZ,"rock, alternative, indie, female_vocalists, indie_rock",Rock,2007,360840,0.347,0.79,11,-6.021,0,0.0631,0.0442,0.0723,0.119,0.307,192.589,4
TRIXXYP128C7196826,Video,India.Arie,https://p.scdn.co/mp3-preview/396dbb89e1c76ce3bb5b4df8b712b6fbd105524a?cid=774b29d4f13844c495f206cafdad9c86,06ubgoiQZkXhRBcJOQRF29,"female_vocalists, soul, rnb",,2002,246800,0.653,0.613,9,-8.727,0,0.253,0.123,1.38e-05,0.072,0.682,169.984,4
TRINJXN128F42494CC,Christine,Siouxsie and the Banshees,https://p.scdn.co/mp3-preview/111bffebe40167d3913fa2946023da46e5f6df9f?cid=774b29d4f13844c495f206cafdad9c86,0zMTHmqCJc250G0juL0FLc,"female_vocalists, 80s, new_wave, post_punk, gothic",Rock,2002,179213,0.692,0.596,7,-11.012,0,0.0714,0.157,8.6e-05,0.0807,0.437,74.848,4
TRVOWOG128E0783E33,White Houses,Vanessa Carlton,https://p.scdn.co/mp3-preview/1e49db5a493cb53136314095a96c6ed849acdf0e?cid=774b29d4f13844c495f206cafdad9c86,1nRu00JSzs5aoUtcwnhuSp,"pop, female_vocalists, singer_songwriter, piano",Pop,2004,224586,0.601,0.585,0,-7.839,1,0.0281,0.327,0.0,0.106,0.251,135.168,4
TRIITXF128F147EFD5,Anywhere Is,Enya,https://p.scdn.co/mp3-preview/e152ec374ecdd2b437701f38b71b4d19da301bb2?cid=774b29d4f13844c495f206cafdad9c86,2aE4e4QFbLfHtT8OZDgWJH,"female_vocalists, ambient, chillout, new_age",New Age,1995,238066,0.663,0.431,3,-11.781,1,0.0315,0.858,0.396,0.12,0.455,96.657,4
TRMNVLK128F930F4AF,The Sweetest Thing,Camera Obscura,https://p.scdn.co/mp3-preview/9957b14b91df75e63e9e999d26d5240e0a5fdc31?cid=774b29d4f13844c495f206cafdad9c86,0OS5jdecJI3xmAvlYJmPVJ,"female_vocalists, british, indie_pop, 00s",Rock,2009,264880,0.394,0.798,1,-4.957,1,0.0391,0.0492,1.99e-05,0.271,0.627,126.343,4
TRTRZRN128F93501C6,Sweet Darlin',She & Him,https://p.scdn.co/mp3-preview/bf964f480de5a6b70d2a2094d4a98fc98e5264c9?cid=774b29d4f13844c495f206cafdad9c86,175vKNCbT5dF2D1u9wB5Hs,"indie, pop, female_vocalists, american, indie_pop, beautiful, 00s",Pop,2008,162706,0.3,0.876,0,-5.825,1,0.0666,0.0219,2.65e-05,0.295,0.163,133.816,4
TRWCIAX128F42925BD,What Is It About Men,Amy Winehouse,https://p.scdn.co/mp3-preview/8645797016189eb788afbfc65155406b1a73a282?cid=774b29d4f13844c495f206cafdad9c86,0HffjFltKvymsjJzIx7v0G,"female_vocalists, jazz, soul, blues",,2003,209560,0.744,0.537,11,-7.042,0,0.0604,0.362,9.21e-06,0.176,0.469,76.41,4
TREYOJA128F4299262,You Picked Me,A Fine Frenzy,https://p.scdn.co/mp3-preview/e3f837c2c88b64df43d4575c8aab4a12b9c25817?cid=774b29d4f13844c495f206cafdad9c86,7CVSvz7dbVKLzFGYgD0x1c,"indie, female_vocalists, singer_songwriter, piano, indie_pop, love, beautiful, 00s, mellow",Pop,2007,263133,0.507,0.756,0,-3.407,1,0.0335,0.495,0.000517,0.199,0.315,118.605,1
TRCGAVX12903CFBC61,Rock Wit U (Awww Baby),Ashanti,https://p.scdn.co/mp3-preview/13d3fc74b0edf3e5de487a5d730a624e724d9d76?cid=774b29d4f13844c495f206cafdad9c86,0Fvwx6hiJJhKx32cMGzbBv,"female_vocalists, soul, rnb",RnB,2007,231986,0.711,0.813,0,-4.799,1,0.13,0.29,1.36e-05,0.0369,0.627,99.791,4
TRJCKDH128F428C725,One Fine Wire,Colbie Caillat,https://p.scdn.co/mp3-preview/ca1f85c46779c6f7ae79f905892a3ba04fddb71c?cid=774b29d4f13844c495f206cafdad9c86,02Rku3sO5BIbP9yj1xrnZ1,"pop, female_vocalists, singer_songwriter, love, mellow, chill",Pop,2007,216333,0.589,0.753,1,-5.328,1,0.0315,0.0954,0.0,0.323,0.524,115.944,4
TRFRGTX12903CF7AB1,Dreamlover,Mariah Carey,https://p.scdn.co/mp3-preview/ba2a62270ae31307f97a35aa768f1be4377e9317?cid=774b29d4f13844c495f206cafdad9c86,03yJ9FD6MOSdoiVrgqSfwH,"pop, female_vocalists, dance, 90s, rnb",,2001,234093,0.7,0.686,5,-6.904,1,0.0345,0.185,0.0,0.162,0.766,100.685,4
TRIZWXN128F423C6B4,Boadicea,Enya,https://p.scdn.co/mp3-preview/152746b9fcaf7807d481df85573387d343a2485e?cid=774b29d4f13844c495f206cafdad9c86,1HcbSDxnR6xluEmzeu1oRO,"female_vocalists, ambient, chillout, new_age",New Age,1987,212360,0.164,0.0253,8,-27.41,1,0.0443,0.977,0.000238,0.0912,0.143,66.424,5
TRRSKRE128F92CA523,Don't Turn Around,Ace of Base,https://p.scdn.co/mp3-preview/9c8401c8142bdd011e51f0211be2e2d4afcd5cff?cid=774b29d4f13844c495f206cafdad9c86,04FYYfQuSuZrt81Mlxs4zE,"pop, female_vocalists, dance, 90s, cover, swedish",Pop,1994,230186,0.745,0.769,4,-8.231,0,0.0737,0.00107,0.379,0.0572,0.751,95.614,4
TRLOHWT128F42598CF,Love Is Stronger Than Pride,Sade,https://p.scdn.co/mp3-preview/68ef74487a5e728047d7606aaa6763b2845ce152?cid=774b29d4f13844c495f206cafdad9c86,0oneCGouDqYCFwUgqV6EVZ,"female_vocalists, jazz, 80s, soul, chillout, love",RnB,1994,257839,0.594,0.333,4,-12.321,0,0.0291,0.813,0.000315,0.0836,0.309,87.5,4
TRKUKYN12903D13D6F,Skinny Genes,Eliza Doolittle,https://p.scdn.co/mp3-preview/6b13bb5e5328eac2b1719fdfe3ed79ef622993ac?cid=774b29d4f13844c495f206cafdad9c86,0BUpfmTzzi8FEwDj1t9mol,"pop, female_vocalists, indie_pop, mellow",Pop,2011,184560,0.78,0.88,6,-4.994,0,0.053,0.531,0.0003,0.288,0.961,133.482,4
TRDRTNQ128F93313A3,Ride the Lightning,Metallica,https://p.scdn.co/mp3-preview/e624eea0ccbea15f9fc1495d80bae4eb00536d93?cid=774b29d4f13844c495f206cafdad9c86,0k2aFgKEo2pNUmqOsm7OO8,"metal, 80s, heavy_metal, thrash_metal",,1984,397746,0.27,0.934,9,-11.683,1,0.102,0.0004,0.0771,0.252,0.263,148.327,4
TRNPEXS128F1460294,The Wicker Man,Iron Maiden,https://p.scdn.co/mp3-preview/647a53055a6f5d012ed238d87c3191df1ed5aff9?cid=774b29d4f13844c495f206cafdad9c86,0jkdNvQtBni4dgVURpmlcB,"metal, hard_rock, heavy_metal",,2011,275706,0.428,0.975,4,-4.835,0,0.177,0.00123,1.98e-06,0.0997,0.305,101.576,4
TRMJSHT128F422A802,Come Clarity,In Flames,https://p.scdn.co/mp3-preview/5811e575dd3e9cd75b244c935b43d36f2ed3afce?cid=774b29d4f13844c495f206cafdad9c86,0nqgGLFR00i0LpqEj9nlcU,"metal, death_metal, melodic_death_metal",Metal,2006,255712,0.37,0.928,10,-4.859,0,0.115,0.000941,0.346,0.145,0.0965,149.714,4
TRFUOFT128F4253DC8,Bye Bye Beautiful,Nightwish,https://p.scdn.co/mp3-preview/749938efe1a101d03abdd58b31242158db096b64?cid=774b29d4f13844c495f206cafdad9c86,06zT57qREdgVGXtyShKFr4,"metal, power_metal, gothic_metal, gothic, symphonic_metal",Metal,2008,259279,0.493,0.892,9,-5.124,1,0.0424,0.000108,0.0007,0.118,0.398,148.02,4
TRILREU128F930313E,No More Tears,Ozzy Osbourne,https://p.scdn.co/mp3-preview/d84019910d52e25d7cf0a40e558bd3d6ec97f4f6?cid=774b29d4f13844c495f206cafdad9c86,0gnp365b5NqUCk9vaMbfXK,"metal, classic_rock, hard_rock, heavy_metal, 90s",,2003,442560,0.332,0.814,6,-4.462,1,0.037,9.79e-05,0.00129,0.666,0.39,102.601,4
TRGUSWI128F92EBA20,Scream Aim Fire,Bullet for My Valentine,https://p.scdn.co/mp3-preview/885dabef5d67326f03a3e02514625101e7f1d4dc?cid=774b29d4f13844c495f206cafdad9c86,0Mtn2Zc8tHlWwpirPAZjCe,"metal, heavy_metal, thrash_metal, metalcore",Metal,2014,269186,0.354,0.995,2,-3.138,1,0.0937,9.5e-05,2.98e-06,0.0758,0.112,101.367,4
TRKPWWP128F1491B8D,Room 409,Bullet for My Valentine,https://p.scdn.co/mp3-preview/161f75f207484501ef482c7f943ffb6bd51a3c30?cid=774b29d4f13844c495f206cafdad9c86,0S1hclXDdOvvqA27V8wLPM,"metal, heavy_metal, hardcore, metalcore, screamo",,2006,241280,0.381,0.953,0,-2.352,1,0.133,0.000174,1.24e-06,0.152,0.639,93.356,4
TRXEAGI128F42408AC,My Last Serenade,Killswitch Engage,https://p.scdn.co/mp3-preview/988f49e2117ee4717993e591710168bf8558d50e?cid=774b29d4f13844c495f206cafdad9c86,1dt3Afg6XkhZwfQHmwX9TI,"metal, hardcore, metalcore, melodic_death_metal",Metal,2013,254853,0.44,0.943,3,-5.006,1,0.139,0.000506,0.0396,0.0899,0.142,177.972,4
TRXJBRL128E0783941,Amour,Rammstein,https://p.scdn.co/mp3-preview/20350d0cc431e587984aa9930fd8a7c66a6f9a1b?cid=774b29d4f13844c495f206cafdad9c86,1pOkWIJCshtoREcAcXmYSk,"metal, hard_rock, industrial, german",Metal,2004,290906,0.64,0.529,5,-7.18,0,0.0275,0.0053,0.0919,0.12,0.259,104.023,4
TRLSUSW128F425B9B7,Let You Down,Three Days Grace,https://p.scdn.co/mp3-preview/1ffc87813500432326527a5e82cef275247a45a0?cid=774b29d4f13844c495f206cafdad9c86,06v0krSbXIddPfHCqCO5Xs,"rock, alternative, metal, alternative_rock, hard_rock",Rock,2003,224520,0.492,0.831,0,-4.215,1,0.0693,0.000161,0.0,0.118,0.367,170.088,3
TRFMXJI128F930738B,"Broken, Beat & Scarred",Metallica,https://p.scdn.co/mp3-preview/dcaaf69df593e72250d15319ac7f563081c6697d?cid=774b29d4f13844c495f206cafdad9c86,091iseuCPKpTwjhqXNKLhC,"metal, hard_rock, heavy_metal, thrash_metal",,2008,385466,0.341,0.982,4,-1.445,1,0.106,4.98e-05,0.00509,0.297,0.483,121.39,4
TRILQPW128F92E2887,Waking the Demon,Bullet for My Valentine,https://p.scdn.co/mp3-preview/777bd858c4a8ef2d4aba47eccf9511a17b58fb76?cid=774b29d4f13844c495f206cafdad9c86,0k6wiMT26Wc3K4B2IiloUw,"metal, hard_rock, heavy_metal, thrash_metal, metalcore",Metal,2008,247693,0.306,0.995,2,-3.203,1,0.1,2.98e-05,0.00859,0.254,0.135,127.908,4
TRGZAEU128E078393F,Stein um Stein,Rammstein,https://p.scdn.co/mp3-preview/d1544e1949066460b10653677d9746648197ba02?cid=774b29d4f13844c495f206cafdad9c86,20hfLWeQSJnJ2CiPxmjzsj,"metal, heavy_metal, industrial, german",Metal,2004,232413,0.582,0.559,8,-5.755,1,0.032,0.000181,0.225,0.468,0.118,120.002,4
TRJEAIH128F92F8EB4,Check My Brain,Alice in Chains,https://p.scdn.co/mp3-preview/9f87970fb3fd11164d79513c8357bc30184b62f6?cid=774b29d4f13844c495f206cafdad9c86,1RSjkOCpIWTao4ft0SHC9z,"metal, alternative_rock, hard_rock, heavy_metal, grunge",,2009,238520,0.441,0.839,10,-3.371,1,0.0465,3.19e-06,0.0529,0.365,0.346,113.974,4
TREGXCG128F930277B,Te quiero puta!,Rammstein,https://p.scdn.co/mp3-preview/4982c6ee7f7920ab7db71b5366012f1e3febb6bb?cid=774b29d4f13844c495f206cafdad9c86,0KwqP13BnZMIycfxnqWtK1,"metal, industrial, german",,2005,235626,0.496,0.934,5,-5.305,1,0.145,7.84e-05,0.344,0.115,0.268,159.931,4
TRDGUAJ128F92D541D,Rammstein,Rammstein,https://p.scdn.co/mp3-preview/7896bd4d0aa056c664dbebba961af2a138bfa83c?cid=774b29d4f13844c495f206cafdad9c86,176mKgRpX9i9v81eNcsxzf,"metal, hard_rock, heavy_metal, industrial, german",,1995,265040,0.658,0.648,11,-8.721,1,0.0448,0.00118,0.791,0.322,0.198,113.942,4
TRDRAHQ128F427FE50,The Quiet Place,In Flames,https://p.scdn.co/mp3-preview/5f39d8859b56a471ccf9aecd942b17eac03d14e2?cid=774b29d4f13844c495f206cafdad9c86,0vBcI3etbwx17NzQrCM7MM,"metal, death_metal, melodic_death_metal",Metal,2004,276573,0.555,0.91,10,-8.237,0,0.069,0.000362,0.836,0.107,0.277,120.004,4
TRFYIGG128F148D102,Feel So Numb,Rob Zombie,https://p.scdn.co/mp3-preview/4ec5679f449c7514c0e7e7419e0109d1668d75fb?cid=774b29d4f13844c495f206cafdad9c86,0C5GN46gS5QnpOfN9YHNXZ,"metal, hard_rock, heavy_metal, industrial",Metal,2002,233533,0.57,0.884,10,-5.301,0,0.0435,5.08e-05,0.00397,0.285,0.155,127.042,4
TRFXZTZ12903CCC991,Metalingus,Alter Bridge,https://p.scdn.co/mp3-preview/8c714ad2cce30ad14312024b5c9065822dbdc680?cid=774b29d4f13844c495f206cafdad9c86,0LcgVNJFJnWaiIoRaRYeoI,"rock, metal, alternative_rock, hard_rock, heavy_metal, nu_metal",Rock,2011,278506,0.28,0.996,2,-2.965,1,0.215,4.6e-05,0.0253,0.164,0.0395,130.827,4
TRHTTQE128F9305C89,Ich tu dir weh,Rammstein,https://p.scdn.co/mp3-preview/1806d888dd429f446d3ff22d790dbfbae3d04298?cid=774b29d4f13844c495f206cafdad9c86,1As6y31aweg1kgj0l9QXgm,"metal, heavy_metal, industrial, german",,2009,301853,0.295,0.878,2,-5.034,1,0.0541,0.00112,0.191,0.113,0.295,165.083,3
TRYBNZN128F1488CE8,You Fight Me,Breaking Benjamin,https://p.scdn.co/mp3-preview/7c9892467784645039d8e747f267d19e242c9d1e?cid=774b29d4f13844c495f206cafdad9c86,3XAdARTb10N0mF5ZNSEwxq,"rock, alternative, metal, alternative_rock, hard_rock",Rock,2006,190840,0.477,0.867,0,-4.108,0,0.0429,0.000138,0.0269,0.0993,0.429,142.967,4
TRYDIVP12903CAF5A7,Chapter Four,Avenged Sevenfold,https://p.scdn.co/mp3-preview/dc66c6ab2494ab76e3c4efc906149440d036ed14?cid=774b29d4f13844c495f206cafdad9c86,1HgMkfHrHL44Z54aLvTEy2,"metal, hard_rock, heavy_metal, hardcore, metalcore",,2003,344413,0.482,0.964,2,-4.157,0,0.0492,6.13e-05,0.0897,0.231,0.334,96.028,4
TRVBEOH128F9305C8B,Haifisch,Rammstein,https://p.scdn.co/mp3-preview/c1c0d2d3a3c5e8d15114733c57e3f16d731c327e?cid=774b29d4f13844c495f206cafdad9c86,0n18LaoGCYyyaMRYH9cyh6,"metal, heavy_metal, industrial, german",Rock,2009,224906,0.627,0.842,9,-4.215,1,0.0375,0.000832,0.898,0.115,0.309,134.98,4
TRZACEN128F428E742,You Know What You Are?,Nine Inch Nails,https://p.scdn.co/mp3-preview/22098dba2316eaeb5204c3610e0f51da2a38f00c?cid=774b29d4f13844c495f206cafdad9c86,0J0Ega9IhxXFPqmiYDLgHh,"metal, industrial",,2005,221933,0.506,0.976,10,-5.664,1,0.108,0.0161,0.0308,0.294,0.272,160.035,4
TRHCIJJ128F9305C8A,Waidmanns Heil,Rammstein,https://p.scdn.co/mp3-preview/68a5e4573fcb8123a7a66ff2b57a88c2fd1bf296?cid=774b29d4f13844c495f206cafdad9c86,0fqfSiWibfWdPptcLK9siS,"metal, heavy_metal, industrial, german",,2009,212800,0.578,0.969,9,-3.894,1,0.0317,0.00113,0.0234,0.0579,0.684,104.999,4
TRPQPVO128F1460295,Ghost of the Navigator,Iron Maiden,https://p.scdn.co/mp3-preview/ace8855324c1333c6564cb4224ad7643da1208a4?cid=774b29d4f13844c495f206cafdad9c86,0wAWPnAaSIOAQDbk3qWYos,"metal, hard_rock, heavy_metal",,2002,408573,0.228,0.974,2,-5.153,0,0.176,0.00244,0.00021,0.953,0.166,111.886,4
TRLVJWO128F426B41E,The Islander,Nightwish,https://p.scdn.co/mp3-preview/5ae8443d07583ba345a554b02824afb536893cab?cid=774b29d4f13844c495f206cafdad9c86,0a2z18EJ5PvutJQWqZ03WT,"metal, folk, acoustic, power_metal, gothic_metal, gothic, symphonic_metal",,2007,305972,0.399,0.681,11,-10.399,0,0.0431,0.295,0.000269,0.156,0.343,167.797,3
TRXOHPF128F92D541C,Laichzeit,Rammstein,https://p.scdn.co/mp3-preview/ae6a9d3065d0476ddf45cf44c9f1e74159789a71?cid=774b29d4f13844c495f206cafdad9c86,0XsmlTlS5gHgUfkcQUAtCZ,"metal, industrial, german",,1995,260120,0.781,0.618,4,-8.212,1,0.0745,0.000206,0.282,0.0896,0.678,133.802,4
TRTAMNT128E07926F7,Demon Speeding,Rob Zombie,https://p.scdn.co/mp3-preview/2645f2e4cdc2724bd84e3102d5c177b0158cbb2f?cid=774b29d4f13844c495f206cafdad9c86,19OfB7USxA0csefgDPSvf0,"metal, hard_rock, heavy_metal, industrial",,2003,224573,0.552,0.817,8,-3.938,0,0.0319,0.000233,1.84e-06,0.144,0.441,133.983,4
TRDSEXL12903CBE259,Your Decision,Alice in Chains,https://p.scdn.co/mp3-preview/3cda56618b61b75c8b5f608fc8ce3b5f1a34545e?cid=774b29d4f13844c495f206cafdad9c86,4oI2qtjY1QHJ7NpYuid5KB,"metal, alternative_rock, hard_rock, heavy_metal, 00s, grunge",,2009,283173,0.469,0.631,3,-5.872,0,0.0262,4.42e-05,0.000375,0.09,0.192,99.96,4
TRTDKMT128F92CDD87,Blow Me Away,Breaking Benjamin,https://p.scdn.co/mp3-preview/7df2d4d5a1441a79186cd407a9d8a309598a4095?cid=774b29d4f13844c495f206cafdad9c86,0f4uspmfANvsVMcqK4whSM,"rock, metal, alternative_rock, hard_rock, soundtrack",Rock,2004,205320,0.531,0.953,5,-4.138,1,0.0654,0.000769,0.00127,0.134,0.475,99.111,4
TRPCZPE12903CAF5BD,Second Heartbeat,Avenged Sevenfold,https://p.scdn.co/mp3-preview/11145acad0d49509cbd063f51ef76e0c9c12d064?cid=774b29d4f13844c495f206cafdad9c86,0Beb8WbTKUTbmtSxLyCF3x,"metal, hard_rock, hardcore, metalcore",,2003,420333,0.294,0.986,0,-4.947,0,0.096,1.22e-05,0.541,0.118,0.319,184.983,4
TRRIAHM12903D06182,Bittersweet Memories,Bullet for My Valentine,https://p.scdn.co/mp3-preview/8610e3a9c18b34f3d3421e4033e946b35719171b?cid=774b29d4f13844c495f206cafdad9c86,02PTdS9L4BFXOtNvyM1ukF,"metal, hard_rock, heavy_metal, metalcore",Metal,2010,308826,0.443,0.872,3,-4.205,1,0.0444,8.21e-05,3.37e-06,0.229,0.211,142.045,4
TRJLAGN128F1462B78,Stare At The Sun,Thrice,https://p.scdn.co/mp3-preview/78b314694480d375e957f8b7013974dd91187313?cid=774b29d4f13844c495f206cafdad9c86,0FXSU5PXzvKl3CpA5h3Hqx,"rock, metal, punk, hard_rock, hardcore, punk_rock, emo, post_hardcore, love, screamo",,2003,203240,0.234,0.98,0,-3.233,0,0.148,0.000266,0.00746,0.0992,0.245,186.728,4
TRPXXIO128E0795033,Digging the Grave,Faith No More,https://p.scdn.co/mp3-preview/a228c4616b0084fc6a77df71af707a58f02b8797?cid=774b29d4f13844c495f206cafdad9c86,0eikFfci8XUSWQi25ZDVay,"rock, alternative, metal, alternative_rock, hard_rock, heavy_metal, 90s",Rock,2011,183800,0.248,0.977,4,-5.309,0,0.0606,8.49e-05,0.00189,0.375,0.769,163.076,4
TRVBFHW128F147CC96,Breadfan,Metallica,https://p.scdn.co/mp3-preview/ef005731c3076ef82f38d2edb8be23d16d3e8b4c?cid=774b29d4f13844c495f206cafdad9c86,022c5r8uXmeaLjJRaCTQdW,"metal, hard_rock, 80s, heavy_metal, thrash_metal, cover",,2009,341266,0.38,0.926,9,-7.49,1,0.0715,0.000338,0.136,0.638,0.148,123.285,4
TRUHYNC128F92E288A,Deliver Us From Evil,Bullet for My Valentine,https://p.scdn.co/mp3-preview/64c9daaf58e329d16cd211a8e74fd566bc6024ff?cid=774b29d4f13844c495f206cafdad9c86,052LZZEP8BA56afmkhIP8b,"metal, heavy_metal, metalcore, emo",Metal,2008,358280,0.433,0.931,7,-4.179,0,0.088,0.000454,1.98e-05,0.0723,0.528,93.348,4
TRPOTDA128F14683A3,Last Cup of Sorrow,Faith No More,https://p.scdn.co/mp3-preview/38a02c7b2c77f622897441b304a991411211a12c?cid=774b29d4f13844c495f206cafdad9c86,1a3J9lOjkABJCum4JixubK,"rock, metal, alternative_rock, hard_rock, 90s",Rock,2011,260733,0.494,0.911,4,-6.695,0,0.0628,3e-05,0.144,0.0441,0.547,76.848,4
TRCQAZW128EF3439E5,You're Ever So Inviting,Underoath,https://p.scdn.co/mp3-preview/73c5fdd63179d5e0e49f16f2c835f4eb0d1db6eb?cid=774b29d4f13844c495f206cafdad9c86,1AmYPVyFDVJVXsbhC8gdZm,"metal, hardcore, metalcore, emo, post_hardcore, screamo",,2008,251893,0.348,0.977,2,-3.714,0,0.102,0.000588,1.34e-05,0.217,0.264,179.994,4
TRXCMYF128E079216A,Deliverance,Opeth,https://p.scdn.co/mp3-preview/783044b84fab11b29992245d2686fb7503ca5b0b?cid=774b29d4f13844c495f206cafdad9c86,1X6H9X787IA9P4JLDkoL3p,"metal, death_metal, progressive_metal, melodic_death_metal",Rap,2002,816266,0.279,0.973,4,-3.999,0,0.0482,0.000272,0.726,0.221,0.28,97.08,4
TRLJBWW128F147A02D,Kiss and Control,AFI,https://p.scdn.co/mp3-preview/415f63d15869b17eae8a7993ca9028730cde8d59?cid=774b29d4f13844c495f206cafdad9c86,0YHUS0nhmx6AyY7PQSrU0G,"rock, alternative, metal, punk, hard_rock, punk_rock, emo, post_hardcore, screamo",Rock,2006,258533,0.407,0.859,3,-5.419,0,0.045,0.00307,0.0,0.104,0.276,162.092,3
TRBYSLP128F147CC94,Am I Evil?,Metallica,https://p.scdn.co/mp3-preview/b659502bd8d9fb49f65ab3baa214426a42f4e2d0?cid=774b29d4f13844c495f206cafdad9c86,03pJkRoQU8Lrmgc14ffJGJ,"metal, hard_rock, 80s, heavy_metal, thrash_metal, cover",Metal,1998,470133,0.349,0.943,4,-5.704,1,0.0922,0.00129,0.454,0.0529,0.518,97.491,4
TRINSRI128F1480179,Over the Wall,Testament,https://p.scdn.co/mp3-preview/c0cb6e9b833170d01229517d95c1aec57509ef00?cid=774b29d4f13844c495f206cafdad9c86,0gIRRWJx5UYnBK1d1zUUvF,"metal, heavy_metal, thrash_metal",Rock,2009,277066,0.204,0.982,11,-5.083,0,0.142,0.000296,0.124,0.955,0.0982,104.645,4
TRAGMVF128F147E68D,These Colours Don't Run,Iron Maiden,https://p.scdn.co/mp3-preview/4bbcb67110b3a5dd1a21418da1f9f5022aa9d9c1?cid=774b29d4f13844c495f206cafdad9c86,1HFgUaiCWTP3hlHW1wyiGI,"metal, heavy_metal, progressive_metal",Metal,2011,412106,0.321,0.935,4,-5.737,0,0.106,0.0085,0.0064,0.102,0.278,103.717,4
TRRIAKP128F930CAF8,All I Ever Wanted,Shinedown,https://p.scdn.co/mp3-preview/418c84f49848ec376bfc8dd84ed8cc36b8a7f0e4?cid=774b29d4f13844c495f206cafdad9c86,0TPotxjBaSlcEuFkH8FjwR,"rock, alternative, metal, alternative_rock, classic_rock, hard_rock, heavy_metal",,2003,250080,0.505,0.865,0,-3.202,1,0.0367,0.000189,0.000456,0.107,0.24,124.038,4
TRLXCEF128F9304164,The Great Disappointment,AFI,https://p.scdn.co/mp3-preview/909f45f06e52d2c71ba685911b7e6be7e122f828?cid=774b29d4f13844c495f206cafdad9c86,2DRA7hWtuL0XTtxOoNdKo8,"rock, metal, alternative_rock, punk, hard_rock, punk_rock, american, emo, beautiful",,2003,327453,0.406,0.72,6,-4.601,0,0.03,0.00149,1.37e-05,0.0746,0.0993,94.18,4
TRLFRLW128F1482515,Everything's Ruined,Faith No More,https://p.scdn.co/mp3-preview/91cd14c0a45cf3e61818a538fb17136515bd7c72?cid=774b29d4f13844c495f206cafdad9c86,2uuLEep2OyG8eAmlwt7cCl,"rock, alternative, metal, alternative_rock, experimental, hard_rock, 90s",Rock,2005,273200,0.535,0.94,2,-9.489,1,0.0511,0.000146,0.138,0.162,0.267,103.944,4
TRGYBFF12903C9AF38,In a Darkened Room,Skid Row,https://p.scdn.co/mp3-preview/6e7ba9a0ef40e5e0f655f5d4bce83acebeb1bb70?cid=774b29d4f13844c495f206cafdad9c86,215aR1pYT7oSHDAnqTQFIG,"rock, metal, classic_rock, hard_rock, 80s, heavy_metal, 90s",Rock,1991,235066,0.373,0.673,4,-9.023,0,0.0328,0.0032,1.07e-06,0.236,0.384,125.953,4
TRBCLDH128F4293B4F,Dead Alone,In Flames,https://p.scdn.co/mp3-preview/e205d6fe3c63f2273049293725f7af43c2fa1ca5?cid=774b29d4f13844c495f206cafdad9c86,0ZvvmcySNrb01wAWAqSJ7S,"metal, death_metal, melodic_death_metal",Metal,2004,222760,0.507,0.994,10,-3.455,0,0.0826,5.36e-05,0.757,0.382,0.142,108.842,4
TROEQRS128E078FB3F,Moon Baby,Godsmack,https://p.scdn.co/mp3-preview/630cd008e9ee39ecedc668bf0414ed35ddcad1b0?cid=774b29d4f13844c495f206cafdad9c86,0OqqBlfh9Ya6yrKnwswu35,"rock, metal, hard_rock, heavy_metal, nu_metal",,2012,292893,0.242,0.934,11,-6.417,1,0.113,4.88e-05,0.0731,0.467,0.219,162.6,4
TRVJIUK128F14A1400,Mourning Palace,Dimmu Borgir,https://p.scdn.co/mp3-preview/e08c92e2ca441f13c782b6c4864021e147c7c976?cid=774b29d4f13844c495f206cafdad9c86,00XdrMueKMpZs5DrdQrlun,"metal, black_metal",,1997,313360,0.167,0.932,6,-5.22,0,0.0828,1.57e-05,0.772,0.0962,0.221,129.093,3
TRFGHXU128F14A13F0,Artifacts of the Black Rain,In Flames,https://p.scdn.co/mp3-preview/a997a608ec595524de558319765124b77eec6abb?cid=774b29d4f13844c495f206cafdad9c86,0igVNTkmk2TJNB4HDL10Dk,"metal, death_metal, melodic_death_metal",Metal,1996,197400,0.231,0.963,1,-4.872,1,0.0688,3.11e-06,0.809,0.109,0.59,152.455,4
TRWVXJG128F93376A0,Smokin' In The Boys Room,Mötley Crüe,https://p.scdn.co/mp3-preview/58bffe5d555234c241e2afb80c2f616023ae2bcd?cid=774b29d4f13844c495f206cafdad9c86,00OyubZNuyM0kbzGO5K6Oh,"rock, metal, classic_rock, hard_rock, 80s, heavy_metal, cover",,2005,207400,0.394,0.947,2,-5.59,1,0.0723,0.00443,1.06e-06,0.287,0.6,135.059,4
TRSFLLX128F932732F,Quutamo,Apocalyptica,https://p.scdn.co/mp3-preview/5a120c09be2921fa22dd11a450b76960c2a8450d?cid=774b29d4f13844c495f206cafdad9c86,0tzD6iO1uR914Uf4qaLbd8,"metal, instrumental, heavy_metal, symphonic_metal",Metal,2005,206186,0.472,0.937,5,-7.164,1,0.156,0.00203,0.825,0.292,0.324,109.13,4
TRXXXDE12903CAE130,My Own Hell,Five Finger Death Punch,https://p.scdn.co/mp3-preview/6d52aa28fdd7e9ba4cc48ce501c255554061dd85?cid=774b29d4f13844c495f206cafdad9c86,1OwXPnEDI1XoTp5jy7txrX,"metal, hard_rock, heavy_metal, thrash_metal, metalcore, beautiful",Metal,2009,215213,0.467,0.901,4,-4.175,0,0.0584,5.44e-06,9.86e-05,0.107,0.328,170.007,4
TRYQEML128F9320B6A,White Knuckles,Five Finger Death Punch,https://p.scdn.co/mp3-preview/a660a13601e300052dc6cf44769ecfcdfd706c7e?cid=774b29d4f13844c495f206cafdad9c86,0fWy5dtbx7LOQGRLVtND21,"metal, heavy_metal, hardcore, thrash_metal, metalcore, nu_metal",Metal,2013,600757,0.301,0.967,11,-5.033,0,0.343,0.0228,0.000363,0.949,0.0762,130.307,4
TRIYDEZ12903CF52AA,Malpractice,Faith No More,https://p.scdn.co/mp3-preview/640f104c5fa5116e805f71db1b1faa858745fa76?cid=774b29d4f13844c495f206cafdad9c86,11iR1hf4U9bdN6Ahjzfp4j,"rock, metal, alternative_rock, experimental, hard_rock, 90s, progressive_metal, avant_garde",,2000,242293,0.255,0.958,8,-6.538,1,0.152,0.000886,0.576,0.563,0.122,119.004,4
TREVCDX128F426019C,Godhead's Lament,Opeth,https://p.scdn.co/mp3-preview/9016a192bb3856f9704865bcfced9014992e223e?cid=774b29d4f13844c495f206cafdad9c86,0DvVRwuZ5LZzIrkCfamxWe,"metal, death_metal, progressive_metal, melodic_death_metal",Metal,1999,587720,0.111,0.943,4,-3.219,0,0.0771,3.74e-05,0.775,0.158,0.349,63.732,4
TRRHMCH12903CEC792,Dawn of Victory,Rhapsody,https://p.scdn.co/mp3-preview/a0cc82c8b2a57934d78e1d933fa1ed812ff6aa4b?cid=774b29d4f13844c495f206cafdad9c86,5ibVlxfcS3KWY7B9XajjYw,"metal, heavy_metal, power_metal, symphonic_metal",Metal,2006,376973,0.407,0.964,0,-4.008,0,0.113,0.00563,0.0,0.94,0.186,95.012,4
TRXCDYX12903CD3AC8,Jailbreak,Sonic Syndicate,https://p.scdn.co/mp3-preview/14434cf2c4b8f79b0072020570ef94e3a18f7581?cid=774b29d4f13844c495f206cafdad9c86,1QbjjFsRcuhSF7sS8s3Isg,"metal, death_metal, metalcore, melodic_death_metal",,2005,252600,0.281,0.981,8,-3.322,1,0.0959,1.8e-06,0.9,0.126,0.273,185.01,4
TROIQNZ128F4279351,Dam That River,Alice in Chains,https://p.scdn.co/mp3-preview/73d031f88aecebba7749377f5e028a7e9bcdb8cb?cid=774b29d4f13844c495f206cafdad9c86,1444VIsgPhh2dVo94gsT2Y,"alternative_rock, hard_rock, heavy_metal, 90s, grunge",,1990,189973,0.426,0.939,6,-4.174,0,0.0732,0.00671,0.0,0.412,0.457,124.317,4
TRXKAYV128F9333C46,Many Of Horror,Biffy Clyro,https://p.scdn.co/mp3-preview/75b5a9a8508d6c1ae87dd6d797ede93d567c6dc7?cid=774b29d4f13844c495f206cafdad9c86,0Au4QRVX0hwIRVv1svcqhD,"rock, alternative_rock, indie_rock, british, beautiful",Rock,2010,258573,0.498,0.647,1,-7.631,1,0.0358,0.00427,9.87e-06,0.146,0.257,163.87,4
TRJFQQX128F147878D,Roadside,Rise Against,https://p.scdn.co/mp3-preview/7fe7273abf089139fbae31572a781243d1514575?cid=774b29d4f13844c495f206cafdad9c86,15dNJsSEAxG9Rnrk7AsP6f,"alternative, alternative_rock, punk, hardcore, punk_rock, acoustic, beautiful",Rock,2006,201026,0.254,0.377,1,-8.518,0,0.0299,0.677,2.56e-06,0.135,0.177,60.449,4
TRBIVWU128F92CA9D2,Skin and Bones,Foo Fighters,https://p.scdn.co/mp3-preview/a8001ecfc37f6c256a4e0be9f42f4038b701dd27?cid=774b29d4f13844c495f206cafdad9c86,12NB90vCkFaZKagYCZC66c,"rock, alternative_rock, hard_rock, 90s, acoustic, grunge",Rock,2019,215346,0.723,0.396,2,-10.64,0,0.0271,0.779,0.000463,0.259,0.302,102.98,4
TRTRHSP128F42A4CE5,Can't Repeat,The Offspring,https://p.scdn.co/mp3-preview/06eb028f5ef80bcea2cb6d39442faa170118b686?cid=774b29d4f13844c495f206cafdad9c86,1IBBxIxXv33oJs8LJU5Z8P,"rock, alternative_rock, punk, punk_rock",,2005,206520,0.53,0.858,0,-3.811,1,0.0383,0.00921,2.04e-06,0.0805,0.596,106.27,4
TRJNWTR128F9346B8A,The Feel Good Drag,Anberlin,https://p.scdn.co/mp3-preview/6dbc707acb0d430af6a4f30d27067d43199a3500?cid=774b29d4f13844c495f206cafdad9c86,05x8eVJpnAwNHUxCzbzD1V,"rock, alternative, alternative_rock, emo",Rock,2013,205786,0.484,0.863,10,-4.838,1,0.046,0.00136,0.00939,0.235,0.503,94.318,4
TRRKXNQ128F9339002,I'll Be Your Man,The Black Keys,https://p.scdn.co/mp3-preview/8f7f5d51f0ba00dfb78df1fd7c418c684bb1570d?cid=774b29d4f13844c495f206cafdad9c86,0i7n7nFCtB7MenEhibsrt0,"alternative_rock, classic_rock, indie_rock, blues, blues_rock",,2002,140933,0.59,0.724,9,-3.376,1,0.0328,0.431,0.000447,0.17,0.713,120.122,4
TRQYGUV128F1462E01,Empty Apartment,Yellowcard,https://p.scdn.co/mp3-preview/454103adac4994214117a87b36aaccf6f567983f?cid=774b29d4f13844c495f206cafdad9c86,1P30N7kY4XwOw7vwmjRxPH,"rock, alternative, alternative_rock, punk, punk_rock, emo, love",Rock,2003,216693,0.355,0.666,0,-6.263,1,0.0364,9.21e-05,0.0,0.116,0.268,183.896,3
TRGNMTD128E078884F,Life Less Frightening,Rise Against,https://p.scdn.co/mp3-preview/7823e71806df3116090b8152e5eb1ae7297f2e47?cid=774b29d4f13844c495f206cafdad9c86,04nWjZOpqFqgVRaPEvtdHD,"alternative_rock, punk, hardcore, punk_rock",Rock,2004,224013,0.486,0.958,1,-2.632,1,0.0729,0.0084,0.0068,0.151,0.185,180.123,4
TRYMRST128E078373F,Selling The Drama,Live,https://p.scdn.co/mp3-preview/06aa82c32f8f430ba9ea167fc6ccb6c8e311d934?cid=774b29d4f13844c495f206cafdad9c86,0PCjVBxICO9AOjKUD2lKwc,"rock, alternative, alternative_rock, 90s, grunge",Rock,2004,205413,0.448,0.901,6,-6.722,1,0.0627,0.0121,0.000148,0.127,0.406,124.525,4
TRTUEPW128F9306179,Arms Of A Woman,Amos Lee,https://p.scdn.co/mp3-preview/8338e914d37ce947d3c06ac2d7be90788a68a649?cid=774b29d4f13844c495f206cafdad9c86,1lsnGGtLRM62J8Hhu314qa,"jazz, folk, singer_songwriter, soul, chillout, blues, acoustic, male_vocalists, love, beautiful, guitar, mellow, chill",,2007,251905,0.541,0.0655,9,-13.757,1,0.0368,0.878,0.000375,0.108,0.126,141.601,3
TRERUDZ128F1465259,"Keep It Loose, Keep It Tight",Amos Lee,https://p.scdn.co/mp3-preview/d643cad48ecbc4080fe702463513fce08db12405?cid=774b29d4f13844c495f206cafdad9c86,3aHtYD4JFIoxLhQu0Jo5Bx,"jazz, folk, singer_songwriter, soul, acoustic, male_vocalists, love, mellow, chill",,2014,188360,0.63,0.237,4,-11.342,1,0.0472,0.869,0.0,0.108,0.24,65.031,4
TRAZKCQ128F145D7BF,Cantaloop (Flip Fantasia),Us3,https://p.scdn.co/mp3-preview/1405f3d2cc7c662897fd58c089467647e8471ff3?cid=774b29d4f13844c495f206cafdad9c86,06DSI8L6IT8SizCw3JLckz,"jazz, 90s, hip_hop, funk",,1993,279360,0.851,0.651,5,-11.515,0,0.0601,0.109,1.2e-05,0.124,0.942,115.992,4
TRDCZUX128F4263A74,City Love,John Mayer,https://p.scdn.co/mp3-preview/4cd326bad46ccd645cbb5228496e3902a7e7cdab?cid=774b29d4f13844c495f206cafdad9c86,01ybVRfrdCcC0bivVH01n1,"rock, alternative, jazz, singer_songwriter, acoustic, love, mellow, chill, blues_rock",Rock,2001,240200,0.651,0.548,5,-6.036,1,0.0304,0.00576,5.58e-05,0.145,0.411,67.604,4
TRDJQLI128E07917C7,Rikki Don't Lose That Number,Steely Dan,https://p.scdn.co/mp3-preview/b42fecd50f0166dfb4be682211118457544342ba?cid=774b29d4f13844c495f206cafdad9c86,028NYvJAD47k4iGSlpT2zy,"rock, jazz, classic_rock, 70s",Rock,1974,272626,0.649,0.478,2,-13.628,1,0.0381,0.51,0.000134,0.0915,0.571,116.179,4
TRBFESF12903CD889B,Chambermaid Swing,Parov Stelar,https://p.scdn.co/mp3-preview/ea562d53f0879dece3c505d252c111d4f71f3c86?cid=774b29d4f13844c495f206cafdad9c86,0eqJDJinTOQMbquvbQWUxn,"electronic, jazz, dance, chillout, downtempo, lounge",,2013,334880,0.889,0.587,9,-7.918,0,0.0448,0.0275,0.857,0.0872,0.483,124.022,4
TRLRECA128F93069F2,Shy Boy,Katie Melua,https://p.scdn.co/mp3-preview/a532de4e56314e618830fb14c49245528deb71e9?cid=774b29d4f13844c495f206cafdad9c86,0tb68dgbqIKBplIkgBUCsg,"female_vocalists, jazz, singer_songwriter, chillout, blues",,2006,208546,0.853,0.406,7,-15.514,1,0.0398,0.661,0.000175,0.103,0.717,122.054,4
TRZVKDR128E078868B,A Foggy Day (in London Town),Michael Bublé,https://p.scdn.co/mp3-preview/0d238abd8fe5fe9f237ba5aadaebc478641f72b5?cid=774b29d4f13844c495f206cafdad9c86,1o73dLtsJuKixesGAJ6iXW,"jazz, male_vocalists",Jazz,2011,151533,0.403,0.53,6,-6.094,0,0.0423,0.427,0.0,0.543,0.619,149.191,4
TRIQIAF128E0788692,Try a Little Tenderness,Michael Bublé,https://p.scdn.co/mp3-preview/25a785434fa1e5cc05a1e4131eff452ec8fb4eea?cid=774b29d4f13844c495f206cafdad9c86,06SUI39R57c9Jm3l3r6Iyo,"jazz, male_vocalists, love, mellow, chill",,2005,245666,0.329,0.245,2,-12.176,1,0.0359,0.884,0.000182,0.188,0.14,112.809,4
TRAKXMS12903CB36F2,The Space Between,Zero 7,https://p.scdn.co/mp3-preview/cd8a19488b329f9805d66e4cc94bed31d53b334b?cid=774b29d4f13844c495f206cafdad9c86,4AXLa2bF5OWviuoK5Gv99w,"electronic, jazz, ambient, chillout, trip_hop, downtempo, mellow, lounge, chill",Rock,2004,361333,0.524,0.374,11,-10.864,1,0.0278,0.766,0.167,0.0983,0.209,140.035,4
TRGENMC128F4263658,How Sweet It Is,Michael Bublé,https://p.scdn.co/mp3-preview/619652726e8d17a78bd71320d4aa587a7333ac48?cid=774b29d4f13844c495f206cafdad9c86,04XRimcx9QuSrtUvWpdkmS,"jazz, male_vocalists, cover",,2005,178666,0.718,0.624,7,-5.863,1,0.0843,0.092,1.33e-06,0.119,0.297,132.998,4
TRGYSPV128F146953B,Perpetuum Mobile,Penguin Cafe Orchestra,https://p.scdn.co/mp3-preview/982b63e40dc524c84193bc2a4f25f410d4d96afd?cid=774b29d4f13844c495f206cafdad9c86,1MIwRUsj23h7cYn6mNiqHw,"jazz, ambient, instrumental, chillout, classical, piano, beautiful, new_age",New Age,1996,269800,0.54,0.322,0,-15.317,1,0.0431,0.907,0.859,0.117,0.786,164.799,4
TROFJXZ128F93069FE,Blue Shoes,Katie Melua,https://p.scdn.co/mp3-preview/1a406e785f72daa8245cd9b6d44b162ef4b5a0de?cid=774b29d4f13844c495f206cafdad9c86,0ONHjJWkce95vg55FfoAjn,"female_vocalists, jazz, chillout, blues",,2005,279400,0.468,0.134,2,-16.233,0,0.0324,0.86,8.3e-05,0.165,0.128,125.84,4
TRSLJOC128F42889D5,The Sharing Song,Jack Johnson,https://p.scdn.co/mp3-preview/1eeaafe87a911ec5c65790054b3de62da2d5f23c?cid=774b29d4f13844c495f206cafdad9c86,0CfjYjURpMhOP0WCcRTxia,"jazz, singer_songwriter, soundtrack, acoustic, 00s, chill",,2006,165013,0.93,0.427,0,-7.172,1,0.0885,0.515,1.58e-06,0.657,0.534,98.997,4
TRZIVHZ128F1465262,Soul Suckers,Amos Lee,https://p.scdn.co/mp3-preview/8045684c644bd578404b06c56d0659ffd3d0c474?cid=774b29d4f13844c495f206cafdad9c86,1NjixXlQH1YhV4s5c3kBeN,"jazz, folk, soul, blues, acoustic, male_vocalists, chill",,2005,169626,0.407,0.103,9,-13.533,0,0.0372,0.927,0.0,0.105,0.237,76.813,4
TRUJYEJ128F92CEAA9,My Old School,Steely Dan,https://p.scdn.co/mp3-preview/c41da9a58f5025a7f87b05cc71e26dd77b161217?cid=774b29d4f13844c495f206cafdad9c86,04y5U8uMGxRfQSk1q4CSpa,"rock, jazz, classic_rock, 70s",,1985,348733,0.724,0.636,7,-10.968,1,0.0551,0.296,0.00031,0.0551,0.961,125.019,4
TRCYNNP12903D09C67,All In,Flying Lotus,https://p.scdn.co/mp3-preview/5c93460c185d1ca31dbe20a1a4b6e5fa26c94a41?cid=774b29d4f13844c495f206cafdad9c86,7eWIBNEmDlIpnrrhcubpK0,"electronic, jazz, ambient, experimental, instrumental, trip_hop, idm",,2012,178951,0.466,0.704,8,-8.887,0,0.0608,0.0651,0.862,0.115,0.306,140.129,4
TRXJWFS128F92F27DB,Our Love Is Easy,Melody Gardot,https://p.scdn.co/mp3-preview/215c420b0ed74c2407b103ad0f2e88fba477bac6?cid=774b29d4f13844c495f206cafdad9c86,18jyhAEvub1EEVyken9bRQ,"female_vocalists, jazz",Jazz,2009,329373,0.188,0.221,6,-12.557,0,0.0339,0.928,0.00227,0.106,0.0572,89.95,4
TRBNIDH128F429810A,Two Shoes,The Cat Empire,https://p.scdn.co/mp3-preview/a8270e95624e5721745aac2779ff0b460b841635?cid=774b29d4f13844c495f206cafdad9c86,1TIF6wKZF1l7mMaONJ2Irz,"jazz, funk, reggae, ska",,2014,313053,0.667,0.598,2,-7.929,0,0.0347,0.244,0.00162,0.11,0.642,113.331,4
TRZFYVY128F4298102,The Lost Song,The Cat Empire,https://p.scdn.co/mp3-preview/912d0e49a1e3d483d1c82c965a6e28567188758c?cid=774b29d4f13844c495f206cafdad9c86,0BZbi3Q0Y3YMIseBjUeq7J,"jazz, funk, ska",,2007,200306,0.455,0.577,2,-8.841,0,0.0461,0.0851,5.96e-05,0.0722,0.289,74.762,4
TRXHSAE128E078DEF2,Babylon Sisters,Steely Dan,https://p.scdn.co/mp3-preview/bd34aee9cf4927803401b1b856da1ba3be79c2d2?cid=774b29d4f13844c495f206cafdad9c86,0GoNTsSp2Tl9WWt8tuLTWe,"rock, jazz, classic_rock, 80s, 70s, chill",,1985,350906,0.661,0.323,10,-14.477,1,0.0497,0.449,0.0275,0.0626,0.466,60.581,4
TRMSBSS128E0798916,Back To The Ground,Jamie Cullum,https://p.scdn.co/mp3-preview/605f897013a2e2198241a1e7f29fa12bf6fb224c?cid=774b29d4f13844c495f206cafdad9c86,0MmCI9xv4UayGNAf9W5EdM,"jazz, piano",Jazz,2015,276906,0.547,0.526,9,-6.749,1,0.141,0.595,0.0,0.0742,0.256,88.785,4
TRUNSXQ128E078B97D,Put Your Head on My Shoulder,Michael Bublé,https://p.scdn.co/mp3-preview/e0e8c538e1d9f9b67a500d88a0c9afe7aef7b456?cid=774b29d4f13844c495f206cafdad9c86,25p79MP7p4HRWtS0pPEcpf,"jazz, cover",,2011,266866,0.25,0.253,2,-13.568,1,0.0327,0.78,0.000849,0.14,0.103,119.399,4
TRTSBCO128F933BB3E,Love Ain't Gonna Let You Down,Jamie Cullum,https://p.scdn.co/mp3-preview/63699810039b315a7e94d07a3117b50c0a5e08cb?cid=774b29d4f13844c495f206cafdad9c86,13DkCvhI7OD1Ct1C2TZpSm,"jazz, piano, male_vocalists",Jazz,2009,236826,0.539,0.5,1,-6.463,1,0.0305,0.526,9.24e-06,0.108,0.19,130.765,3
TRFOGQC12903CA9D2E,The Flame,Parov Stelar,https://p.scdn.co/mp3-preview/870bee6ca0e854ea2e626b2e0a60c4dcadd25cb3?cid=774b29d4f13844c495f206cafdad9c86,2vgfeI6Ja6E07I8JfJ9nDO,"electronic, jazz, funk, house, trip_hop, electro, lounge",,2009,330253,0.828,0.69,0,-7.163,1,0.0436,0.0058,0.387,0.0686,0.73,125.004,4
TRSEACZ128F92E9213,Blister in the Sun,Nouvelle Vague,https://p.scdn.co/mp3-preview/b64e0356daebe8a87d84773656064929160a0829?cid=774b29d4f13844c495f206cafdad9c86,0xbadnUQ9XanyKmmb30h47,"jazz, cover",Rock,2009,193706,0.587,0.9,2,-4.746,1,0.0286,0.178,0.00468,0.195,0.933,140.024,4
TRABQJT128F145F172,Atrevido,Orishas,https://p.scdn.co/mp3-preview/597cac2d977aad1317bb23932562d0da16271a0d?cid=774b29d4f13844c495f206cafdad9c86,0ID4IwkWmNwxnQ6Sw75IaR,"jazz, hip_hop",,1999,242800,0.865,0.783,4,-9.87,1,0.0999,0.428,0.0,0.617,0.916,95.044,4
TRASNUX128F425EAF2,Burnin' for You,Blue Öyster Cult,https://p.scdn.co/mp3-preview/7df1a3c5045bdde3deed8f62414e5bfe086feda8?cid=774b29d4f13844c495f206cafdad9c86,06MoYqgVJMCYUBBPCdu0GO,"rock, classic_rock, hard_rock, 80s, 70s",Rock,1975,268493,0.54,0.777,9,-7.346,0,0.0363,0.0339,0.0223,0.102,0.724,134.341,4
TRGBGVQ128F92CEAA2,Reelin' In The Years,Steely Dan,https://p.scdn.co/mp3-preview/e0c85630c793a5de8b4c5c446bfd9a979d0a2dba?cid=774b29d4f13844c495f206cafdad9c86,043o47KcyZDBEcB2WrWShQ,"classic_rock, 70s",Rock,2006,273986,0.522,0.771,2,-9.415,1,0.0369,0.0718,1.41e-05,0.13,0.764,135.172,4
TRCESGY128E0780E09,Breakthru,Queen,https://p.scdn.co/mp3-preview/7805fb6c3516289cc2d27108c778856ecaf41458?cid=774b29d4f13844c495f206cafdad9c86,0PesritaDvkWORoHQJmP3z,"rock, classic_rock, hard_rock, 80s, british",Rock,1989,248226,0.569,0.649,5,-13.531,1,0.0509,0.0633,0.00492,0.364,0.334,90.084,4
TROWBBZ128F4276E15,Some Kinda Love,The Velvet Underground,https://p.scdn.co/mp3-preview/2b906960c8e0f445fa0370831d1a2819546f469f?cid=774b29d4f13844c495f206cafdad9c86,0uZUjnBNfWKiEvAgJm5Ugm,"rock, classic_rock, psychedelic, 70s, 60s, psychedelic_rock",Rock,1969,242840,0.554,0.314,2,-14.713,1,0.0304,0.082,0.0186,0.122,0.577,112.787,4
TRKGCIA128F92C315D,Joe's Head,Kings of Leon,https://p.scdn.co/mp3-preview/7ecefcfa5722f20301fcd66a3f55ba27eaddc785?cid=774b29d4f13844c495f206cafdad9c86,0A2BgEzGWU9HB6XMYE7V3t,"rock, indie, classic_rock, indie_rock, 00s",Rock,2003,201333,0.542,0.911,1,-4.789,0,0.0405,0.00839,0.0,0.0435,0.824,112.289,4
TRSKATR128F4252499,My Father's Eyes,Eric Clapton,https://p.scdn.co/mp3-preview/0bec3d1ce21447d471278265c36d2afaa2d3de3c?cid=774b29d4f13844c495f206cafdad9c86,08x6zX8yLpIwoX1sc43IW1,"rock, classic_rock, blues, 90s, guitar, blues_rock",Rock,2015,323053,0.807,0.571,4,-6.177,1,0.0332,0.00797,0.00028,0.337,0.811,93.008,4
TRNQFVE128F934C056,Runnin' Down a Dream,Tom Petty and The Heartbreakers,https://p.scdn.co/mp3-preview/828b44d3b09e40cb99938119e7f54f2b9c34bf81?cid=774b29d4f13844c495f206cafdad9c86,6bxqVA0hflgfiVxdBcs7KY,"rock, classic_rock, 80s",Rock,2000,262693,0.438,0.966,9,-6.103,1,0.0445,0.000442,0.463,0.691,0.713,169.798,4
TRIPSXI128F92FD8B2,Almost Cut My Hair,"Crosby, Stills, Nash & Young",https://p.scdn.co/mp3-preview/844ca522860ba9e2baa8b3f0a269e8cdd53c2944?cid=774b29d4f13844c495f206cafdad9c86,0gCJkpD0RhF2rjiALLHBQL,"classic_rock, folk, 70s",Rock,1970,269173,0.471,0.471,7,-10.483,1,0.0437,0.185,0.00927,0.164,0.575,136.829,4
TRUHJZI128E07912A4,Bloody Well Right,Supertramp,https://p.scdn.co/mp3-preview/3c9816d879496f5c9ebfed7d1b5a951efa26b543?cid=774b29d4f13844c495f206cafdad9c86,00EuslD6TIM060H7Me1coK,"rock, classic_rock, progressive_rock, british, 70s",Rock,1974,271573,0.549,0.516,3,-10.537,1,0.114,0.257,0.00697,0.0793,0.593,76.176,4
TRVYUKA12903CEA428,Wagon Wheel,Lou Reed,https://p.scdn.co/mp3-preview/e1042585e6b7e349b26beeea38bf15a8b6d5e76d?cid=774b29d4f13844c495f206cafdad9c86,0wzt5Ql7PDySTQviZdLvZ4,"rock, classic_rock, singer_songwriter, 70s",,1972,199733,0.474,0.724,7,-8.932,1,0.0661,0.247,7.9e-05,0.114,0.671,134.901,4
TRZVJCK128F425E21A,Radio Nowhere,Bruce Springsteen,https://p.scdn.co/mp3-preview/ce5a932749114f5ae95acceecc580ec3b4d42540?cid=774b29d4f13844c495f206cafdad9c86,0nVW7L8830OeBOkj2W2u0J,"rock, classic_rock, singer_songwriter",Rock,2007,200853,0.402,0.96,9,-3.792,1,0.0482,0.01,0.0,0.349,0.594,140.2,4
TRJCMJH128E0790A95,No Milk Today,Herman's Hermits,https://p.scdn.co/mp3-preview/2655899ec583f31a0691e490f867a0c3885b2257?cid=774b29d4f13844c495f206cafdad9c86,0a7jzJkjyY0b3G1Hy3P9VQ,"classic_rock, british, 60s, oldies",Rock,2013,168878,0.515,0.615,9,-11.075,1,0.0343,0.184,0.0,0.213,0.922,142.474,4
TRDPAME128F42791AA,The Stranger Song,Leonard Cohen,https://p.scdn.co/mp3-preview/fa38aa285ed282e9ed456304651e0a02d8ea8135?cid=774b29d4f13844c495f206cafdad9c86,0KJu4FS8iscxg25eA6kpWj,"classic_rock, folk, singer_songwriter, acoustic, 70s, 60s, male_vocalists",,2000,298573,0.399,0.172,4,-20.496,0,0.0742,0.878,0.0106,0.115,0.496,89.914,4
TRMPIOZ128F931D519,Synchronicity II,The Police,https://p.scdn.co/mp3-preview/1d87c214a82f7f65371525317e1337a7f48e49a6?cid=774b29d4f13844c495f206cafdad9c86,3bvrmjrL1Ohm44lY8UhuDS,"rock, classic_rock, 80s, british, new_wave",,1993,303226,0.416,0.824,2,-9.463,1,0.0397,0.0751,0.0103,0.176,0.562,159.107,4
TREWIXS128E0792980,Right Next Door to Hell,Guns N' Roses,https://p.scdn.co/mp3-preview/8be115bfde503f7694fdf4cbfd0e767d970e4f78?cid=774b29d4f13844c495f206cafdad9c86,1416zt0Z35YVGt97dXMbxu,"classic_rock, hard_rock, heavy_metal, 90s",Rock,1991,182293,0.366,0.993,10,-4.465,0,0.169,0.0112,0.969,0.0708,0.147,100.748,4
TRPUGLX128F145C03B,Hip to Be Square,Huey Lewis & The News,https://p.scdn.co/mp3-preview/0179904933f8394a2d10110fd5a6ce5a2f1860f8?cid=774b29d4f13844c495f206cafdad9c86,3cxjR3Jf6QdjLQSBhSnrhW,"rock, classic_rock, 80s, pop_rock",Rock,2005,247240,0.476,0.871,9,-5.219,1,0.0895,0.0148,3.37e-06,0.308,0.736,147.64,4
TRWKHWZ128F14A473E,Mony Mony,Billy Idol,https://p.scdn.co/mp3-preview/486dcdcb5a03380fa23d65b35380989ae7e8ccd0?cid=774b29d4f13844c495f206cafdad9c86,0izrYJq6V0aJ1p1kQidb4d,"rock, classic_rock, punk, 80s, punk_rock, new_wave, cover",,2014,302253,0.725,0.675,6,-7.649,1,0.0415,0.00758,0.0,0.0875,0.422,135.181,4
TRTEAGP128F14580B3,Never Before,Deep Purple,https://p.scdn.co/mp3-preview/116f1eb9c95878b7b3c9d77e93ad93ba2746a234?cid=774b29d4f13844c495f206cafdad9c86,0KQppCh24sRBYfo5MZm2qB,"rock, classic_rock, hard_rock, progressive_rock, heavy_metal, 70s",Rock,1987,242160,0.586,0.559,11,-13.392,0,0.0377,0.153,0.00516,0.084,0.911,142.856,4
TRIAYBJ128E0799A5B,It's Raining Again,Supertramp,https://p.scdn.co/mp3-preview/34b6335037952508e0f58662b3f9faccc2fb0009?cid=774b29d4f13844c495f206cafdad9c86,03DZQeSZ3mvlwOjtGhyN5P,"rock, pop, classic_rock, 80s, progressive_rock, british, 70s",Rock,1982,267760,0.581,0.715,10,-7.275,1,0.0311,0.609,0.00273,0.203,0.53,121.219,4
TRDINMZ128F42733FB,Down On The Street,The Stooges,https://p.scdn.co/mp3-preview/6efbbb8d49c5784286372edf4105f88031ae9aae?cid=774b29d4f13844c495f206cafdad9c86,0sapj56cqMw049k41QMkP9,"rock, classic_rock, punk, hard_rock, punk_rock, 70s",Rock,2005,263040,0.233,0.855,2,-9.474,0,0.0719,0.0337,0.0885,0.719,0.36,78.515,4
TRXCZNS128F428A15E,Next To You,The Police,https://p.scdn.co/mp3-preview/8626461e6effcbb284030ec1920e4ed0903bff0c?cid=774b29d4f13844c495f206cafdad9c86,0rUmVbfsJQzWSA1JzolQtN,"rock, classic_rock, punk, 80s, new_wave, post_punk, 70s",,1978,175266,0.409,0.928,9,-11.532,1,0.0545,0.0149,6.01e-06,0.0504,0.495,173.617,4
TRACYXW128F4297569,Fool For Your Loving,Whitesnake,https://p.scdn.co/mp3-preview/5eaa1316c3f63092b323539ba4c2fc83f9f4be71?cid=774b29d4f13844c495f206cafdad9c86,0jVcfjLvuk97SRk2gUIjYR,"rock, classic_rock, hard_rock, 80s",Rock,1989,251733,0.52,0.764,9,-13.094,0,0.038,0.00439,0.000133,0.126,0.575,125.7,4
TRFULNM128E07969E2,I'm A Man,The Yardbirds,https://p.scdn.co/mp3-preview/95011abe66856ebe546256c8ab3ea5c5b0ec5b42?cid=774b29d4f13844c495f206cafdad9c86,0bLsnEG67MySp5RpTA3adR,"rock, classic_rock, blues, 60s, blues_rock",Blues,2012,159866,0.388,0.674,7,-11.495,1,0.0721,0.0342,0.305,0.23,0.758,144.338,4
TRALXLY128F148B35B,Caught Up in You,.38 Special,https://p.scdn.co/mp3-preview/4875c143d4d6a77fc00466de96b9974d2aa135af?cid=774b29d4f13844c495f206cafdad9c86,06aci9iLy53BqdnOmcJvIb,"rock, classic_rock, 80s",Rock,2012,277853,0.406,0.748,1,-5.471,0,0.034,0.0309,0.000383,0.0607,0.828,130.955,4
TRJEROO128F4284A64,Sirius,The Alan Parsons Project,https://p.scdn.co/mp3-preview/a8e52e19b67a019060299dc0d454461ccf7b4465?cid=774b29d4f13844c495f206cafdad9c86,0XP9tccEqHdt8y2SByHvBd,"rock, classic_rock, instrumental, 80s, progressive_rock",Rock,2013,115960,0.647,0.458,4,-13.421,1,0.0365,0.0527,0.817,0.117,0.0352,111.391,4
TROVGLQ128F4262EBD,I Hate Myself for Loving You,Joan Jett and the Blackhearts,https://p.scdn.co/mp3-preview/8d32225893cce3ef674511fe1e0ec408bc36fcfe?cid=774b29d4f13844c495f206cafdad9c86,0YsLCwWyZFVtc88wNP2Q87,"rock, female_vocalists, classic_rock, punk, hard_rock, 80s",Rock,2007,246466,0.613,0.946,9,-7.309,1,0.0689,0.0866,0.0,0.106,0.563,117.917,4
TRUWCLJ128F92E17C9,The Stroke,Billy Squier,https://p.scdn.co/mp3-preview/d8d42f6837cbd1887eeccbc30f10ed7493bf559a?cid=774b29d4f13844c495f206cafdad9c86,0GWFYOdq5xsrR9CZNiCEVC,"rock, classic_rock, hard_rock, 80s",Rock,2012,218760,0.692,0.512,10,-7.594,0,0.0595,0.585,0.0,0.254,0.734,91.375,4
TRLQRWV128F92ED201,Monday Morning,Fleetwood Mac,https://p.scdn.co/mp3-preview/28944fa16b01a0faaf693089efb5cb480bfaf4c8?cid=774b29d4f13844c495f206cafdad9c86,0qjfjKFoP7LaqLI2KI9M1Q,"rock, classic_rock, 70s",RnB,1975,167840,0.607,0.567,0,-15.728,1,0.0302,0.00177,0.000151,0.212,0.858,106.495,4
TRPXPKZ128F4263A05,Yer So Bad,Tom Petty,https://p.scdn.co/mp3-preview/508e768dc746451c672ac642843af1e4be5854db?cid=774b29d4f13844c495f206cafdad9c86,10WjyQAAhruRIDq5JVbUh6,"rock, classic_rock, 80s",Rock,1989,185426,0.568,0.551,7,-12.909,1,0.0281,0.00818,0.0,0.179,0.75,90.449,4
TRXRZEJ128F4274A89,You Got Lucky,Tom Petty and The Heartbreakers,https://p.scdn.co/mp3-preview/ed87632cc558c79d792744c076b251bde7bde642?cid=774b29d4f13844c495f206cafdad9c86,0OvjKK6d8DJ1023doAg1fd,"rock, classic_rock, singer_songwriter, 80s",,2019,212306,0.709,0.615,9,-6.92,0,0.0272,0.115,5.56e-06,0.0634,0.602,115.155,4
TRYEYCQ128F145C983,Right Down The Line,Gerry Rafferty,https://p.scdn.co/mp3-preview/26b8e97389021252942ca5a53889c48c87756517?cid=774b29d4f13844c495f206cafdad9c86,0dJ0fUf8m5xVmMZKv0QAvL,"classic_rock, singer_songwriter, 70s, mellow",,2010,270733,0.775,0.316,0,-15.335,1,0.035,0.296,0.00348,0.0839,0.756,128.191,4
TRWGTXL128F92C3C03,Autumn Almanac,The Kinks,https://p.scdn.co/mp3-preview/70d4d7c3dba8b2c82b452566b3b39d12369baea4?cid=774b29d4f13844c495f206cafdad9c86,0QaxHSDAsfbbDQAR8fm9rl,"rock, classic_rock, 60s, oldies",Rock,2002,190760,0.647,0.618,9,-5.467,1,0.0406,0.395,0.0,0.0955,0.65,119.158,4
TRSGGMJ128F93168A7,She'd Rather Be With Me,The Turtles,https://p.scdn.co/mp3-preview/4c43f0bd2605eac4bc4e3b280de99f17b563fdbe?cid=774b29d4f13844c495f206cafdad9c86,1C4Cep07dxzRgy0ruVPAfl,"classic_rock, 60s, oldies",,2009,139586,0.492,0.784,6,-9.125,1,0.0309,0.102,0.000241,0.107,0.897,124.332,4
TRQWUUG128F1485DAB,Don't Know What You Got (Till It's Gone),Cinderella,https://p.scdn.co/mp3-preview/05363150129fe428bf0ca271ea19eb496c9f08fc?cid=774b29d4f13844c495f206cafdad9c86,02inbOlZndnAM99BeRvxd9,"classic_rock, hard_rock, 80s, blues_rock",Rock,2008,274066,0.247,0.749,9,-5.542,1,0.0357,0.0649,0.0818,0.752,0.232,130.192,4
TREZGLQ128F932A48D,"Welcome, Ghosts",Explosions in the Sky,https://p.scdn.co/mp3-preview/319a09d454e6d77aebadc0037427b8754c01593f?cid=774b29d4f13844c495f206cafdad9c86,0Nu1RTexkATKSAr0en5OPh,"ambient, experimental, instrumental, post_rock",Rock,2007,343826,0.226,0.653,9,-9.303,1,0.0417,0.00387,0.874,0.168,0.0778,80.142,4
TRSQIJW128F14A2CBF,Divenire,Ludovico Einaudi,https://p.scdn.co/mp3-preview/a52bcff0f3701031e2a5f40ef07f256b74087074?cid=774b29d4f13844c495f206cafdad9c86,02ETtD0iD5xSYa3q52pMpS,"ambient, instrumental, classical, piano",,2015,423260,0.173,0.3,7,-13.398,1,0.0435,0.95,0.833,0.143,0.0676,167.56,3
TRHOCUC128F42B923F,Vladimir's Blues,Max Richter,https://p.scdn.co/mp3-preview/ef6292c4107afa6cc527d96dcb5426b68f0c6b29?cid=774b29d4f13844c495f206cafdad9c86,1a2paDLqRK6YXpGICVS9Em,"ambient, instrumental, chillout, classical, piano, beautiful",,2004,78493,0.373,0.164,9,-21.932,1,0.0624,0.995,0.889,0.105,0.0666,114.589,3
TRAANSZ128F425DD63,Stop Coming to My House,Mogwai,https://p.scdn.co/mp3-preview/1e211eace81ff8b28b3d1ba08c014c91ac109a38?cid=774b29d4f13844c495f206cafdad9c86,0iRb9QCi3UioohEiOGELTA,"ambient, experimental, instrumental, post_rock",Rock,2005,282400,0.126,0.612,2,-9.923,1,0.0408,0.0348,0.591,0.0895,0.0348,94.519,4
TRNPXSW128F425A683,Theme From Harry's Game,Clannad,https://p.scdn.co/mp3-preview/43b2526c751b198f69f22aa8343ca9a54ff103b1?cid=774b29d4f13844c495f206cafdad9c86,0F0aQyjllcNRAXIqHhZu1c,"ambient, folk, new_age",Folk,1989,148293,0.227,0.101,8,-22.539,0,0.0382,0.927,0.0434,0.0974,0.0372,119.56,3
TREMWWD128F92FFBDC,Brainfeeder,Flying Lotus,https://p.scdn.co/mp3-preview/21ca92bf04e1ccf088d2db622db06c39823ff596?cid=774b29d4f13844c495f206cafdad9c86,0ElQfyKk1fGmoghRN7lVp8,"electronic, ambient, experimental, instrumental, hip_hop, idm",Electronic,2008,91893,0.213,0.346,9,-9.677,0,0.0315,0.783,0.877,0.163,0.119,83.179,4
TRIALHC128F42B9228,Horizon Variations,Max Richter,https://p.scdn.co/mp3-preview/14a54308c86d403b5f6c541f662e7448b45dd712?cid=774b29d4f13844c495f206cafdad9c86,1r63ijU3FOBgp33Pjafp2G,"ambient, instrumental, chillout, classical, piano, beautiful",,2004,112613,0.374,0.0193,3,-24.87,1,0.0389,0.992,0.941,0.099,0.107,65.481,3
TROGOTM128F92F80D5,Start Shootin',Little People,https://p.scdn.co/mp3-preview/0cd1ede88966356c93aa85ef9dee84f85ffdfe5b?cid=774b29d4f13844c495f206cafdad9c86,4IUgpL0CgSiloUOHzgd6Qe,"electronic, ambient, instrumental, dance, chillout, piano, trip_hop, beautiful, mellow, chill",Electronic,2006,216666,0.59,0.837,4,-10.138,0,0.0423,0.16,0.733,0.101,0.396,89.871,4
TRBEOAG128E0796558,Moog Island,Morcheeba,https://p.scdn.co/mp3-preview/2f9b48f8699733d3c025c0f07fb3d85506a93b7d?cid=774b29d4f13844c495f206cafdad9c86,0Bsy2wW5BOBZK0Bt9S1YJO,"electronic, ambient, chillout, trip_hop, downtempo, mellow, lounge, chill",Electronic,1996,322079,0.369,0.242,4,-15.121,0,0.0335,0.877,0.521,0.112,0.0699,109.86,4
TRZKYRD128F14A2CC4,Oltremare,Ludovico Einaudi,https://p.scdn.co/mp3-preview/91736b4bd0690a7e6b28f4d05cbed25f4a150870?cid=774b29d4f13844c495f206cafdad9c86,0BdPae4NnHVphZdBF0uk88,"ambient, instrumental, classical, piano",,2007,662000,0.242,0.184,4,-19.012,0,0.0477,0.984,0.928,0.0595,0.0393,144.411,3
TRXWMDN12903CA5BBE,June 9th,Boards of Canada,https://p.scdn.co/mp3-preview/6a6498090a43a821dc2cc31fd307e1d9524384a8?cid=774b29d4f13844c495f206cafdad9c86,0m3cGW8hDGSuRTxoLtFsco,"electronic, ambient, chillout, psychedelic, trip_hop, electro, downtempo, idm",Electronic,1996,318240,0.642,0.931,1,-11.299,1,0.0632,0.33,0.833,0.18,0.354,123.029,4
TRCKRAC128F148F422,Death Is the Road to Awe,Clint Mansell,https://p.scdn.co/mp3-preview/18f632624bc05688693956d5ae441e1a5e0da37c?cid=774b29d4f13844c495f206cafdad9c86,3RoQX4ou3qYEASsuC7YAWD,"ambient, instrumental, soundtrack, beautiful",,2006,505600,0.187,0.411,2,-12.058,0,0.0358,0.606,0.877,0.0975,0.0763,110.6,4
TRSXWUC128F92F951E,Until We Bleed (feat. Lykke Li),Kleerup,https://p.scdn.co/mp3-preview/a7565cc70fc098c0025ece4cc152288f057b94bd?cid=774b29d4f13844c495f206cafdad9c86,382ol6Yp9nnfvRE2CIuzin,"electronic, ambient, electro, swedish",,2008,264040,0.642,0.756,9,-5.526,0,0.0617,0.305,0.252,0.0825,0.525,120.016,4
TRYPKZO128F9341FE8,Nice Weather For Ducks,Lemon Jelly,https://p.scdn.co/mp3-preview/4ac6bc9bdce25a336396a366a03955a868e9ee9f?cid=774b29d4f13844c495f206cafdad9c86,1swkFJ90VYPjkPOleS728V,"electronic, ambient, instrumental, dance, chillout, trip_hop, downtempo, lounge, chill",Electronic,2006,238466,0.673,0.291,7,-20.237,1,0.0362,0.0161,0.474,0.109,0.38,123.511,4
TRSGIJS128F92C5A70,Indra,Thievery Corporation,https://p.scdn.co/mp3-preview/b59f10e490df123b3e06c9d4172a6803407b1594?cid=774b29d4f13844c495f206cafdad9c86,44qwhbumtZrqnTrzMGnEqX,"electronic, ambient, instrumental, chillout, trip_hop, downtempo, lounge, chill",,2000,322866,0.64,0.741,4,-6.932,0,0.0458,0.091,0.549,0.103,0.423,95.003,4
TRPAICU128F1453ADA,Flora's Secret,Enya,https://p.scdn.co/mp3-preview/525d8e268de1a1112d1d13220ff59204701300ce?cid=774b29d4f13844c495f206cafdad9c86,0yEE7VxJmb7l9KO42JBLE1,"ambient, chillout, new_age",,2009,245173,0.565,0.247,11,-12.749,1,0.0314,0.841,0.4,0.106,0.635,142.063,3
TRLJRXY12903CA5BB6,Nlogax,Boards of Canada,https://p.scdn.co/mp3-preview/ff92b0325f21150b9c06acd4cc91c6311a5c4782?cid=774b29d4f13844c495f206cafdad9c86,4twZPBdFpG2AXWrlRqurnQ,"electronic, ambient, instrumental, chillout, psychedelic, trip_hop, electro, downtempo, idm",Electronic,1996,413973,0.784,0.491,3,-9.327,0,0.0829,0.118,0.907,0.0772,0.918,105.036,4
TRLFQEM128F92F070A,Dietro Casa,Ludovico Einaudi,https://p.scdn.co/mp3-preview/8aa0d0aef5ad6f0b3843606a87408f5779fe4185?cid=774b29d4f13844c495f206cafdad9c86,01GzimCcA1gC66XcSHhvO3,"ambient, instrumental, classical, piano, new_age",,2014,262083,0.358,0.217,8,-20.749,1,0.0659,0.986,0.884,0.11,0.0329,91.542,4
TRBSDYE128E078BB58,China Roses,Enya,https://p.scdn.co/mp3-preview/462548267ab2cd43e688b0ab33bda8db31ebca81?cid=774b29d4f13844c495f206cafdad9c86,1ArsSZRWknVciDgyMmOObr,"ambient, chillout, mellow, new_age",New Age,1997,288906,0.405,0.243,6,-15.538,1,0.0345,0.838,0.779,0.0885,0.127,114.313,3
TREXNUE128F92FFC12,Golden Diva,Flying Lotus,https://p.scdn.co/mp3-preview/b1becf87f24cb6a959e17e039ed566c419d6608b?cid=774b29d4f13844c495f206cafdad9c86,1q9aXCAu3ffgFLQkRhomsX,"electronic, ambient, experimental, instrumental, hip_hop, idm",Electronic,2008,241973,0.397,0.911,6,-5.631,1,0.399,0.0508,0.00713,0.389,0.592,120.108,3
TRCEQQA128F92F48B5,The Mass,Era,https://p.scdn.co/mp3-preview/2a1933d361f26c525655a33079ecab28a22a7675?cid=774b29d4f13844c495f206cafdad9c86,17iycEiYuuXtcttJLxpkEp,"ambient, chillout, new_age",New Age,2004,221880,0.772,0.62,7,-8.057,1,0.0297,0.562,0.034,0.0858,0.336,109.756,4
TROTWMO128F42B9238,Iconography,Max Richter,https://p.scdn.co/mp3-preview/128d8a610ab85fcc5f3ddc40179849c375b3c9d8?cid=774b29d4f13844c495f206cafdad9c86,04gW4W5ziYM3cvdJoDYqQo,"ambient, instrumental, chillout, classical",Electronic,2004,218866,0.278,0.163,7,-20.454,0,0.0433,0.972,0.909,0.107,0.0383,69.347,4
TREXZNI128F92C5A6F,Le Monde,Thievery Corporation,https://p.scdn.co/mp3-preview/7d8623a40c0ddd9b075c99604b80bcd8f15f1c1f?cid=774b29d4f13844c495f206cafdad9c86,1Egz4yOAaoWmIrtLjKBn6E,"electronic, ambient, chillout, trip_hop, downtempo, french, mellow, lounge, chill",Electronic,2000,191000,0.651,0.367,10,-12.948,0,0.0512,0.351,0.0578,0.155,0.462,136.026,4
TRKRKGG128F9331034,The Disconnect,Tycho,https://p.scdn.co/mp3-preview/675fee397869812a9aa332b8f76a0dc990731d7d?cid=774b29d4f13844c495f206cafdad9c86,09OkxeLUm8G3a2FyWyUfAM,"electronic, ambient, chillout, downtempo, idm",Electronic,2006,371533,0.678,0.569,9,-11.647,0,0.0347,0.271,0.941,0.172,0.27,120.012,4
TRIYOKK128F427EAE5,Dice,Finley Quaye,https://p.scdn.co/mp3-preview/1ba434144abc18988037c4ed9adefb1c977f05a7?cid=774b29d4f13844c495f206cafdad9c86,1PopEXbkCp6kYSm80NolN6,"indie, ambient, chillout, soundtrack, mellow, chill",Pop,2004,255146,0.62,0.406,9,-8.396,1,0.0281,0.0346,0.00914,0.0873,0.182,111.116,4
TRJUQIJ128F9316B52,Glue of the World,Four Tet,https://p.scdn.co/mp3-preview/a5cae6855577ac1e4b8b647d5c11a012dfbf0e15?cid=774b29d4f13844c495f206cafdad9c86,1yhT2KbM8jvwO1DGt3UEvo,"electronic, ambient, experimental, instrumental, chillout, downtempo, idm, chill",Electronic,2001,302226,0.612,0.566,8,-8.973,0,0.0374,0.128,0.919,0.388,0.362,89.982,4
TRBIIVV128F42A4C92,Shadow Journal,Max Richter,https://p.scdn.co/mp3-preview/5d40ab5fe104b47b65ec8acc911f13130d122635?cid=774b29d4f13844c495f206cafdad9c86,13wL7NIQ7VbNRCle36KRmQ,"ambient, experimental, instrumental, chillout, classical",,2004,502986,0.308,0.102,10,-24.822,1,0.0473,0.917,0.795,0.658,0.0356,144.093,4
TRMVHYS128F423C6A8,Ebudae,Enya,https://p.scdn.co/mp3-preview/6058c10eb26706944e499c2bbe38f388884dbaeb?cid=774b29d4f13844c495f206cafdad9c86,2b9FR5aYxmQjIzkauR2MuN,"ambient, folk, chillout, new_age",,1991,116093,0.473,0.141,8,-23.508,1,0.0408,0.93,0.000636,0.125,0.358,77.447,4
TROIDAY128F42B9251,Organum,Max Richter,https://p.scdn.co/mp3-preview/41cae4d94e750da021302ba8a65c469b437d4d8b?cid=774b29d4f13844c495f206cafdad9c86,0xyUCEk6IkYMN6asvcavk9,"ambient, instrumental, chillout, classical",Electronic,2018,193480,0.184,0.0437,0,-22.579,0,0.0388,0.629,0.662,0.135,0.113,70.517,4
TRCOLZV128F1453AD8,Tempus Vernum,Enya,https://p.scdn.co/mp3-preview/ba7aaee7ce3c8b97936c4ce35880ee6d0716a5cb?cid=774b29d4f13844c495f206cafdad9c86,5gr5OUyqK5uIG2EouwV6Ta,"female_vocalists, ambient, chillout, new_age",New Age,2000,144266,0.469,0.172,2,-15.15,1,0.031,0.736,0.927,0.113,0.0306,73.675,4
TRURVSU128F426D342,Spaceape,Burial,https://p.scdn.co/mp3-preview/e54f43d6bc60cf91be845607a93eea5953065ddb?cid=774b29d4f13844c495f206cafdad9c86,02Pi3fNsyWlnLx9IaSS8e3,"electronic, ambient",Electronic,2006,241880,0.868,0.474,1,-7.992,0,0.16,0.349,0.279,0.176,0.233,105.001,5
TRIPJIJ128F1453AE0,Lazy Days,Enya,https://p.scdn.co/mp3-preview/36c19c65f69e01248ffffb57ab878bd495a07436?cid=774b29d4f13844c495f206cafdad9c86,29K5Ku7NhBIDfDe4CDRXt6,"ambient, chillout, new_age",New Age,2000,223053,0.517,0.295,8,-11.813,1,0.0274,0.799,0.979,0.0981,0.724,155.441,4
TRIIALE128F92CD1BE,Knuddelmaus,Ulrich Schnauss,https://p.scdn.co/mp3-preview/b044cd7339ac3b41eb4bb2e7521e0b1a69e671cf?cid=774b29d4f13844c495f206cafdad9c86,0Pobrg7pAYCd7r8GtPCqxB,"electronic, ambient, chillout, german, downtempo, idm, chill",Electronic,2001,421826,0.637,0.686,7,-7.108,1,0.0423,0.0112,0.908,0.158,0.166,99.899,4
TRYRVJI12903CDB1E6,Finished Symphony,Hybrid,https://p.scdn.co/mp3-preview/7294acb0bc512937f207f295578af8f9baa29581?cid=774b29d4f13844c495f206cafdad9c86,1BE9l16zR5a232qN7DSqQP,"electronic, ambient, instrumental, trance",,2006,573080,0.579,0.758,7,-10.079,0,0.0406,0.000652,0.818,0.124,0.125,132.023,4
TRKOCXI128F9316B54,Harmony One,Four Tet,https://p.scdn.co/mp3-preview/8b4a9503baf8f0c4ef47b8c0ba75f7779953f786?cid=774b29d4f13844c495f206cafdad9c86,1BtLEUri7ROn7IC0HnuSdi,"electronic, ambient, experimental, instrumental, chillout, psychedelic, downtempo, idm, noise, chill",Electronic,2001,101693,0.379,0.532,10,-21.419,1,0.433,0.952,0.829,0.7,0.381,172.885,4
TROYKCI128F1468D95,The Dream of the Dolphin,Enigma,https://p.scdn.co/mp3-preview/91ccd96c324ae743364250993237323aa7a80616?cid=774b29d4f13844c495f206cafdad9c86,1BK4P5U99RBR0Vlvueshtp,"ambient, new_age",New Age,1993,167369,0.38,0.126,4,-22.635,1,0.0331,0.862,0.565,0.38,0.0353,104.917,4
TRXVQAJ128F9316B65,Untangle,Four Tet,https://p.scdn.co/mp3-preview/418ff3dcfda7aa9e77534011767ed0294cf720f2?cid=774b29d4f13844c495f206cafdad9c86,07x32YcknJlShlCY5ELl99,"electronic, ambient, instrumental, house, electro, downtempo, idm",Electronic,2001,276760,0.807,0.456,9,-12.406,1,0.0656,0.000536,0.904,0.112,0.415,112.985,4
TRJAQLF128F4243D6A,Sao Paulo,Morcheeba,https://p.scdn.co/mp3-preview/35c6d98e6762f6b162747d895f10914eeb3d145c?cid=774b29d4f13844c495f206cafdad9c86,2AAgUikfQ4kTuLEnW5Aqr8,"ambient, chillout, trip_hop, downtempo, lounge",Electronic,2002,268999,0.462,0.688,1,-7.369,0,0.0355,0.499,0.0553,0.131,0.387,168.036,4
TRXSRET128F9316B71,No More Mosquitoes,Four Tet,https://p.scdn.co/mp3-preview/fb45073eb25a6384e920e34a33dad51c5116dff7?cid=774b29d4f13844c495f206cafdad9c86,0n2fcA9SkpD1x5Ecqs5lPN,"electronic, ambient, trip_hop, techno, electro, downtempo, idm",Electronic,2001,219213,0.742,0.518,1,-8.087,1,0.212,0.204,4.64e-05,0.26,0.648,129.976,4
TRCUXNC128F4291758,Nefeli,Ludovico Einaudi,https://p.scdn.co/mp3-preview/ed8b9c53463c6a0b56d8e4a1be188c1aa398f877?cid=774b29d4f13844c495f206cafdad9c86,03MuKUoB9LXeN6RsV4yQbt,"ambient, instrumental, classical, piano",,2015,270053,0.28,0.294,9,-17.268,0,0.0457,0.976,0.892,0.162,0.125,133.843,1
TRCTSVN128F423C31E,Aldebaran,Enya,https://p.scdn.co/mp3-preview/c741c39162c17ddc6671a5c81ea8e619e13cf3bb?cid=774b29d4f13844c495f206cafdad9c86,4f5kexHZAQh0OC2bgXiULy,"ambient, new_age",New Age,1987,185773,0.307,0.324,3,-18.297,1,0.0389,0.468,0.963,0.226,0.0395,127.606,4
TRHVRWL128F42396D6,The Flying Club Cup,Beirut,https://p.scdn.co/mp3-preview/3e5e509e95a4ce6b4e20083141761175fda773bc?cid=774b29d4f13844c495f206cafdad9c86,2heLGVC64EHWj9RHXdheVI,"alternative, indie, experimental, folk, american, beautiful",,2007,185280,0.429,0.648,8,-7.106,0,0.0347,0.701,0.00144,0.205,0.542,114.571,3
TRYNPHN128F92EF091,Rest,The Temper Trap,https://p.scdn.co/mp3-preview/f8ca98dafa2476f0d58cd54cbff61943f1ae5c62?cid=774b29d4f13844c495f206cafdad9c86,09f5bxT3ZhNLQf0noyoMOT,"rock, alternative, indie, experimental, indie_rock, beautiful, 00s, britpop",Rock,2009,222520,0.355,0.639,11,-8.324,0,0.0339,0.00144,0.451,0.131,0.163,157.386,4
TRNEGYK128F42720D5,Never Stops,Deerhunter,https://p.scdn.co/mp3-preview/ae6bd947d6bcbd833e84fc7d9191f7b920786051?cid=774b29d4f13844c495f206cafdad9c86,1jkTjnKw15ClpbUmxiHpry,"indie, experimental, indie_rock, psychedelic, indie_pop, 00s",Rock,2008,184480,0.527,0.799,0,-5.293,1,0.0358,8.46e-05,0.744,0.389,0.629,118.892,4
TRGIEHQ128F14668E3,Pepper,Butthole Surfers,https://p.scdn.co/mp3-preview/90f2f00b377ba6ad715ff3ee3e860e25482a4de0?cid=774b29d4f13844c495f206cafdad9c86,1ng36571Iyov4HBxUClySn,"rock, alternative, alternative_rock, experimental, punk, 90s, psychedelic, psychedelic_rock",Rock,1996,297266,0.631,0.804,7,-5.492,1,0.166,0.00589,0.00116,0.16,0.671,79.898,4
TRGASPR128F93322E7,The Gulag Orkestar,Beirut,https://p.scdn.co/mp3-preview/d690eff05a604ae3a94e00e5dd86e7fb63947ab6?cid=774b29d4f13844c495f206cafdad9c86,3gNwlim5qMcVg7HJelghRc,"indie, experimental, folk, indie_rock, instrumental, singer_songwriter, indie_pop, love",,2006,279760,0.385,0.487,2,-8.419,0,0.0338,0.13,0.0121,0.0918,0.196,119.972,4
TREZYWT128F93191B7,Cards & Quarters,Local Natives,https://p.scdn.co/mp3-preview/72657a0761e1383163bca1218ba386e7cd9f154f?cid=774b29d4f13844c495f206cafdad9c86,4qzW5f0kjIC98EmOK4rgAu,"indie, experimental, folk, indie_rock, american, indie_pop, 00s, chill",Rock,2010,239160,0.621,0.424,4,-9.994,0,0.0284,0.0318,0.276,0.0991,0.553,73.817,4
TRRQBED128F4279305,Wait for the Summer,Yeasayer,https://p.scdn.co/mp3-preview/06292bc7f5b644926ecfeb9a73a87108ecc992c7?cid=774b29d4f13844c495f206cafdad9c86,1PgmBUEdAPCAeFJthSU9Rr,"rock, indie, experimental, folk, psychedelic, beautiful, psychedelic_rock, 00s",Rock,2013,268240,0.373,0.93,7,-3.396,0,0.0857,0.515,1.08e-06,0.464,0.423,172.035,4
TRCURLL128F92FFC22,GNG BNG,Flying Lotus,https://p.scdn.co/mp3-preview/092c029a0c499f158cafaa43cbb73abfe3017c74?cid=774b29d4f13844c495f206cafdad9c86,3ikwXw561IEOzPikYP1j0y,"electronic, experimental, instrumental, hip_hop, electro, idm",Electronic,2008,218866,0.699,0.938,7,-3.853,1,0.153,0.0452,0.878,0.111,0.514,96.887,4
TRRTVVF128F930FD97,Osaka Loop Line,Discovery,https://p.scdn.co/mp3-preview/fc9fbc833cba52ecc59dbe3b5ab3b03f3f8caef2?cid=774b29d4f13844c495f206cafdad9c86,3ETayXmEtFFE0GxOu7qY4Y,"electronic, experimental, indie_pop, 00s",Electronic,2009,241733,0.707,0.493,9,-6.662,1,0.332,0.102,0.000108,0.159,0.654,155.906,4
TRJCIZO128F424FEF9,Lovely Allen,Holy Fuck,https://p.scdn.co/mp3-preview/48efa544d0f8ffec70a212e4f7f9b908b1ec3103?cid=774b29d4f13844c495f206cafdad9c86,2J2phxjElag9UCwCwwC65T,"electronic, indie, experimental, instrumental, dance, post_rock",Electronic,2006,273493,0.541,0.95,5,-6.752,1,0.102,0.0449,0.846,0.179,0.115,116.257,4
TROZEPU12903D01E2C,You Hid,Toro y Moi,https://p.scdn.co/mp3-preview/ee7702bfc927e8e73c91898ec0ba80d6b6eed0c1?cid=774b29d4f13844c495f206cafdad9c86,0I74hVw1WxIayHNGxnBqQn,"electronic, experimental, chillout, synthpop, mellow, chill",,2010,204640,0.603,0.556,8,-9.863,1,0.0654,0.153,0.59,0.163,0.514,180.027,4
TRWVUUS128F931FF4B,With Twilight as My Guide,The Mars Volta,https://p.scdn.co/mp3-preview/056dcf7bbc618158a581f35fc1e16a03c6f504c7?cid=774b29d4f13844c495f206cafdad9c86,5p881TQAufaVxX8qzqVYIS,"experimental, progressive_rock, acoustic, psychedelic, psychedelic_rock",Rock,2009,472413,0.115,0.508,4,-9.189,0,0.0355,0.348,0.000237,0.593,0.13,174.804,4
TRWTQCV128F1462B7F,The Melting Point Of Wax,Thrice,https://p.scdn.co/mp3-preview/57ca31a666bccdd9b036718f3ff187b2759330be?cid=774b29d4f13844c495f206cafdad9c86,649TjLu8nDRGjv5UlkhiDe,"rock, experimental, punk, hardcore, punk_rock, emo, post_hardcore, guitar, screamo",Rock,2003,209600,0.318,0.971,4,-2.822,0,0.102,3.34e-05,0.276,0.0934,0.3,103.896,3
TRHJJEC128F92FA041,Converting Vegetarians,Infected Mushroom,https://p.scdn.co/mp3-preview/8be87838099de63dc4cb3b66e4651f90edf6966d?cid=774b29d4f13844c495f206cafdad9c86,2Ypd2QVly4J7OKpUJVAYPL,"electronic, experimental, rap, psychedelic, hip_hop, trance, electro, downtempo",,2003,339933,0.758,0.669,1,-12.723,1,0.126,0.125,0.129,0.075,0.652,80.043,4
TREKAPF128F92E16BC,Gardenhead / Leave Me Alone,Neutral Milk Hotel,https://p.scdn.co/mp3-preview/62157fb3789eb165cffb4a37dc218d53b31e7b45?cid=774b29d4f13844c495f206cafdad9c86,3Mr3ZUFtC1DKFmFeD5mF8P,"alternative, experimental, post_punk",Rock,1996,193973,0.419,0.62,4,-9.773,1,0.0324,0.00454,0.000156,0.466,0.309,104.179,4
TRQLOHS128F42435AE,Holes To Heaven,Jack Johnson,https://p.scdn.co/mp3-preview/4296b44b8c87f68cc823f8bbead6f8954db18432?cid=774b29d4f13844c495f206cafdad9c86,1xTuxSFqxyOmFoGhYezRFf,"folk, singer_songwriter, chillout, acoustic, mellow, chill",,2004,174760,0.89,0.631,4,-8.828,0,0.0645,0.383,0.0307,0.102,0.728,93.045,4
TRYIKBI128F426FFF2,If I Ever Leave This World Alive,Flogging Molly,https://p.scdn.co/mp3-preview/2b567ed71092803c571ad98985a7133e1661c2b7?cid=774b29d4f13844c495f206cafdad9c86,0GaDiOQjbBFypX16p7J7hk,"folk, punk, soundtrack, punk_rock, acoustic",,2007,201746,0.348,0.624,2,-5.937,1,0.0296,0.205,6.97e-06,0.0747,0.49,103.236,4
TRWPPII128F92E4947,Carries On,Edward Sharpe & The Magnetic Zeros,https://p.scdn.co/mp3-preview/635605cbc4f006bf5085a1426bc3a98d34a41c8f?cid=774b29d4f13844c495f206cafdad9c86,1JFgHFmPtVXm6kaoW85QpD,"indie, folk, american, male_vocalists, chill",Rock,2009,271200,0.501,0.311,7,-11.723,1,0.0265,0.43,0.00504,0.289,0.326,104.493,4
TRGGLQD12903D1256C,Fortunate Fool,Jack Johnson,https://p.scdn.co/mp3-preview/467b51387bc0d7024e9142c40844fafb398819fc?cid=774b29d4f13844c495f206cafdad9c86,0GrbeibCzhfDazZCu8Fz43,"rock, folk, singer_songwriter, chillout, acoustic, 00s, mellow, chill",,2001,231186,0.795,0.267,4,-10.367,1,0.0491,0.61,0.0029,0.123,0.302,129.405,4
TROXQHT128F932680E,Here I Dreamt I Was an Architect,The Decemberists,https://p.scdn.co/mp3-preview/6184da77c544d8a9b3b41495c847c5ffcfdb1938?cid=774b29d4f13844c495f206cafdad9c86,0BahRq8ZRCnlg40YfrVIvL,"indie, folk, indie_rock, indie_pop, mellow, chill",Rock,2002,269146,0.411,0.754,7,-6.515,1,0.0294,0.101,2.83e-06,0.141,0.602,189.9,4
TRGAQVK12903D08292,Plasticities,Andrew Bird,https://p.scdn.co/mp3-preview/d3fa578c7b3282f9aae5a3a69af14cb24451af51?cid=774b29d4f13844c495f206cafdad9c86,0eU7QAyF8EWJE2Jz9c9i3P,"indie, folk, indie_rock, singer_songwriter, indie_pop, mellow",Rock,2007,264933,0.611,0.5,5,-10.976,1,0.0286,0.432,0.0127,0.115,0.699,146.832,4
TRQFIKC128E0782FC3,I Don't Know What I Can Save You From,Kings of Convenience,https://p.scdn.co/mp3-preview/47f1b9f7f48190f439ef55becfd26aa418e6639a?cid=774b29d4f13844c495f206cafdad9c86,05qTeP4xG8KXoRhN2HdKjS,"indie, folk, singer_songwriter, chillout, acoustic, indie_pop, love, beautiful, guitar, mellow, chill",,2001,277506,0.619,0.284,3,-15.547,1,0.0286,0.938,0.774,0.123,0.696,91.943,4
TRZDLOT128F92E9214,Kiss Off,Violent Femmes,https://p.scdn.co/mp3-preview/5ee750e2254f2d379e689e06331cc95fe50c7bc1?cid=774b29d4f13844c495f206cafdad9c86,1g8TgfieW1i94RCS7aXk3n,"rock, alternative, indie, alternative_rock, folk, punk, indie_rock, 80s, post_punk",Rock,1982,176720,0.661,0.662,4,-8.88,0,0.0931,0.255,0.0,0.131,0.825,87.119,4
TRQYXAE128F1486DE9,Prenzlauerberg,Beirut,https://p.scdn.co/mp3-preview/51894b3e8a2831c91cf583fa379cbb64feb95dbb?cid=774b29d4f13844c495f206cafdad9c86,1iZmqB6gndTk4f3JlokFjX,"indie, folk, singer_songwriter",,2006,226733,0.417,0.906,3,-5.004,1,0.0784,0.542,0.00011,0.339,0.531,129.932,3
TRVEFWL12903CF7576,Your Rocky Spine,Great Lake Swimmers,https://p.scdn.co/mp3-preview/32be5ef12f10acce6190e67384281bcd8eaa7d8f?cid=774b29d4f13844c495f206cafdad9c86,0N0r9fZeAPf7OmPnUEMQtv,"folk, singer_songwriter, acoustic, beautiful, mellow",,2007,216453,0.707,0.427,7,-15.34,0,0.0296,0.612,0.00396,0.212,0.55,94.322,4
TRPDRWH128F148DAC3,Grey Room,Damien Rice,https://p.scdn.co/mp3-preview/33c5b9ae7019a56a323dfa545171ac347bf05ac0?cid=774b29d4f13844c495f206cafdad9c86,18kWW8irXPxSxRGa7h9LCu,"indie, folk, singer_songwriter, acoustic, male_vocalists, mellow",,2006,343573,0.326,0.224,0,-11.376,1,0.0345,0.431,2.19e-05,0.095,0.183,78.306,4
TRIRRLF128E078FC32,Fall Line,Jack Johnson,https://p.scdn.co/mp3-preview/06626e337cec57d46e83236ea65f0b94c7d41cbd?cid=774b29d4f13844c495f206cafdad9c86,2qfukFVp1GsOBt3EVLv26G,"folk, singer_songwriter, acoustic, mellow, chill",Folk,2004,95706,0.602,0.369,2,-9.713,1,0.0407,0.508,0.00451,0.151,0.744,150.384,4
TRXWFNS128F9336C8B,The Story I Heard,Blind Pilot,https://p.scdn.co/mp3-preview/cfb3595c91d5f59d46ff7141d1d2fde61b3244db?cid=774b29d4f13844c495f206cafdad9c86,01nW6MdZU2KYjkYovWpjq6,"indie, folk, acoustic, beautiful, mellow, chill",,2009,273413,0.739,0.443,1,-13.002,1,0.0266,0.57,0.000895,0.0798,0.502,95.538,4
TRAEGXU128F9304D31,Camera Talk,Local Natives,https://p.scdn.co/mp3-preview/bcb473394c27030bdcae49d8322da399cd18316c?cid=774b29d4f13844c495f206cafdad9c86,1Ol2hm95S9EytiP9s4DNw3,"indie, folk, indie_rock, american, indie_pop",Rock,2009,222946,0.491,0.96,6,-5.937,0,0.0458,0.0271,0.00358,0.087,0.909,155.955,4
TRCQYJE128E078FA49,The News,Jack Johnson,https://p.scdn.co/mp3-preview/59d30f9e70cd1a19232528846f5209f66fde16b8?cid=774b29d4f13844c495f206cafdad9c86,1v1MoRe2yzHnXCkHSTMB56,"folk, singer_songwriter, chillout, acoustic, mellow, chill",,2001,146213,0.722,0.0818,4,-20.044,1,0.0427,0.895,0.0021,0.111,0.228,124.232,4
TRYYDLF128F423BB17,House by the Sea,Iron & Wine,https://p.scdn.co/mp3-preview/a77b4c94d99e016a4e5e7c0a1d99a40778b239d5?cid=774b29d4f13844c495f206cafdad9c86,1m2n2H3lVGp1OhYuU9oC7U,"indie, folk, indie_rock, singer_songwriter, acoustic, american, 00s, chill",,2007,261813,0.726,0.58,5,-7.82,0,0.0397,0.873,0.335,0.0996,0.486,117.115,4
TRHFGRN128F427EFC3,Sons & Daughters,The Decemberists,https://p.scdn.co/mp3-preview/6b473ca53234f3c99245fc752cf552d353dbd61c?cid=774b29d4f13844c495f206cafdad9c86,0eNtHZiAUykMHfCFjryw4G,"indie, folk, indie_rock, indie_pop",Rock,2006,313600,0.331,0.559,2,-8.263,1,0.0316,0.224,0.0,0.297,0.236,115.117,4
TRZNFCZ128F42396D5,St. Apollonia,Beirut,https://p.scdn.co/mp3-preview/7a67339629bdbcfcdbb2ad505f3681e3814ed002?cid=774b29d4f13844c495f206cafdad9c86,15v1dzpoIoGcjKHgr5n6e9,"indie, folk, american, love",Folk,2007,180733,0.291,0.498,0,-9.103,0,0.028,0.913,0.17,0.0812,0.583,99.197,3
TRKUKHU128F423BB18,Innocent Bones,Iron & Wine,https://p.scdn.co/mp3-preview/c2829efe7117a136957fcbfe51e05c7026b5fded?cid=774b29d4f13844c495f206cafdad9c86,0MCYIT4VTpf6lrjeAYVmcc,"indie, folk, singer_songwriter, chillout, acoustic, american, male_vocalists, beautiful, mellow, chill",,2007,222333,0.77,0.529,9,-10.528,1,0.0348,0.734,0.565,0.0918,0.949,120.286,4
TRBAKKG12903CE896B,What's Left of the Flag,Flogging Molly,https://p.scdn.co/mp3-preview/adbe5bf00907103443d01223780c3e17f3eb0806?cid=774b29d4f13844c495f206cafdad9c86,0bIxJD7MS3B3BncSVN7k6C,"folk, punk, punk_rock",,2006,253480,0.178,0.981,7,-4.753,1,0.147,0.00656,0.00665,0.825,0.367,160.905,4
TRHLTZE128F92E16C7,April 8th,Neutral Milk Hotel,https://p.scdn.co/mp3-preview/ad3a35cdd7dcc53c0f08655a9f71f480b8478aa9?cid=774b29d4f13844c495f206cafdad9c86,50o78AIz7sOB3IRnhRDxFL,"indie, folk, indie_rock, acoustic, love",Rock,1996,167733,0.374,0.175,0,-15.873,1,0.0346,0.35,0.732,0.505,0.0348,110.619,4
TRWHHKF128E078FC37,Symbol In My Driveway,Jack Johnson,https://p.scdn.co/mp3-preview/7ed05efa9ca7f4d58de6c5307ab7618d20e0582f?cid=774b29d4f13844c495f206cafdad9c86,03FQkQsOsMoyMBPDY9hi9z,"folk, singer_songwriter, chillout, acoustic, mellow, chill",,2005,168813,0.677,0.68,9,-6.235,1,0.0259,0.693,0.117,0.439,0.603,88.518,4
TREWJOK128F92E16C0,Three Peaches,Neutral Milk Hotel,https://p.scdn.co/mp3-preview/9d8d1450e291904c5414ad84ff86989ae13124fa?cid=774b29d4f13844c495f206cafdad9c86,1yaqnxoWDffHYUE42nCpw7,"indie, folk, indie_rock, 90s, acoustic, indie_pop, mellow",Rock,1996,241333,0.31,0.0776,7,-15.344,1,0.0444,0.277,0.129,0.112,0.0366,121.007,4
TRAHVXE128F9339BAD,The Trapeze Swinger,Iron & Wine,https://p.scdn.co/mp3-preview/b34da27f2a7e2261940fa1bbd5b0ac0fb41fa701?cid=774b29d4f13844c495f206cafdad9c86,28ZKNl78JoN6o6GIJiTiVd,"indie, folk, singer_songwriter, acoustic, love, beautiful, mellow, chill",,2005,571626,0.602,0.329,2,-15.092,1,0.0391,0.884,0.000963,0.107,0.689,75.507,4
TRTCYFP128F423BB1C,The Devil Never Sleeps,Iron & Wine,https://p.scdn.co/mp3-preview/42d3c07d06c04d2152737466d1a2eb8188fb8a95?cid=774b29d4f13844c495f206cafdad9c86,0sh0seh9JqeC1fdSnv0l7p,"rock, indie, folk, singer_songwriter, blues, acoustic, piano",,2007,126759,0.617,0.737,10,-5.717,1,0.0361,0.551,0.00128,0.172,0.824,81.976,4
TRZFICU128F92CD390,Furr,Blitzen Trapper,https://p.scdn.co/mp3-preview/6ccee182538eb752ee936c9d94aeac0a0bc0f90c?cid=774b29d4f13844c495f206cafdad9c86,11MWcx5AxODCegkETJ25VH,folk,,2008,247506,0.56,0.517,2,-9.587,1,0.0549,0.514,0.0,0.105,0.501,92.233,4
TRSBMHN128F426BF7E,Innocent Son,Fleet Foxes,https://p.scdn.co/mp3-preview/48011b4f9582d7b9392a89fe0c40a3745b031f04?cid=774b29d4f13844c495f206cafdad9c86,0gb9JqwsrPagbpy6cuohUz,"alternative, indie, folk, indie_rock, acoustic, american, beautiful, 00s",,2008,185280,0.505,0.0201,2,-14.522,1,0.0363,0.943,2.52e-06,0.204,0.146,91.625,3
TRXIXSP128F42A04EC,Everything'll Be Alright (Will's Lullaby),Joshua Radin,https://p.scdn.co/mp3-preview/64f441dfd6631d38ed1dc0ef3ca29e2a142fe2b9?cid=774b29d4f13844c495f206cafdad9c86,0BpTbO2NGLeML5Ti6Npnr7,"folk, singer_songwriter, acoustic, mellow, chill",Folk,2006,159893,0.526,0.143,11,-18.951,1,0.0363,0.731,0.173,0.119,0.373,171.782,4
TRFNCJJ128F428AC19,Business Time,Flight of the Conchords,https://p.scdn.co/mp3-preview/50faff42ee4493c77edf159d72101e567faf8fe0?cid=774b29d4f13844c495f206cafdad9c86,068smurCqz675qvFsEajw7,"folk, acoustic",,2008,245160,0.823,0.783,5,-7.839,0,0.0744,0.0761,0.00754,0.107,0.866,95.986,4
TRRHXZX128F93191C4,Cubism Dream,Local Natives,https://p.scdn.co/mp3-preview/9ce6f65ed9ea3262576fd08d7e64e8a403d999f6?cid=774b29d4f13844c495f206cafdad9c86,0goGJa5oHPVaqsOaIwAaR4,"indie, folk, indie_rock, american, indie_pop, love, 00s, chill",Rock,2009,239613,0.68,0.526,5,-8.795,1,0.0249,0.551,0.00838,0.123,0.811,104.874,4
TRZUSDI128F4259806,When The Stars Go Blue,Ryan Adams,https://p.scdn.co/mp3-preview/ad12f9f16927bacff06acc78efda26cc2834bc20?cid=774b29d4f13844c495f206cafdad9c86,04rMpRstoJt3uvqyNGKczX,"rock, folk, singer_songwriter, acoustic, country, male_vocalists, love, beautiful, 00s, mellow, chill",Rock,2001,211666,0.59,0.208,10,-13.25,1,0.0316,0.466,2.81e-05,0.115,0.293,90.084,4
TRVGRKJ128F92DEA07,Cycling Trivialities,José González,https://p.scdn.co/mp3-preview/52983a7b5042a4360f7f388e38e1f2a6827a75cc?cid=774b29d4f13844c495f206cafdad9c86,0NBJqZJOnaJz9duAZolXe2,"indie, folk, singer_songwriter, chillout, acoustic, beautiful, guitar, swedish, mellow",,2007,489213,0.534,0.324,11,-9.875,1,0.035,0.757,0.808,0.0931,0.137,109.089,4
TROVQCE12903D051C1,The Wild Hunt,The Tallest Man on Earth,https://p.scdn.co/mp3-preview/2ff004c35ab972d0242a1f4c589ef805a60f3f93?cid=774b29d4f13844c495f206cafdad9c86,0FFDg9bENybnEcMqbz2hjL,"indie, folk, singer_songwriter, acoustic",,2010,203613,0.575,0.396,9,-10.211,1,0.0309,0.847,2.64e-06,0.106,0.503,101.815,4
TRAAFOY128F146CC17,Astair,Matt Costa,https://p.scdn.co/mp3-preview/e61d854e617b0b4b1f6a9b9cf1558da182592c76?cid=774b29d4f13844c495f206cafdad9c86,1gR3YzuuIDjBZhPYnFPqx8,"folk, singer_songwriter, chillout, acoustic, mellow, chill",,2014,178746,0.627,0.374,1,-11.098,0,0.0291,0.538,2.91e-05,0.137,0.546,104.131,4
TRAMQXC128F14A2378,Mango Tree,Angus & Julia Stone,https://p.scdn.co/mp3-preview/a1e00efe42367edb7e84dc6a8cceb6fa713d4b01?cid=774b29d4f13844c495f206cafdad9c86,0IGUZLfbNPrR5TFht2zBY6,"indie, folk, singer_songwriter, acoustic, love, beautiful, mellow, chill",Folk,2010,225106,0.586,0.43,0,-15.097,1,0.0305,0.814,0.099,0.115,0.277,107.788,4
TRMVPDH128F4281925,You Are My Sister,Antony and the Johnsons,https://p.scdn.co/mp3-preview/ad07611172eb91a2144b595a0ccfbd61d012e86f?cid=774b29d4f13844c495f206cafdad9c86,0ZsvZkYYk2QQ7mhEQ1Ks6V,"alternative, indie, folk, singer_songwriter, soul, acoustic, piano, love, beautiful, 00s, mellow",,2005,239520,0.429,0.325,8,-11.51,1,0.0368,0.894,3.75e-05,0.115,0.204,80.357,4
TRFIIHS128F427EF9D,On the Bus Mall,The Decemberists,https://p.scdn.co/mp3-preview/fd1dc366d55dc949e502d2e0659ccd6346866245?cid=774b29d4f13844c495f206cafdad9c86,12R4KTIkIv3PkBTQNkcbO4,"indie, folk, acoustic, indie_pop, beautiful, mellow",Rock,2005,364413,0.271,0.531,7,-8.566,1,0.0291,0.174,7.96e-06,0.294,0.367,95.222,4
TRCLGPC128F146CC16,Cold December,Matt Costa,https://p.scdn.co/mp3-preview/eac371647f4a9903bdd45df05c8d27840f238ca8?cid=774b29d4f13844c495f206cafdad9c86,0Z4EuJhyKReRDSMWPH0ZXY,"indie, folk, singer_songwriter, acoustic, mellow, chill",,2006,255573,0.646,0.6,10,-7.4,1,0.0246,0.0156,1.04e-06,0.102,0.515,111.327,4
TRPKKZG128F92E495A,Simplest Love,Edward Sharpe & The Magnetic Zeros,https://p.scdn.co/mp3-preview/cc3ea89ba3c068df95e49da4f52c60182dd04c54?cid=774b29d4f13844c495f206cafdad9c86,0ZPw2mWVE2bDDtEmgYDrHg,"indie, folk, american, indie_pop, love, beautiful",Rock,2009,172773,0.595,0.372,2,-9.707,1,0.0271,0.715,0.0128,0.314,0.452,95.426,4
TRJRMMB128F9336C93,One Red Thread,Blind Pilot,https://p.scdn.co/mp3-preview/48a2305b681815cf8075447743f8df9c2b7d99cb?cid=774b29d4f13844c495f206cafdad9c86,0u6kgF2eAYwA1H2WLMZAU6,"indie, folk, singer_songwriter, acoustic, indie_pop, love, mellow",,2009,271000,0.504,0.339,2,-13.007,1,0.0325,0.812,0.00075,0.083,0.288,97.859,4
TRZQXZQ128F92E4955,Come In Please,Edward Sharpe & The Magnetic Zeros,https://p.scdn.co/mp3-preview/dc53e667d39f3780d67394016e76843832c185c9?cid=774b29d4f13844c495f206cafdad9c86,0P9RSFLAjkdHy21F2WFF7K,"alternative, indie, folk, american, indie_pop, chill",,2009,304013,0.465,0.53,0,-9.578,1,0.0335,0.355,0.0903,0.109,0.234,112.285,4
TRYPFQN12903D082E1,"Skin Is, My",Andrew Bird,https://p.scdn.co/mp3-preview/a65ef9bc56f040351e05b216c739456f52246253?cid=774b29d4f13844c495f206cafdad9c86,0eRNlgzwjIuVqHfOUMb2KE,"indie, folk, singer_songwriter, male_vocalists",Rock,2010,216893,0.601,0.672,11,-7.699,0,0.0856,0.735,0.00208,0.105,0.579,158.023,4
TRIXQTL128F92D3184,The Akara,Beirut,https://p.scdn.co/mp3-preview/a4064821bcae5cad1c6cd47d60647e6d9ae0e703?cid=774b29d4f13844c495f206cafdad9c86,08Fzdan1z0prqCZDoTJqzK,"indie, folk, singer_songwriter, american, 00s",,2009,235760,0.623,0.616,5,-6.041,0,0.0376,0.73,0.432,0.269,0.281,130.14,4
TROZZNY128F14782F7,All the Wild Horses,Ray LaMontagne,https://p.scdn.co/mp3-preview/ef262fe3c859100b89444e8d205a04402f0e1225?cid=774b29d4f13844c495f206cafdad9c86,0FFmbqx2J0gzIIO3TTiATi,"folk, singer_songwriter, chillout, blues, acoustic, beautiful, mellow",Folk,2010,196946,0.241,0.0721,7,-22.115,1,0.0348,0.822,0.21,0.112,0.12,170.597,5
TRWXUOJ12903CE8966,Rebels of the Sacred Heart,Flogging Molly,https://p.scdn.co/mp3-preview/9464b57d9d7560bafd9d5808d772101aebba3534?cid=774b29d4f13844c495f206cafdad9c86,04BE99STGuWmGAXePpmKVk,"folk, punk, punk_rock",,2010,361960,0.214,0.93,2,-4.384,1,0.1,0.0961,1.1e-05,0.527,0.225,159.771,4
TREBZDS128F93269FA,The Chimbley Sweep,The Decemberists,https://p.scdn.co/mp3-preview/6eedecde6980e1db98d29c9855f49f698c1b171b?cid=774b29d4f13844c495f206cafdad9c86,2Wlo58wDgWF6cjLbYyvart,"indie, folk, indie_rock, indie_pop",Rock,2003,173560,0.437,0.658,6,-7.324,1,0.0311,0.0216,0.0,0.0836,0.838,109.034,4
TRLKTWO128F932EDC2,For Beginners,M. Ward,https://p.scdn.co/mp3-preview/d772b171de6909458bbac05741554492fd5bf29c?cid=774b29d4f13844c495f206cafdad9c86,4gFJlU6CWvHrsMqXQs9PP6,"indie, folk, singer_songwriter, acoustic, guitar, mellow",,2009,167560,0.536,0.409,0,-11.212,1,0.0416,0.796,1.26e-05,0.221,0.269,118.977,4
TRKVHLV12903D051C2,Burden of Tomorrow,The Tallest Man on Earth,https://p.scdn.co/mp3-preview/e7ddf1f7b3b42bcade53b5ac2c3454e70339053e?cid=774b29d4f13844c495f206cafdad9c86,4QDA2EOd7NILP6jNNN12de,"folk, singer_songwriter, acoustic, swedish",Folk,2010,213786,0.488,0.464,6,-7.935,1,0.0381,0.847,4.9e-05,0.106,0.486,156.245,4
TRBWEBP128F42396CE,La Banlieue,Beirut,https://p.scdn.co/mp3-preview/489cfa733f2357e4b508312137ae14f1d0d3cb61?cid=774b29d4f13844c495f206cafdad9c86,0QMcn2NfUrJVqZSZZQrZul,"alternative, indie, folk, instrumental, singer_songwriter, piano, american, 00s",,2007,117533,0.534,0.294,11,-16.882,0,0.0632,0.991,0.391,0.141,0.555,124.864,4
TRWUKDU128F92E4963,Om Nashi Me,Edward Sharpe & The Magnetic Zeros,https://p.scdn.co/mp3-preview/bd94699090f843df06ae084358cfee61a0a45a53?cid=774b29d4f13844c495f206cafdad9c86,1h1S9UXPwutvXLKaa79d2W,"indie, folk, psychedelic, american, indie_pop",Rock,2009,376066,0.249,0.795,5,-8.144,1,0.0465,0.162,0.157,0.387,0.173,121.974,3
TRONFJS128F428979F,Highwayman,The Highwaymen,https://p.scdn.co/mp3-preview/e076d5c991daae54cbd9bfdd2a317837aca0134e?cid=774b29d4f13844c495f206cafdad9c86,03HhjUce7gU9Phd9S5ZjB8,"folk, country",Country,2008,181960,0.685,0.524,11,-10.042,0,0.0411,0.462,0.0202,0.136,0.493,101.324,4
TRYJFWA128F92D3188,The Shrew,Beirut,https://p.scdn.co/mp3-preview/0b6dc402c099eede740c4ab9cfbd2e101d03cf33?cid=774b29d4f13844c495f206cafdad9c86,1OcnkAMBzfv6Y541O3Ws4S,"folk, singer_songwriter, american",Folk,2009,225813,0.453,0.262,7,-8.004,1,0.0925,0.866,0.0098,0.149,0.63,170.255,3
TRMKOQF128F42A6E4A,Two Coins,Dispatch,https://p.scdn.co/mp3-preview/99aee235d982f7f9ce95f6752f73b380e1424ac6?cid=774b29d4f13844c495f206cafdad9c86,0wsis8nb0CLqWoRvEPvwiS,"indie, folk, acoustic, mellow, chill",,1997,186520,0.536,0.305,7,-8.645,1,0.121,0.858,2.9e-06,0.101,0.643,175.184,4
TRISWHT128F92D3190,The Concubine,Beirut,https://p.scdn.co/mp3-preview/0f157bb62fbfb5344ad5a2791e947b047852cb48?cid=774b29d4f13844c495f206cafdad9c86,0TppeicGz18JyhT91Kwyvx,"indie, folk, singer_songwriter",Folk,2009,207973,0.579,0.36,0,-7.701,1,0.0362,0.812,0.0,0.105,0.434,87.529,4
TRCFRFJ128F93264C8,"Los Angeles, I'm Yours",The Decemberists,https://p.scdn.co/mp3-preview/4039443a1cc96bf38798ac6242f90f60707958fb?cid=774b29d4f13844c495f206cafdad9c86,3df5wODIQpqr3l6AoFIGo5,"indie, folk, acoustic, indie_pop, 00s, mellow",Rock,2003,257640,0.548,0.36,0,-8.197,1,0.0391,0.324,0.0,0.128,0.656,146.17,4
TRMKHYJ128F931117D,The Walls Are Coming Down,Fanfarlo,https://p.scdn.co/mp3-preview/4a2ef669ab3eb5d15ef379c02eca74d1e110531d?cid=774b29d4f13844c495f206cafdad9c86,0ZY7e8LCujT9UO6yTVcIOI,"indie, folk, british, indie_pop, beautiful, 00s",Rock,2009,255280,0.546,0.74,7,-5.631,1,0.0269,0.00679,3.34e-05,0.0634,0.279,101.652,3
TRPWFQZ128F92EFBA7,Down to the River to Pray,Alison Krauss,https://p.scdn.co/mp3-preview/e20788cb6c8f9a26389c233d61935c31481f8474?cid=774b29d4f13844c495f206cafdad9c86,3KNnyBCjInhKXHIfW5Byhg,"female_vocalists, folk, soundtrack, country, beautiful, mellow",Country,2007,176360,0.546,0.2,4,-12.002,1,0.0593,0.954,0.0,0.298,0.65,131.47,4
TRILTQH128F93264C4,Billy Liar,The Decemberists,https://p.scdn.co/mp3-preview/38fd68c8498596f9b504012f48185b73b4d8fb24?cid=774b29d4f13844c495f206cafdad9c86,0Lmvoz05wfNrCRVIe98GSQ,"indie, folk, indie_pop",Rock,2012,401120,0.464,0.637,2,-8.003,1,0.0567,0.185,0.0,0.733,0.489,137.356,4
TRWUFEW128F14782F3,Forever My Friend,Ray LaMontagne,https://p.scdn.co/mp3-preview/d0ba5c2742a260137d4a004e5d01fb918025b900?cid=774b29d4f13844c495f206cafdad9c86,0Ev7atdl0qS2n39OO7051O,"folk, singer_songwriter, soul, blues, acoustic, male_vocalists, love, mellow",Folk,2004,347333,0.493,0.524,2,-13.553,1,0.0423,0.334,0.0141,0.357,0.379,176.233,4
TRREYOW12903CF7884,Blue Mind,Alexi Murdoch,https://p.scdn.co/mp3-preview/e74756dfb3cb1868806f1eab70ea8e57ab698e8a?cid=774b29d4f13844c495f206cafdad9c86,0IDtqr73CDGRQ1Gooo2ojN,"indie, folk, singer_songwriter, acoustic, beautiful, 00s, mellow",,2009,345040,0.588,0.411,11,-15.263,1,0.0342,0.542,0.915,0.0908,0.459,120.054,4
TRHUABQ12903C99C8F,January Wedding,The Avett Brothers,https://p.scdn.co/mp3-preview/4422893829a39ba1797b86b57f090600edcee744?cid=774b29d4f13844c495f206cafdad9c86,2m3Sr82w8VGGbmSJX1DunR,"folk, country, male_vocalists, love, beautiful, mellow",,2010,228320,0.47,0.34,9,-10.976,1,0.0292,0.326,4.07e-06,0.294,0.611,134.731,4
TREODII128F9320A36,Tenuousness,Andrew Bird,https://p.scdn.co/mp3-preview/a57d86ffd638ca65127f4cf3e6ac30e9e4b5b798?cid=774b29d4f13844c495f206cafdad9c86,0GUH3YaJHHKIZtF62NY9Js,"indie, folk, singer_songwriter, beautiful, mellow, chill",Rock,2009,231133,0.66,0.427,0,-10.897,1,0.0318,0.658,0.0532,0.116,0.406,122.242,4
TRXLUXI128F9336C99,I Buried A Bone,Blind Pilot,https://p.scdn.co/mp3-preview/8203a716b4c218742fdec289f77afee0318ad868?cid=774b29d4f13844c495f206cafdad9c86,07NkDsOUHzfZZ96lIgPXpS,"indie, folk, singer_songwriter, american, beautiful, mellow, chill",,2009,157026,0.703,0.376,5,-11.979,1,0.034,0.895,0.000747,0.224,0.496,124.543,4
TRDEGBX128F4230F28,Carmensita,Devendra Banhart,https://p.scdn.co/mp3-preview/0668d86402449b383a7be83dcacecf9a8a927b84?cid=774b29d4f13844c495f206cafdad9c86,0uT4EnuXNopQueB9YOuNhm,"folk, 00s",Folk,2011,287133,0.61,0.671,4,-10.356,0,0.0457,0.603,0.128,0.338,0.787,124.663,4
TROTBAZ128F14782F4,Hannah,Ray LaMontagne,https://p.scdn.co/mp3-preview/381bf13c3e0b6a26aa9316b225d17da22e876540?cid=774b29d4f13844c495f206cafdad9c86,008qxKHrGOSsKPb6kFGqvG,"folk, singer_songwriter, acoustic, mellow",Folk,2004,342706,0.626,0.246,7,-15.946,1,0.0325,0.348,0.0241,0.0891,0.315,123.712,4
TRKJMNS128F423EEA2,Little Yellow Spider,Devendra Banhart,https://p.scdn.co/mp3-preview/ab53de74d21affd20f7ae42b31ffedcd82704569?cid=774b29d4f13844c495f206cafdad9c86,1Qz8W1w9FTN1Jstdy0ZuOD,"indie, folk, singer_songwriter, acoustic, psychedelic, love, mellow",Folk,2004,219760,0.491,0.492,2,-10.358,1,0.0317,0.876,0.00267,0.327,0.547,119.337,4
TRNDKQV12903D051C9,A Lion's Heart,The Tallest Man on Earth,https://p.scdn.co/mp3-preview/0cae02b28ac622a0b6c7b9d8357e04154486cb9a?cid=774b29d4f13844c495f206cafdad9c86,0331CPjueco4BlAbhA2ghs,"folk, singer_songwriter, acoustic",Folk,2010,195386,0.664,0.297,3,-8.477,1,0.0394,0.885,0.0,0.137,0.465,121.479,4
TRIGTIQ128F14979A3,A Perfect Sonnet,Bright Eyes,https://p.scdn.co/mp3-preview/61ca618147278dc5d182b9cba8250a60b9dec9b4?cid=774b29d4f13844c495f206cafdad9c86,2QuqBHd1y3N268XVe2D115,"indie, folk, singer_songwriter, acoustic, emo, love, beautiful",Rock,1999,221786,0.289,0.674,0,-8.192,1,0.0509,0.252,0.0,0.137,0.211,126.892,4
TRDRTRR128F931E65D,Can't Go Back Now,The Weepies,https://p.scdn.co/mp3-preview/14c8ff7d02bf0aa3fec193b3240da3b703ef36b0?cid=774b29d4f13844c495f206cafdad9c86,0omSXtITothcJFXHM0NFmN,"indie, folk, singer_songwriter, acoustic, indie_pop, beautiful, 00s, mellow, chill",,2009,137880,0.69,0.552,5,-9.114,1,0.0264,0.497,0.000589,0.197,0.685,119.928,4
TRPUXCZ12903C99C90,Head Full Of Doubt/Road Full Of Promise,The Avett Brothers,https://p.scdn.co/mp3-preview/5ba33980893382ea00a1c7e2db0b3df4771fd974?cid=774b29d4f13844c495f206cafdad9c86,1Fyy1ePSTD2ec3w6pge3oz,"indie, folk, chillout, american, mellow",,2009,287986,0.308,0.472,7,-7.316,1,0.0355,0.414,1.97e-05,0.125,0.154,175.908,3
TROLWOI128F425EF06,Gone In The Morning,Newton Faulkner,https://p.scdn.co/mp3-preview/746eafe413e51cc065ab5a9e2009b9088267c50e?cid=774b29d4f13844c495f206cafdad9c86,28w5jynOxlxjwnmfBTksE0,"indie, pop, folk, singer_songwriter, acoustic",,2008,140520,0.843,0.411,1,-7.872,1,0.0514,0.0431,0.000961,0.189,0.936,129.976,4
TRMPGIW128F9330A28,Who Will Save Your Soul,Jewel,https://p.scdn.co/mp3-preview/626dd2cf1578bab5f2b7e922af754048387c507f?cid=774b29d4f13844c495f206cafdad9c86,1SYXw0U7vE9BpUw5bEFvKw,"pop, female_vocalists, folk, singer_songwriter, 90s, acoustic, mellow, pop_rock",Pop,1995,239293,0.686,0.467,7,-9.712,1,0.0419,0.704,0.00103,0.13,0.753,126.179,4
TRZPLCV128F92CD953,"Brackett, WI",Bon Iver,https://p.scdn.co/mp3-preview/2fb127b632dce885da910c4b53e54ca0d25be360?cid=774b29d4f13844c495f206cafdad9c86,1xBub6spWqyPZoUMxMo0cv,"folk, singer_songwriter, mellow",Rock,2009,242933,0.47,0.331,6,-14.029,1,0.0364,0.845,0.809,0.0887,0.196,109.812,4
TRFVZLL128E0781AA1,Dark Globe,Syd Barrett,https://p.scdn.co/mp3-preview/4d76646904ccc5de9db7783353181544e236190c?cid=774b29d4f13844c495f206cafdad9c86,08l8EsZ3Ct8kwIVLoJtmzs,"classic_rock, folk, singer_songwriter, psychedelic, psychedelic_rock",Rock,1994,122240,0.462,0.152,7,-14.059,1,0.0305,0.401,0.0,0.114,0.469,141.413,4
TRYFVIO12903C99C95,Laundry Room,The Avett Brothers,https://p.scdn.co/mp3-preview/31d577604fa3497520776b54cfd95a4d7e417b16?cid=774b29d4f13844c495f206cafdad9c86,3XEA95Iw6R81SomnAAwjAE,"folk, acoustic, country, male_vocalists",,2009,291360,0.364,0.497,11,-8.053,1,0.0298,0.496,0.000233,0.228,0.317,149.235,4
TRMPCGW128F92E0670,Head Rolls Off,Frightened Rabbit,https://p.scdn.co/mp3-preview/8404ae865d0f44a187bd6af5bcbf122bd01d7557?cid=774b29d4f13844c495f206cafdad9c86,0AtEOo9LxYj5cZtf3EiHmA,"indie, folk, 00s, guitar",,2008,224346,0.553,0.738,9,-6.342,1,0.0395,0.23,0.00298,0.0847,0.244,128.99,4
TRNSAXS128F427EF31,Come Thou Fount of Every Blessing,Sufjan Stevens,https://p.scdn.co/mp3-preview/0d741efb604b1f89ad17e6a5dd142c37c21ab728?cid=774b29d4f13844c495f206cafdad9c86,0sIR6lRb71pg00ghvyh8pP,"folk, acoustic",Folk,2010,280800,0.713,0.279,11,-10.338,1,0.0509,0.88,1.45e-05,0.565,0.357,123.199,3
TRFNUZA128F428AA28,Brand New Key,Melanie,https://p.scdn.co/mp3-preview/f3f8d9de8ff69f543564b976f11781297bc9e0dd?cid=774b29d4f13844c495f206cafdad9c86,09xnLcXYaLOjbjSJT1gEPF,"female_vocalists, folk, 70s, 60s, oldies",,2009,143746,0.693,0.24,1,-13.866,1,0.0347,0.928,0.000351,0.105,0.849,84.387,4
TRRKTAN128F42282B7,Lonelily,Damien Rice,https://p.scdn.co/mp3-preview/ee831c156adad199c2bbf93985643733c5187747?cid=774b29d4f13844c495f206cafdad9c86,12PsxMq3osiuJAVkdRVj4H,"indie, folk, singer_songwriter, acoustic, guitar, mellow, chill",,2009,195426,0.401,0.482,0,-8.633,1,0.0351,0.309,2.93e-05,0.111,0.549,78.845,3
TRVDIXI128F92CD394,Black River Killer,Blitzen Trapper,https://p.scdn.co/mp3-preview/8656fbfd1cc2cf71ff6fd0b8084134d611506c93?cid=774b29d4f13844c495f206cafdad9c86,07feXtviFGL0JEQNCX5k2g,"indie, folk, acoustic, male_vocalists, mellow, chill",,2008,208120,0.629,0.644,11,-9.481,1,0.0408,0.616,0.00458,0.0904,0.685,80.324,4
TRHOANO128F93269FD,As I Rise,The Decemberists,https://p.scdn.co/mp3-preview/60e9537b5933e5a2040b102dfed94fc03c6be62e?cid=774b29d4f13844c495f206cafdad9c86,197Yrs7tqgMUgqbV8Seg66,"indie, folk, indie_rock, chillout, indie_pop, downtempo, 00s",Rock,2003,134320,0.674,0.433,7,-11.106,1,0.0416,0.517,0.00458,0.369,0.703,113.78,4
TRVIWLR12903C99C92,The Perfect Space,The Avett Brothers,https://p.scdn.co/mp3-preview/222d7e9eeec9895378936b9d585311e43da43075?cid=774b29d4f13844c495f206cafdad9c86,08ORg3M5ly7J9b7YpCLjKz,"indie, folk, chillout, piano, country, mellow",,2009,271080,0.392,0.217,0,-9.148,1,0.0332,0.815,0.00375,0.218,0.111,112.559,4
TRMVJAX12903C99C91,And It Spread,The Avett Brothers,https://p.scdn.co/mp3-preview/93365a7db1aa14b231c21533d30c2ad010454687?cid=774b29d4f13844c495f206cafdad9c86,3VFi6YIVvQKUWEKGjHNDx2,"indie, folk",,2009,246986,0.489,0.505,9,-6.252,1,0.0284,0.0281,0.000219,0.0955,0.309,134.739,4
TRJUAGI128F426177C,Gray Or Blue,Jaymay,https://p.scdn.co/mp3-preview/87a01ef194f6507e980e941d8a274740c9a42162?cid=774b29d4f13844c495f206cafdad9c86,68fnTTUO5tRZ4EQ1ozwYk7,"indie, female_vocalists, folk, singer_songwriter, acoustic",,2007,205319,0.746,0.268,11,-13.859,1,0.0525,0.779,0.0,0.0846,0.626,106.114,4
TRMIXFB12903CF9CB5,If You're Into It,Flight of the Conchords,https://p.scdn.co/mp3-preview/b6069ffb6a92bdda74182e1707e24ad2691e57fe?cid=774b29d4f13844c495f206cafdad9c86,6aU45B6447r0x9Sd6AOrw0,"folk, acoustic, guitar, chill",,2007,105786,0.837,0.268,0,-10.448,1,0.136,0.404,0.0,0.125,0.664,120.06,4
TRRAXGA128F14B0F43,California Stars,Billy Bragg & Wilco,https://p.scdn.co/mp3-preview/1063e7c18f96a5b5f7755f88741a54829813a094?cid=774b29d4f13844c495f206cafdad9c86,5sJAp2nZSkZmBslLIg2dJU,"folk, country",,1998,298533,0.622,0.736,9,-9.229,1,0.0292,0.422,1.18e-05,0.0829,0.723,110.24,4
TRFRJAY128F1465267,Black River,Amos Lee,https://p.scdn.co/mp3-preview/53ba56f7e9be8328f3259a4b333cb7afe1d17bf7?cid=774b29d4f13844c495f206cafdad9c86,27B2A9ARKg6kLdLPsriiAU,"folk, soul, acoustic, guitar",,2005,211146,0.427,0.121,9,-17.573,1,0.0449,0.892,0.000257,0.106,0.286,143.686,4
TRXRIAE12903CF374B,Eighties Fan,Camera Obscura,https://p.scdn.co/mp3-preview/9b5f66dc0c00ee79656daafb8fe593a313b295b8?cid=774b29d4f13844c495f206cafdad9c86,52xsK6gFmiwxZKYiZ8cv07,"indie, female_vocalists, folk, indie_pop",Rock,2001,263360,0.366,0.552,7,-10.002,1,0.0659,0.207,1.87e-06,0.0902,0.51,132.667,4
TROKUMJ128F422FD82,California Über Alles,Dead Kennedys,https://p.scdn.co/mp3-preview/fce9790b2097b7bd601fdf72620273fa60971db4?cid=774b29d4f13844c495f206cafdad9c86,0tl7UmmV7HhX7UQW7ZBeJb,"punk, 80s, punk_rock",Punk,2007,208053,0.247,0.908,8,-3.902,1,0.0994,0.218,9.27e-05,0.166,0.706,169.5,4
TRUFDRV128F4262352,Linoleum,NOFX,https://p.scdn.co/mp3-preview/416c65941d7753c218fab223ec4fa82131d681d6?cid=774b29d4f13844c495f206cafdad9c86,07po2tb7RtjXPoLmW9CSPP,"punk, punk_rock",,1995,135533,0.387,0.943,11,-6.405,1,0.104,0.000558,0.00058,0.963,0.277,95.476,4
TRGVFNR128C71962D6,Dysentery Gary,blink-182,https://p.scdn.co/mp3-preview/c982432e25b229ff3d1530020ac3ae798e89623b?cid=774b29d4f13844c495f206cafdad9c86,0yuWQ3TxndFiZHqs1K9Lcr,"punk, punk_rock, 90s",Rock,1999,165200,0.319,0.888,2,-5.656,1,0.046,0.000969,0.0,0.311,0.642,111.549,4
TRMYNLJ128F933A7D2,The Approaching Curve,Rise Against,https://p.scdn.co/mp3-preview/72d54eff95d718705028bfcfbdba2abd8ff2a49a?cid=774b29d4f13844c495f206cafdad9c86,0hvbeObIoHt4UQq5aJZpAD,"rock, punk, hardcore, punk_rock",Rock,2006,224773,0.31,0.993,1,-4.704,1,0.17,0.00245,5.6e-06,0.14,0.307,111.336,4
TRFNVPY128F92D2626,The Dirt Whispered,Rise Against,https://p.scdn.co/mp3-preview/39501277aad236462fd99090c7d552bb371fffbe?cid=774b29d4f13844c495f206cafdad9c86,1OQCg5W7nKJCRlIYloywQf,"rock, punk, hardcore, punk_rock",Rock,2011,189080,0.335,0.938,1,-3.404,1,0.0429,0.000189,4.26e-05,0.173,0.699,104.77,4
TRIHPDV128F932B5DC,Long Forgotten Sons,Rise Against,https://p.scdn.co/mp3-preview/aded73516b61a02eba69e28f974fd14ec78669e9?cid=774b29d4f13844c495f206cafdad9c86,112Kmd9k5UqZn1r2idDUhZ,"punk, hardcore, punk_rock",Rock,2012,241560,0.47,0.979,1,-3.312,0,0.0684,0.000127,0.00107,0.103,0.424,134.93,4
TRQUXPB128F147C1DA,Vampires Will Never Hurt You,My Chemical Romance,https://p.scdn.co/mp3-preview/936c676a2239c0d3e463dde0c8798cb956ebf398?cid=774b29d4f13844c495f206cafdad9c86,3hU9CeY2ZeQPfSAsgN1SrG,"rock, alternative, punk, punk_rock, emo, post_hardcore, screamo",Rock,2014,326346,0.321,0.981,4,-3.906,0,0.228,0.0149,0.0,0.25,0.168,98.951,4
TRDJZFF128F92D2627,Kotov Syndrome,Rise Against,https://p.scdn.co/mp3-preview/2aadd27a24e829d79775dc8a45fedf1a317e5542?cid=774b29d4f13844c495f206cafdad9c86,0Fi613NK9JHWt1g0CY82Pa,"punk, hardcore, punk_rock",Rock,2012,184760,0.207,0.988,5,-2.281,0,0.111,0.00033,0.0,0.123,0.441,156.186,4
TRUJAFL128F9300AB6,The Artist In The Ambulance,Thrice,https://p.scdn.co/mp3-preview/760daa425c43bb71fcfa3a8ca51875d69cc16cc1?cid=774b29d4f13844c495f206cafdad9c86,0arNrzPygksLY2pEbRgBjw,"rock, punk, hardcore, punk_rock, emo, post_hardcore, screamo",,2003,219266,0.522,0.88,5,-4.104,0,0.0633,9.38e-05,0.00111,0.0812,0.701,174.762,4
TRXFKAF128E078884E,The First Drop,Rise Against,https://p.scdn.co/mp3-preview/e50fd02596396854c583f1cf80535f23de541f71?cid=774b29d4f13844c495f206cafdad9c86,0kE9G57KZxyHf5AaiwPp3N,"rock, punk, hardcore, punk_rock",,2012,159000,0.563,0.966,11,-3.18,1,0.06,0.00105,5.31e-05,0.263,0.635,146.057,4
TRSUMMA128F931F1BB,My Life for Hire,A Day to Remember,https://p.scdn.co/mp3-preview/412003d7dbb20899bd83a88f0b05d2738b878b35?cid=774b29d4f13844c495f206cafdad9c86,3K95cR8kNSzKBMyIMbfv0l,"punk, hardcore, punk_rock, post_hardcore, screamo",,2009,213800,0.415,0.903,8,-4.982,1,0.0831,0.000229,0.0,0.179,0.662,144.694,4
TRAUVUF128F148D1AA,Dig Up Her Bones,Misfits,https://p.scdn.co/mp3-preview/ddfdb41e56827b2976f1d2a5f973ea2e4316c867?cid=774b29d4f13844c495f206cafdad9c86,16MPZDpM5JTtIBs3pOMSWx,"punk, punk_rock",Punk,1997,180240,0.522,0.992,10,-4.708,0,0.0925,0.00325,8.23e-06,0.137,0.144,111.086,4
TRHESIQ128F42AE3BB,"Wow, I Can Get Sexual Too",Say Anything,https://p.scdn.co/mp3-preview/79fe29758b92cf4dc33c765109800ea686555050?cid=774b29d4f13844c495f206cafdad9c86,0csQnKGJTugeluP5gHFSE4,"rock, alternative, indie, punk, indie_rock, dance, punk_rock, emo, love",,2004,179040,0.72,0.768,0,-6.243,1,0.0533,0.0543,0.0,0.0964,0.96,114.019,4
TRFUAGQ128F4298549,Astro Zombies,Misfits,https://p.scdn.co/mp3-preview/18cdd764e7415dfa29c5a9918af8dcc312f0d02d?cid=774b29d4f13844c495f206cafdad9c86,0KK7xB8skO3Vo8soFjapOk,"punk, 80s, punk_rock",,1982,134573,0.479,0.924,0,-10.902,1,0.05,0.00644,0.0,0.303,0.546,107.088,4
TRGUXOJ128E0788852,To Them These Streets Belong,Rise Against,https://p.scdn.co/mp3-preview/18c92d62ead82f58549a27fc562c08c651ef74e2?cid=774b29d4f13844c495f206cafdad9c86,0mmbU6ig3V92HxF3kXdERR,"punk, hard_rock, hardcore, punk_rock",Rock,2012,169426,0.533,0.969,3,-2.454,0,0.101,0.0113,0.0196,0.109,0.517,151.965,4
TRJDDAZ128F92D262E,Hairline Fracture,Rise Against,https://p.scdn.co/mp3-preview/eceb86975d44fb16c0115345584e87817deb2773?cid=774b29d4f13844c495f206cafdad9c86,0dD2F3fdvir4546HpVZRpB,"rock, punk, hardcore, punk_rock, american",Rock,2008,242560,0.229,0.931,10,-3.488,1,0.0817,0.000332,4.08e-06,0.46,0.488,165.403,4
TRSYFWL128F42AC944,Our Time Now,Plain White T's,https://p.scdn.co/mp3-preview/97d060b787c4ab47ded745db8c6ff2cfdde914be?cid=774b29d4f13844c495f206cafdad9c86,0xWfOzeEIk6FmmIrxULxNe,"rock, indie, punk, indie_rock, emo, pop_rock",Rock,2008,173813,0.568,0.925,0,-4.459,1,0.033,0.00852,5.15e-06,0.352,0.933,102.964,4
TRAKQXJ128F147A028,Summer Shudder,AFI,https://p.scdn.co/mp3-preview/94b3367604c826ca427e7f31a97e0103f13a3505?cid=774b29d4f13844c495f206cafdad9c86,11wIVuxsk5qUd7Q8qjQtwy,"rock, alternative, punk, punk_rock, emo, post_hardcore",Rock,2006,186973,0.467,0.935,10,-4.125,0,0.107,0.000578,4.06e-05,0.557,0.382,85.004,4
TRPOUVL128F428A485,Nitro (Youth Energy),The Offspring,https://p.scdn.co/mp3-preview/701038f92dbffebb36d810bedddfbe5f99095b85?cid=774b29d4f13844c495f206cafdad9c86,10u8ZV1y0MHGnFq8XeilkL,"punk, hard_rock, punk_rock, 90s",Rock,1994,146960,0.316,0.947,5,-2.813,0,0.0745,0.00376,1.72e-06,0.18,0.721,158.624,4
TRCPLDY128E0791F79,The Last Song,The All-American Rejects,https://p.scdn.co/mp3-preview/b7ac42620ef1d6e09f7d5537d592f2582a913afd?cid=774b29d4f13844c495f206cafdad9c86,1agT1o2mpJ3GHusAE8q0FX,"rock, alternative, punk, punk_rock, emo, love",Rock,2002,300386,0.319,0.864,1,-3.269,1,0.0785,0.0433,0.0563,0.224,0.299,179.933,4
TRTBASA128F92D262F,Whereabouts Unknown,Rise Against,https://p.scdn.co/mp3-preview/5ca13670a61273e7cafd54a81db38eb885fd41e3?cid=774b29d4f13844c495f206cafdad9c86,0jU89z36cGuqZDCGXtAMzZ,"rock, punk, hardcore, punk_rock",Rock,2008,241786,0.193,0.968,3,-3.243,0,0.0643,0.00111,0.0762,0.111,0.319,174.331,4
TRPEAEF128E0785D4C,Miserable Lie,The Smiths,https://p.scdn.co/mp3-preview/d68320ce2e61ef2cfbf88162a72e705c7d7ca167?cid=774b29d4f13844c495f206cafdad9c86,6Dw2ejFxHRye2zQdGXhtYf,"alternative, indie, punk, indie_rock, 80s, british, new_wave, post_punk, indie_pop",Rock,1984,267906,0.356,0.828,11,-10.749,0,0.106,0.00037,0.0183,0.0573,0.532,147.05,4
TRQRGCS128F4293F6C,Wonderlust King,Gogol Bordello,https://p.scdn.co/mp3-preview/9233a9d470faa2d4a9f1caf28edc8a54da15788c?cid=774b29d4f13844c495f206cafdad9c86,0K8NOGJge7OROWfB6PGwAy,"punk, punk_rock",Punk,2007,240040,0.575,0.896,2,-4.494,1,0.171,0.016,0.0,0.0787,0.628,135.024,4
TRILUDW128F14A663F,Can't Be Saved,Senses Fail,https://p.scdn.co/mp3-preview/f23a730afd4422c136ad641dfec58a29cfc3f28a?cid=774b29d4f13844c495f206cafdad9c86,0IsuuaOOIEBbL02CCkriIs,"punk, hardcore, emo, post_hardcore, screamo",Rock,2006,187653,0.324,0.967,2,-3.307,1,0.0992,6.32e-06,0.00161,0.217,0.466,170.006,4
TRIXZUF128F428A82E,Dinosaurs Will Die,NOFX,https://p.scdn.co/mp3-preview/bcd2d6143cdb497d622040c0c3aada21929fa8bc?cid=774b29d4f13844c495f206cafdad9c86,0LYop0ZDvCQkUPOaGvgPnk,"punk, punk_rock",Punk,2000,168466,0.406,0.899,7,-5.576,1,0.0527,0.00125,0.00391,0.0512,0.482,122.285,4
TRNYZQE128F42811F7,Drones In The Valley,Cage the Elephant,https://p.scdn.co/mp3-preview/1c3129b069e2ff6b73d5a3a51790fd533e7954e5?cid=774b29d4f13844c495f206cafdad9c86,0xisQgsEU6CuiBLGwxwmw4,"rock, indie, alternative_rock, punk, indie_rock, punk_rock",Rock,2009,147826,0.505,0.916,0,-3.521,1,0.0464,0.000515,0.0,0.562,0.812,133.99,4
TRLKBRU128F42B18A3,Bullet,Misfits,https://p.scdn.co/mp3-preview/3dd8c18f57da95a2fa3314e4c125b080cec76f71?cid=774b29d4f13844c495f206cafdad9c86,0KYD6Ma0Q0V7uMmwkumpjs,"punk, hardcore, punk_rock",Rap,1986,98666,0.393,0.907,7,-9.837,1,0.041,0.17,0.0,0.263,0.551,191.897,4
TRUYTNQ128F429A95C,Bouncing Off the Walls,Sugarcult,https://p.scdn.co/mp3-preview/7ca28d7743e9ad1e4f4c85f3aaa2373d1e80572a?cid=774b29d4f13844c495f206cafdad9c86,0erd5GsszwmXYWl7lcdApZ,"rock, alternative, punk, soundtrack, punk_rock, emo",,2001,141293,0.485,0.911,6,-4.758,1,0.0515,0.00357,0.0,0.251,0.737,150.769,4
TRWTPWJ128F42811FA,Soil To The Sun,Cage the Elephant,https://p.scdn.co/mp3-preview/e8307b4c986e9e31cb770e7e33a9d3803a31cc2b?cid=774b29d4f13844c495f206cafdad9c86,1aR1ZPLsdWq2jgXMs6KX6u,"rock, indie, punk, indie_rock",Rock,2009,197520,0.528,0.935,7,-3.772,0,0.0365,0.000414,1.01e-06,0.135,0.584,131.035,4
TRMMABF128F425862B,"Heroes Get Remembered, Legends Never Die",Four Year Strong,https://p.scdn.co/mp3-preview/4a9bf9084a6b738e548134e8ed66cd6c9b6eb3a9?cid=774b29d4f13844c495f206cafdad9c86,06A0R2235eGFfyqHbvSSBc,"punk, punk_rock, emo",Punk,2007,215760,0.443,0.976,2,-4.071,1,0.154,0.00088,0.0,0.314,0.499,163.026,4
TRSSYCP128E0792A29,Kiss Me Where It Smells Funny,Bloodhound Gang,https://p.scdn.co/mp3-preview/0739c6e9d721053f9d8e92f4a596a603a94370b1?cid=774b29d4f13844c495f206cafdad9c86,0i2UtuBOAfSMVGJt2tkK7d,"rock, alternative, alternative_rock, punk, punk_rock, 90s",Rock,1996,184800,0.553,0.841,4,-8.74,0,0.0418,0.000492,0.381,0.0999,0.926,161.024,4
TRARMHA128F92E7D32,I'm Not a Loser,Descendents,https://p.scdn.co/mp3-preview/116a6a23fd738fd7275ff9687b60695288563424?cid=774b29d4f13844c495f206cafdad9c86,1lpQGVYtbGHCGlFbwKI7yE,"punk, punk_rock",Punk,1988,88773,0.337,0.872,6,-8.166,0,0.0453,0.00138,0.0,0.373,0.847,100.93,4
TRLLEDY128F429A960,Pretty Girl (The Way),Sugarcult,https://p.scdn.co/mp3-preview/ab22d23910871dfbfb12c63fba86c1981505a2a0?cid=774b29d4f13844c495f206cafdad9c86,1g0Xe3ks2nxseWyoFCZWZn,"rock, alternative, punk, punk_rock, emo",Rock,2001,208466,0.447,0.882,10,-5.595,0,0.0518,0.000113,0.0,0.884,0.409,170.002,4
TRBBWXA128F92CE697,Devotion and Desire,Bayside,https://p.scdn.co/mp3-preview/a25a9ad0b4fe065aaae123b5d9d46e8265c43c7d?cid=774b29d4f13844c495f206cafdad9c86,1eNrvwJyXdrhFsRSczCxDV,"alternative, alternative_rock, punk, punk_rock, emo",Rock,2008,294373,0.13,0.991,2,-4.606,1,0.366,0.000132,0.00628,0.431,0.04,184.067,4
TRRSYUN128F932F7E2,Breakin',The All-American Rejects,https://p.scdn.co/mp3-preview/9520d7ec6b64d5eec3c516e9636ce848085195f2?cid=774b29d4f13844c495f206cafdad9c86,0qFuLbMmeIcdOw60dl6q3q,"rock, alternative_rock, punk, pop_rock",Rock,2008,238626,0.513,0.889,11,-4.933,1,0.0424,0.000126,0.000122,0.0973,0.604,134.116,4
TRQMOUX128F14901AA,Must Have Done Something Right,Relient K,https://p.scdn.co/mp3-preview/8fbcfca588b8af279f3ba6bd54bf9b4489523f24?cid=774b29d4f13844c495f206cafdad9c86,2SzLL5bb8TozbFbDhwQdNy,"rock, punk, american, emo, love, pop_rock",Rock,2007,199866,0.567,0.956,1,-2.984,1,0.0406,0.0175,0.0,0.164,0.827,137.936,4
TRFSWVM128F9345DB2,The Art of Losing,Rise Against,https://p.scdn.co/mp3-preview/29bbc0fe2d7797fab48edded0d68d3f406e3e2c0?cid=774b29d4f13844c495f206cafdad9c86,1aG4NJ7LLdeYTRkMrJMWDs,"punk, hardcore, punk_rock, american, emo, post_hardcore",Rock,2001,110560,0.488,0.999,9,-3.526,1,0.116,0.000223,0.856,0.0695,0.234,131.012,3
TRBRGWR128F423EAE8,Divine Hammer,The Breeders,https://p.scdn.co/mp3-preview/561770952f65620c634dc0a479adad05445e0f03?cid=774b29d4f13844c495f206cafdad9c86,4kHg1mwK390WCePxUeSNzb,"rock, alternative, indie, female_vocalists, alternative_rock, punk, indie_rock, 90s, post_punk, grunge, pop_rock",,1993,161493,0.352,0.576,10,-13.798,1,0.0318,0.101,0.85,0.134,0.678,143.64,4
TRRHYCI128F426242C,All Outta Angst,NOFX,https://p.scdn.co/mp3-preview/fc684cdd03c83ec3d909ac1780bf394f2757bd10?cid=774b29d4f13844c495f206cafdad9c86,0eVZhPIexAYqdwKNqSp3Qm,"punk, punk_rock, ska",,1997,112493,0.637,0.969,0,-4.682,1,0.0432,0.00473,0.00148,0.0428,0.94,100.26,4
TRPMTDD128F931F02E,Gone So Young,Amber Pacific,https://p.scdn.co/mp3-preview/bbc0285402af8b214e53f171cc21b40a89af48a2?cid=774b29d4f13844c495f206cafdad9c86,0AFqwzd7I5AgdjTorFAAwq,"alternative, punk, punk_rock, emo, love",Rock,2005,204293,0.622,0.902,11,-4.639,1,0.0585,0.00426,2.94e-06,0.112,0.446,120.084,4
TRBKLDM128F427D0DA,But Tonight We Dance,Rise Against,https://p.scdn.co/mp3-preview/d17ede3a57c7bcae675e9ad14b1eaf0bdce5306b?cid=774b29d4f13844c495f206cafdad9c86,0JnV4RlEl6tz5wupNrGZkX,"punk, hardcore, punk_rock, american",Rock,2006,167546,0.249,0.985,8,-3.965,0,0.174,0.00032,2.78e-05,0.0689,0.21,154.351,4
TRLKCAF128F422C143,My Worst Nightmare,Forever the Sickest Kids,https://p.scdn.co/mp3-preview/97b33bc5554d559356f1cb6001c4d65ffd4191cd?cid=774b29d4f13844c495f206cafdad9c86,0ubNQ9vpRGvXMy4BFGsa0H,"punk, dance, love",Rock,2008,225573,0.591,0.936,0,-5.116,1,0.166,0.074,0.0,0.324,0.477,140.095,4
TRLMXNR128F42986FB,Take Warning,Operation Ivy,https://p.scdn.co/mp3-preview/5f881bda2b74d989fb4bfebab0cd6abd4867a364?cid=774b29d4f13844c495f206cafdad9c86,2OhK8yokk5AWJFvJ62X8CM,"punk, punk_rock, ska",,2007,164200,0.64,0.725,1,-4.821,0,0.0445,0.221,4.51e-05,0.106,0.682,85.151,4
TRRGZTI128F4255806,Suffocate,Green Day,https://p.scdn.co/mp3-preview/75f2feea0ddae858ae739cc7e439b14e8bbcd4c9?cid=774b29d4f13844c495f206cafdad9c86,1ZNafwVHDpseqIsq8al1km,"punk, punk_rock",,2002,174093,0.41,0.985,1,-4.41,1,0.0427,0.000277,1.6e-06,0.112,0.87,88.604,4
TRLHPYP128F4259AB7,Hitsville U.K.,The Clash,https://p.scdn.co/mp3-preview/458093f031b22914e5b32123194144c4137036d8?cid=774b29d4f13844c495f206cafdad9c86,0e6aQYSW4RjoVf2lSlnuBV,"punk, 80s, punk_rock, new_wave, post_punk, ska",Punk,1991,263200,0.618,0.968,0,-5.709,1,0.0409,0.0375,3.12e-06,0.214,0.666,99.807,4
TRFHZZG128E07926DF,Seein' Red,Unwritten Law,https://p.scdn.co/mp3-preview/46f06993687906d4af8a03272e07ccf22837675f?cid=774b29d4f13844c495f206cafdad9c86,024sqVzICUTRyXHQ1e9WO9,"rock, alternative, punk, punk_rock, 00s",Rock,2002,227533,0.495,0.749,6,-5.497,1,0.0312,0.0346,0.0,0.131,0.326,103.1,4
TRKSMTF12903CAF686,Sick Little Games,All Time Low,https://p.scdn.co/mp3-preview/6c7cdfe6d0a07c845e4d3c0d3ea95c83adee7fe1?cid=774b29d4f13844c495f206cafdad9c86,0YodGqkRLIBElOxF4FtTjH,punk,Rock,2009,216013,0.483,0.776,11,-4.416,0,0.0334,0.00244,0.0,0.318,0.38,96.956,4
TREEZYR128F92E7CF5,Kabuki Girl,Descendents,https://p.scdn.co/mp3-preview/4879351a27b52975ee4e6be596ff96209b45623f?cid=774b29d4f13844c495f206cafdad9c86,0jcil4w2q4FYS49a7V3eto,"punk, hardcore, punk_rock",Punk,1988,70733,0.536,0.814,1,-8.657,0,0.0571,0.000267,0.0,0.337,0.747,96.985,4
TRGRONS128E0786070,Bring The Pain,Mindless Self Indulgence,https://p.scdn.co/mp3-preview/25b8411e28037859a1ab109c0ce25531635caebe?cid=774b29d4f13844c495f206cafdad9c86,20wEzRChxH2QcW3zK3G6ON,"electronic, punk, industrial, cover",Rap,2011,219400,0.761,0.914,11,-4.204,0,0.301,0.0154,0.0,0.0996,0.63,153.015,4
TRQAHMF12903CDBF20,Tessie,Dropkick Murphys,https://p.scdn.co/mp3-preview/877df894ca4a5f2e47e11a12acca9f900261fb0f?cid=774b29d4f13844c495f206cafdad9c86,0WByXM2oLBPvlcKN69rCpa,"punk, punk_rock",Punk,2010,329986,0.23,0.956,0,-3.611,0,0.154,0.0222,0.0,0.973,0.538,147.329,4
TRTXDEK128F1466B07,Fade Away And Radiate,Blondie,https://p.scdn.co/mp3-preview/67572e7a49e371f609c364be0c1462ef1d49a8c4?cid=774b29d4f13844c495f206cafdad9c86,16mtpAEkD9CsNDnRZwAXFJ,"rock, female_vocalists, punk, 80s, new_wave, 70s",,2011,239346,0.449,0.34,11,-10.575,0,0.0279,0.00218,0.0117,0.104,0.31,83.753,4
TROTJAW128F1466DCE,5.45,Gang of Four,https://p.scdn.co/mp3-preview/0cd23a7161bed85bf7eb838eeca2f39d3d10b677?cid=774b29d4f13844c495f206cafdad9c86,43eybAleDDTPHL66gANHTq,"punk, punk_rock, new_wave, post_punk, 70s",Rock,1979,223266,0.561,0.792,4,-9.272,1,0.201,0.00443,0.566,0.0603,0.802,139.59,4
TRYMFCL128F92E016D,The Resistance,Anberlin,https://p.scdn.co/mp3-preview/2d849bd9f68c58c8b39ef27209b80b73886d20f8?cid=774b29d4f13844c495f206cafdad9c86,1n1pmnMZQckWYCJMxwDGUZ,"rock, alternative, punk, metalcore, emo, post_hardcore",Rock,2008,196960,0.457,0.933,5,-4.83,0,0.106,0.00172,0.0257,0.0523,0.556,192.01,4
TRJYGVF128F145E19C,Martin Sheen Or JFK,Yellowcard,https://p.scdn.co/mp3-preview/42ed8b5351a54bff4bfdff1b1a24586fd9b7887b?cid=774b29d4f13844c495f206cafdad9c86,5B3UjDMiCwWFgnXqt0isd5,"rock, alternative, punk, emo, screamo",Rock,2006,226746,0.256,0.756,2,-5.395,1,0.039,0.000128,0.0,0.116,0.268,197.512,4
TRLTRUN128F4262426,It's My Job to Keep Punk Rock Elite,NOFX,https://p.scdn.co/mp3-preview/df906bb39e826d2b3d6c6849abafc3a298b25785?cid=774b29d4f13844c495f206cafdad9c86,0Aj89R5rEbuzCzkDd4fwaI,"punk, punk_rock",,2004,84333,0.395,0.981,8,-3.822,1,0.118,1.87e-05,4.98e-05,0.112,0.438,101.392,4
TROUZEX12903CAF69C,A Party Song (The Walk of Shame),All Time Low,https://p.scdn.co/mp3-preview/1325bb30af8798c3009eeef75fe97c78e5a9e7c7?cid=774b29d4f13844c495f206cafdad9c86,0HZdehxGt2OXy5YjMDo9x0,punk,Rock,2010,254480,0.531,0.914,2,-3.835,1,0.177,0.0177,0.0,0.413,0.455,99.972,4
TRACSSW128F92F2D81,Monster Mash,Misfits,https://p.scdn.co/mp3-preview/99c31b50cf58c9e863bc25d9fecb7acd89cf5f97?cid=774b29d4f13844c495f206cafdad9c86,0rK3iUuoyQp6QReDPzwlYD,"punk, punk_rock, cover",,2003,157000,0.49,0.976,8,-6.597,1,0.0796,0.00431,0.0173,0.366,0.389,100.772,4
TREDMTU128F9305DF1,She's Got A Boyfriend Now,Boys Like Girls,https://p.scdn.co/mp3-preview/97c8c9b1b51df07e1e193990c2b1f6a792875c8c?cid=774b29d4f13844c495f206cafdad9c86,6x0xoD8Clk5mNk6OEk1Mrb,"alternative, pop, punk, pop_rock",Rock,2009,245746,0.608,0.901,2,-2.936,1,0.0576,0.00451,0.0,0.533,0.858,130.014,4
TRMFANB128F9356836,Your Visits Are Getting Shorter,Bloc Party,https://p.scdn.co/mp3-preview/d715a220417cd1e80126120ab6706055b049d93d?cid=774b29d4f13844c495f206cafdad9c86,11QCT6rfLKfgY0OCYrwVR2,"electronic, alternative, indie, punk, indie_rock, male_vocalists",Rock,2008,259413,0.386,0.934,10,-3.524,1,0.0495,0.000462,0.000252,0.128,0.693,150.082,4
TRXOZJJ128F14784C9,Creepin Up The Backstairs,The Fratellis,https://p.scdn.co/mp3-preview/e4b991c108014b64cf1f2269e3464caf33aa1b2a?cid=774b29d4f13844c495f206cafdad9c86,0fJAwqDzQiMEAcM3tymJJh,"rock, alternative, indie, indie_rock, british",Rock,2007,186266,0.591,0.962,11,-4.024,0,0.229,0.000319,1.48e-06,0.175,0.289,122.392,4
TRZTLXS12903CB44AE,Thickfreakness,The Black Keys,https://p.scdn.co/mp3-preview/cba51f9667a75bcd79654962cde000bf3369a704?cid=774b29d4f13844c495f206cafdad9c86,0CcvXOUhvtrrLNe9aOOS5L,"rock, indie_rock, blues, blues_rock",Rock,2003,228400,0.356,0.745,2,-4.22,1,0.0424,0.591,0.864,0.161,0.543,143.568,4
TRQXYDQ128F427B8D2,Many Shades of Black,The Raconteurs,https://p.scdn.co/mp3-preview/72953f34f514085301b7413e8b8d768ef89afbab?cid=774b29d4f13844c495f206cafdad9c86,6rl0N6NrhQOlieRUAy9g4W,"rock, alternative, alternative_rock, indie_rock, 00s",Rock,2008,264626,0.414,0.748,7,-4.307,0,0.0342,0.0201,0.0,0.447,0.679,95.547,3
TRDSHHR128F92C700E,Ghost Under Rocks,Ra Ra Riot,https://p.scdn.co/mp3-preview/d31af4bda0152923d427a6dc21a68ae118ebd73b?cid=774b29d4f13844c495f206cafdad9c86,0HVxOFGoW38TUKIJRMsVcD,"indie, indie_rock, indie_pop",Rock,2018,267200,0.564,0.892,0,-5.49,0,0.0439,0.00135,0.000137,0.108,0.233,125.93,4
TRCGGTO12903CDA5DE,Sweetest Kill,Broken Social Scene,https://p.scdn.co/mp3-preview/11bba415144bcef31516aabb7038e144e8914935?cid=774b29d4f13844c495f206cafdad9c86,1DLaNXGwIBlHA6kOcyS4tj,"indie, indie_rock, love, beautiful, mellow, chill",Rock,2010,309306,0.702,0.386,5,-12.445,1,0.0315,0.0982,0.809,0.0938,0.669,87.961,4
TROOOQV128F424A068,Lake Michigan,Rogue Wave,https://p.scdn.co/mp3-preview/d9fdfad35738b9f7fbfe35d32cfd1c3157e95433?cid=774b29d4f13844c495f206cafdad9c86,0sfsqmv5sqnyP5s1hEMyo3,"indie, indie_rock, indie_pop",Rock,2007,228226,0.448,0.827,5,-5.762,1,0.0402,0.218,1.15e-06,0.0975,0.782,81.238,3
TRLSPNO128F92E0A45,Tape Song,The Kills,https://p.scdn.co/mp3-preview/223337839d73971dd850cd0dd09ea5103b1c753d?cid=774b29d4f13844c495f206cafdad9c86,0XRxxPfC3BupyR3hofP0AO,"indie, alternative_rock, indie_rock, british",Rock,2008,215693,0.974,0.53,9,-4.131,1,0.0469,0.0285,0.00383,0.0532,0.797,115.999,4
TRZPETU128F427704B,Short Skirt/Long Jacket,Cake,https://p.scdn.co/mp3-preview/7420f9c65687e0b99707bfdaef11e17a02badf9e?cid=774b29d4f13844c495f206cafdad9c86,0EOaNuMl6909gEJwsVcTCh,"rock, alternative, indie, alternative_rock, indie_rock, funk, 00s",,2002,204160,0.774,0.897,2,-5.664,1,0.0478,0.00298,0.0449,0.0265,0.847,120.03,4
TRFVSOZ128F4281933,I'm Sleeping in a Submarine,Arcade Fire,https://p.scdn.co/mp3-preview/077cc0d1bea14cd8efc2b5b8436b06145639fb8d?cid=774b29d4f13844c495f206cafdad9c86,5CChjE52dD2KdUGFsVbRTI,"rock, alternative, indie, alternative_rock, indie_rock, piano, beautiful",Rock,2005,167186,0.389,0.608,4,-7.531,1,0.0301,0.0254,0.101,0.206,0.13,90.009,4
TRDRFVY128F4281937,Headlights Look Like Diamonds,Arcade Fire,https://p.scdn.co/mp3-preview/a7eff8c93c08e9039331ea2cc8c1d425e98decf8?cid=774b29d4f13844c495f206cafdad9c86,2ex3qyEyqMio8DZ1xmDtON,"alternative, indie, indie_rock, indie_pop, love, beautiful, mellow",Rock,2005,265813,0.46,0.731,5,-6.866,1,0.0341,0.0041,0.234,0.101,0.227,146.116,4
TRWFDUB128F426407D,We Are All On Drugs,Weezer,https://p.scdn.co/mp3-preview/d4e19d9330c311f63dd84308d31f5fbef2c6a786?cid=774b29d4f13844c495f206cafdad9c86,1GHCkSLeu9qVIcg4ch3slb,"rock, alternative, alternative_rock, indie_rock, american, 00s",,2005,214160,0.555,0.856,8,-2.972,1,0.0378,0.000621,1.58e-05,0.0831,0.362,117.795,4
TRQOMKT128F92D7216,Good Days Bad Days,Kaiser Chiefs,https://p.scdn.co/mp3-preview/9fa7de89ce9b03073f5483d8c8d6697b119287e9?cid=774b29d4f13844c495f206cafdad9c86,07akeyb6U6aV8REcowi9nG,"indie, indie_rock, british, 00s, britpop",Rock,2009,173975,0.615,0.707,4,-12.305,1,0.0464,0.000169,3.85e-06,0.113,0.791,112.048,4
TRPTCMZ128F9340B09,10 A.M. Automatic,The Black Keys,https://p.scdn.co/mp3-preview/740aab4a98b09790bd84950a1a6c063645f0d29c?cid=774b29d4f13844c495f206cafdad9c86,1eLcdcVWo1hIAjwJyG9LGY,"rock, indie_rock, blues, 00s, blues_rock",,2004,178186,0.507,0.95,0,-3.308,1,0.0979,0.609,0.0914,0.0612,0.512,122.602,4
TRSVTRT12903CB450E,The Lengths,The Black Keys,https://p.scdn.co/mp3-preview/b0907a783bcdc5efb013c3fd033e71ef11c39300?cid=774b29d4f13844c495f206cafdad9c86,1c3SUhqXPDX8qZuPYh00LE,"rock, indie_rock, chillout, blues, mellow, chill, blues_rock",,2004,293786,0.399,0.515,8,-5.896,0,0.0272,0.952,0.00122,0.165,0.271,143.486,4
TRBSOSV128F149BCE6,Spilt Needles,The Shins,https://p.scdn.co/mp3-preview/2ee41fae19230df9fef7fbbce7b73a1663e66e2a?cid=774b29d4f13844c495f206cafdad9c86,0lB9ERLxK5aldrmyFRkVKe,"indie, indie_rock, indie_pop, 00s",,2007,225626,0.568,0.794,5,-4.976,1,0.0296,0.00397,0.00135,0.373,0.563,122.967,4
TRVVWSW128F4292931,Trani,Kings of Leon,https://p.scdn.co/mp3-preview/ef4060d9646400e47a2a53ea929a0d4d323ee215?cid=774b29d4f13844c495f206cafdad9c86,0CZhJ2E99K6GUhhXdr2aU6,"rock, alternative, indie, indie_rock, american, 00s",Rock,2003,300573,0.387,0.406,4,-8.29,1,0.0335,0.0115,0.0124,0.0674,0.132,155.467,3
TRIRMQT128F4289D50,Well Thought Out Twinkles,Silversun Pickups,https://p.scdn.co/mp3-preview/67692551c0c39684880c2162f15b50e1ab077d5d?cid=774b29d4f13844c495f206cafdad9c86,0dQnUUdHMoTQaaaoAotAZC,"rock, alternative, indie, alternative_rock, indie_rock, 00s",Rock,2006,242133,0.506,0.899,1,-4.392,0,0.0344,4.88e-05,0.00574,0.162,0.534,122.163,4
TRXDVIJ128E0791E06,Lit Up,The National,https://p.scdn.co/mp3-preview/8b463b38ddc6222fa476ed6db929aca3fdca9068?cid=774b29d4f13844c495f206cafdad9c86,5fsclfTnWFk4IWNkqTLEX4,"rock, alternative, indie, indie_rock, american, 00s, mellow",Rock,2005,175026,0.429,0.866,4,-5.111,1,0.0369,0.00315,0.0253,0.0733,0.565,149.749,4
TRBQSJF128F146DD2C,Yes Please,Muse,https://p.scdn.co/mp3-preview/07932b1bc03f3ef7294d85c0389784801aa19eda?cid=774b29d4f13844c495f206cafdad9c86,2j2rty5QOqFNPLFYRM9Ca3,"rock, alternative, alternative_rock, indie_rock, hard_rock, progressive_rock, british",Rock,2000,185933,0.0839,0.886,0,-5.124,1,0.0574,1.85e-05,0.885,0.108,0.392,170.11,4
TRDJEMZ128F92F415F,As Lovers Go,Dashboard Confessional,https://p.scdn.co/mp3-preview/f256b02c4e5b65fb231b6d190b37abda46c56f49?cid=774b29d4f13844c495f206cafdad9c86,0ruLleYylMlbKZFCQ00PHH,"rock, alternative, indie, indie_rock, soundtrack, acoustic, emo, love",Rock,2003,209520,0.598,0.786,4,-4.991,1,0.0288,0.0048,0.0,0.0569,0.57,113.061,4
TRBRLNJ128F92F622E,A Crippling Blow,The Killers,https://p.scdn.co/mp3-preview/fd1b1fcb9fe47849660d1f5501415aaaf00515df?cid=774b29d4f13844c495f206cafdad9c86,0uYVzb58FTmWj0nA2Cfipn,"rock, indie, alternative_rock, indie_rock, acoustic",Rock,2008,216613,0.614,0.945,8,-4.542,0,0.06,0.00266,0.0727,0.222,0.809,122.948,4
TRKUYNB128F92F651E,Elizabeth My Dear,The Stone Roses,https://p.scdn.co/mp3-preview/34ac57d0c2c2ce5fe6463f3d198fe31ee84c531d?cid=774b29d4f13844c495f206cafdad9c86,4WQYkVzuatEhbfpCrHdmMF,"rock, indie, indie_rock, 80s, british, britpop",Rock,1989,54600,0.5,0.0531,11,-29.761,0,0.0421,0.758,0.231,0.175,0.548,107.592,4
TRFBNZN128F9340B0E,All Hands Against His Own,The Black Keys,https://p.scdn.co/mp3-preview/6e0e10c1b4526e4bd22ab10bb1d0e25ee33a0a2e?cid=774b29d4f13844c495f206cafdad9c86,0P3hybpZ3SyBJXJAMdtgIJ,"rock, indie_rock, blues, blues_rock",,2014,196906,0.492,0.773,2,-4.147,1,0.0326,0.72,0.00455,0.0927,0.802,116.06,4
TRVHTNR128F42411F1,Heart Cooks Brain,Modest Mouse,https://p.scdn.co/mp3-preview/a1af6dafd45cf25d74d0104feb33c015a48176a6?cid=774b29d4f13844c495f206cafdad9c86,1GuCrT15YP3xwoe9Lq54IJ,"alternative, indie, indie_rock, 90s, american, beautiful, mellow",Rock,1997,242933,0.649,0.521,0,-4.787,1,0.0305,0.00626,0.00106,0.223,0.365,81.514,4
TRPYEIS128F92F85B8,I've Got Friends,Manchester Orchestra,https://p.scdn.co/mp3-preview/699ee329efcdbae699370ad255c1d615d39199fd?cid=774b29d4f13844c495f206cafdad9c86,39lO9p7cauZ60xjJDHPd9T,"rock, alternative, indie, indie_rock, love",Rock,2009,297520,0.391,0.893,3,-5.436,0,0.0468,0.000316,0.000677,0.287,0.376,164.608,4
TRSEHRB12903CAF705,Short Change Hero,The Heavy,https://p.scdn.co/mp3-preview/326c6ac01505ec37d81a5176353430c9ac0dcf04?cid=774b29d4f13844c495f206cafdad9c86,1UUnYqTk6ojP6hzsFSUNBq,"indie, alternative_rock, indie_rock, soul, chillout, soundtrack, funk, beautiful, guitar, blues_rock",,2014,320160,0.679,0.488,1,-12.069,0,0.0345,0.266,0.00753,0.155,0.779,105.965,4
TRIRQPO128F4281996,We Are the Sleepyheads,Belle and Sebastian,https://p.scdn.co/mp3-preview/0068385e04d9efdfabc05bd2aae18d0a4b525e2d?cid=774b29d4f13844c495f206cafdad9c86,52jLY70PMLJEz9sD6o0IoW,"indie, indie_rock, indie_pop, 00s",Rock,2006,213733,0.514,0.879,9,-5.236,1,0.0565,0.0086,4.04e-06,0.0487,0.78,148.644,4
TRHHJCL12903CB44B7,Hard Row,The Black Keys,https://p.scdn.co/mp3-preview/7dcdc7a080d79a7958b4d458380078eaa5e4c6d7?cid=774b29d4f13844c495f206cafdad9c86,0JoZpKAYG4nYHLbXiQ3gTt,"rock, indie_rock, blues, blues_rock",,2003,195533,0.482,0.827,2,-4.244,1,0.0524,0.313,0.283,0.118,0.543,119.52,4
TRDPXKD128F42634BD,Shadow Stabbing,Cake,https://p.scdn.co/mp3-preview/3e901f9bcce2d04bddc5695a7df69c115e538d1e?cid=774b29d4f13844c495f206cafdad9c86,2yxkvnyno37480Hv1wuAee,"rock, alternative, alternative_rock, indie_rock",Rock,2001,187266,0.836,0.572,4,-8.236,1,0.044,0.0455,3.14e-06,0.106,0.817,130.781,4
TRROPQP128F42631A2,You're So Damn Hot,OK Go,https://p.scdn.co/mp3-preview/f795c3184346c003c01645bc171e8da7d207143c?cid=774b29d4f13844c495f206cafdad9c86,18MwbGqH6sfHRmOdm7wH8T,"rock, indie, indie_rock, indie_pop, 00s",Rock,2006,158533,0.538,0.853,0,-3.741,1,0.0568,0.00261,0.0,0.0276,0.745,133.751,4
TRNQUIT128F428A0BD,Time Won't Let Me Go,The Bravery,https://p.scdn.co/mp3-preview/6a4179532326ccc3a3058b859fc28932280813aa?cid=774b29d4f13844c495f206cafdad9c86,12d7zOCGENeo5v2XF295sA,"rock, alternative, indie, alternative_rock, indie_rock, american, love, 00s",Rock,2008,251320,0.386,0.864,0,-4.776,1,0.0323,0.00133,5.4e-05,0.44,0.418,154.774,4
TRQIULA128F4281936,My Heart Is an Apple,Arcade Fire,https://p.scdn.co/mp3-preview/77f9b4e5c4271b2959beb0b8b9bd6ffe746fabdb?cid=774b29d4f13844c495f206cafdad9c86,7BnyEd138xKrrdOSXX5EVb,"alternative, indie, indie_rock, beautiful, 00s, mellow",Rock,2005,267626,0.458,0.348,5,-11.86,1,0.0272,0.668,7.21e-05,0.126,0.0651,80.039,4
TRIEBEZ128F9340B0B,Just Couldn't Tie Me Down,The Black Keys,https://p.scdn.co/mp3-preview/f60bf102b84f1cdf0ccc3aebfdbe9bf36f20e14f?cid=774b29d4f13844c495f206cafdad9c86,0oFyAxKySAiopcf7ONngxA,"rock, indie_rock, blues, blues_rock",,2004,177893,0.521,0.943,9,-3.101,1,0.0385,0.512,0.165,0.238,0.831,115.711,4
TRYYJHJ128F9340B19,Grown So Ugly,The Black Keys,https://p.scdn.co/mp3-preview/eb413cf31d00906b81c1a190907e748e479030f8?cid=774b29d4f13844c495f206cafdad9c86,1fDcAiEpjwXeTc1iMhcxDN,"rock, indie_rock, blues, cover, blues_rock",,2004,147933,0.399,0.638,4,-5.349,1,0.0477,0.466,0.00173,0.344,0.836,172.091,4
TRQRSAK128F429DE8C,Who Let You Go?,The Killers,https://p.scdn.co/mp3-preview/6fb326b0a812678aaed5f73f0e48e708a077beb7?cid=774b29d4f13844c495f206cafdad9c86,0eMEip7MhfSqqk1A7GQq5B,"rock, alternative, indie, alternative_rock, indie_rock",Rock,2007,222906,0.412,0.797,8,-4.12,1,0.0478,0.016,0.0,0.134,0.457,170.005,4
TRDVDZS12903CE108E,Percussion Gun,White Rabbits,https://p.scdn.co/mp3-preview/28701a53b177911550b40ecf5919231b93dbc81c?cid=774b29d4f13844c495f206cafdad9c86,0q8PPzBm1ge1x6bp5q9NQE,"rock, indie, indie_rock, 00s",Rock,2010,188506,0.527,0.873,0,-6.539,0,0.0522,0.212,0.00377,0.437,0.588,103.217,4
TRVGDMZ128F428D313,Italian Leather Sofa,Cake,https://p.scdn.co/mp3-preview/349b9175759057f72951d97fd4acf9de3d3ca95c?cid=774b29d4f13844c495f206cafdad9c86,11LohzvAgdQaSjchqosbz5,"rock, alternative, alternative_rock, indie_rock, 90s, funk",Rock,1996,351400,0.543,0.714,0,-8.009,1,0.0409,0.307,0.00857,0.3,0.492,103.987,4
TRJXFXI128F9310DA3,The Trickster,Radiohead,https://p.scdn.co/mp3-preview/b15c8647f256465ff4ccaf8233bb94b4056ffc60?cid=774b29d4f13844c495f206cafdad9c86,2fLiisZYOeVcHa5IGFLyxb,"rock, alternative, alternative_rock, indie_rock, british, britpop",Rock,1994,282293,0.338,0.829,7,-6.79,0,0.0306,0.00916,0.00213,0.072,0.694,145.728,4
TRAGSGF128E0780CA7,One I Love,Coldplay,https://p.scdn.co/mp3-preview/aebfd48bb4a9a3195d99cf99733f3758e7bf2b73?cid=774b29d4f13844c495f206cafdad9c86,5YahO7aySL2lyj6DW2tS9q,"rock, alternative, alternative_rock, indie_rock, british, love, britpop",Rock,2002,275266,0.44,0.776,2,-6.661,1,0.0356,0.109,0.507,0.365,0.367,134.009,4
TRJCZGQ128F4289D52,Little Lover's So Polite,Silversun Pickups,https://p.scdn.co/mp3-preview/e553bf8ea61a73e59b32e6ef864104210955ad9a?cid=774b29d4f13844c495f206cafdad9c86,0W7r2n4rSWs1G7PMvELT0v,"alternative, indie, indie_rock",Rock,2007,298653,0.474,0.849,2,-5.56,1,0.0388,0.00202,0.00166,0.154,0.407,116.346,4
TRAOIAH128F92F707B,It Was A Good Day,Ice Cube,https://p.scdn.co/mp3-preview/091bba1ea946b2b8e5d210d80ccf053109f60225?cid=774b29d4f13844c495f206cafdad9c86,0epZHT6UAeiHJnk4VkTSRS,"rap, 90s, hip_hop",Rap,2014,260213,0.781,0.745,5,-5.885,0,0.0875,0.134,0.0382,0.0273,0.828,82.385,4
TRLRGVX128E078EC1B,My Name Is,Eminem,https://p.scdn.co/mp3-preview/db76d6e7bab96cc669c46258be7d2a164f8857ac?cid=774b29d4f13844c495f206cafdad9c86,0Fv6CfegUbD5Egs0dj8CVB,"rap, 90s, hip_hop",Rap,1999,268400,0.845,0.682,9,-6.245,0,0.339,0.052,0.0,0.0931,0.813,85.561,4
TRYFXPG128E078ECBD,Forgot About Dre,Dr. Dre,https://p.scdn.co/mp3-preview/3dc8e32ac13cbe0ceabd4d479a0d592b01f83cb9?cid=774b29d4f13844c495f206cafdad9c86,0D8Npw3PzW1srmITkELL3s,"rap, hip_hop",Rap,1999,222333,0.926,0.733,8,-1.294,1,0.0647,0.101,0.0,0.179,0.65,133.966,4
TRVEXJA12903CADD6F,Cudi Zone,Kid Cudi,https://p.scdn.co/mp3-preview/748060084577d6fb4ba56c58d590a661fea13e7c?cid=774b29d4f13844c495f206cafdad9c86,03MWa1FMygR3RrQoQytsjS,"rap, hip_hop",Rap,2009,259040,0.706,0.691,9,-5.86,0,0.0338,0.546,1.3e-06,0.366,0.597,134.751,4
TROEWXC128F148C83E,What's The Difference,Dr. Dre,https://p.scdn.co/mp3-preview/70aa36016c21bb0924a7fcaf286f9b4ea058512e?cid=774b29d4f13844c495f206cafdad9c86,1SWVDBtw6h3tm9OehOkDhv,"rap, 90s, hip_hop",,1999,244200,0.772,0.821,11,-0.14,0,0.25,0.223,0.0,0.148,0.77,91.921,4
TRUHICG128F1462465,Fuck tha Police,N.W.A,https://p.scdn.co/mp3-preview/0846c31f35a4f2c9f768dce43f6df3dde52b5164?cid=774b29d4f13844c495f206cafdad9c86,0w0IB0CRyTogzb2K0Sr3FW,"80s, rap, hip_hop",,2013,343613,0.836,0.857,8,-6.043,0,0.3,0.0106,0.0,0.0826,0.771,98.687,4
TRIXKCB128F424EA32,Ice Box,Omarion,https://p.scdn.co/mp3-preview/15fde75ed895507d43987edd59861a1cbb054883?cid=774b29d4f13844c495f206cafdad9c86,0lh3t0LrQi7aQqPJhZMeHU,"hip_hop, rnb, male_vocalists",,2015,257026,0.758,0.733,8,-5.421,1,0.129,0.186,0.0,0.178,0.842,131.086,4
TRLNVSC12903CADD67,Simple As...,Kid Cudi,https://p.scdn.co/mp3-preview/6c74d7397ff95f1ebc143f8f9d970704c7336818?cid=774b29d4f13844c495f206cafdad9c86,04nE0pNbhPQMgbfSNIV7Ir,"rap, hip_hop, chill",Rap,2009,151333,0.804,0.739,1,-4.699,1,0.106,0.251,0.000424,0.628,0.5,94.995,4
TRPFLFA128F428D258,B.O.B.,OutKast,https://p.scdn.co/mp3-preview/449a73a26e834b35e7fd64db4ba35f954553c58e?cid=774b29d4f13844c495f206cafdad9c86,04JJIAVOEZmEXgNMgCBJN0,"dance, rap, hip_hop, funk, 00s",Rap,2000,304226,0.746,0.978,9,-5.324,1,0.0978,0.0555,4.02e-05,0.026,0.652,153.897,4
TRFGAGX12903CC5BE2,Roger That,Young Money,https://p.scdn.co/mp3-preview/cee56ed100682547220a350fe0a6b40be3a9cfe7?cid=774b29d4f13844c495f206cafdad9c86,2wZRWscGLvV0axaWWdn5d5,"rap, hip_hop",Rap,2009,209826,0.482,0.627,2,-7.561,1,0.116,0.00827,0.0,0.701,0.293,157.58,4
TRLASRA12903CAD7A3,Houstatlantavegas,Drake,https://p.scdn.co/mp3-preview/cddedd6010dfd1dd968d62b788048adc571040b2?cid=774b29d4f13844c495f206cafdad9c86,0faYOYKrE2vel4dQQqgXkf,"rap, hip_hop, rnb",Rap,2009,290426,0.631,0.587,1,-9.439,0,0.0622,0.343,0.0044,0.205,0.457,67.648,4
TRISNHO128F9335979,Kiss Me Thru The Phone,Soulja Boy,https://p.scdn.co/mp3-preview/37112a3dd778d16b38016fdf14b6aa40be2cbfc5?cid=774b29d4f13844c495f206cafdad9c86,0FyYtLHz7X11K5G43TTErL,"rap, hip_hop",,2010,193413,0.758,0.695,7,-4.329,1,0.102,0.0159,0.0,0.053,0.801,149.984,4
TRDTGYF128F4214DAA,Xxplosive,Dr. Dre,https://p.scdn.co/mp3-preview/dbf123a6ab90b1d721697f07dc819b04992fa71e?cid=774b29d4f13844c495f206cafdad9c86,0Ed7MeXx64f6OcIuoTRCg1,"rap, 90s, hip_hop",Rap,1999,215200,0.765,0.88,1,-4.361,1,0.116,0.176,1e-05,0.139,0.929,168.96,4
TRPLXFD128F1454961,Ms. Fat Booty,Mos Def,https://p.scdn.co/mp3-preview/b86f3fe5889b796dfe409aa8cf517b2086638213?cid=774b29d4f13844c495f206cafdad9c86,0IVAlb0cFCH1cQ974iR1TU,"rap, hip_hop",Rap,1999,223546,0.782,0.589,1,-4.827,1,0.189,0.148,0.0,0.164,0.869,90.438,4
TRVVWCQ128F9320C38,Crank That (Soulja Boy),Soulja Boy,https://p.scdn.co/mp3-preview/ee7343634a0201684562dc7ce1148764dbed5f5a?cid=774b29d4f13844c495f206cafdad9c86,04fU6jbHvrYYKWUcSfpnUT,"dance, rap, hip_hop, 00s",,2009,222986,0.739,0.727,0,-2.134,1,0.0795,0.526,0.0,0.0828,0.826,140.123,4
TRHMXCE128E0784137,The New Workout Plan,Kanye West,https://p.scdn.co/mp3-preview/214d2720de6a1d385537df426c5f023c2b338e69?cid=774b29d4f13844c495f206cafdad9c86,0fDf7lTJ6A6uzGWUEJHcCq,"rap, hip_hop",Rap,2004,322800,0.702,0.774,2,-4.682,1,0.208,0.00925,0.0,0.379,0.624,117.993,4
TRIXUXI128E0785F43,Rollout (My Business),Ludacris,https://p.scdn.co/mp3-preview/a761aaff7acb4f8a0366752e0ec72e26b36000ee?cid=774b29d4f13844c495f206cafdad9c86,2CQo7sLpjfFJ4JEE4q9lMb,"rap, hip_hop, 00s",Rap,2002,282893,0.914,0.681,7,-8.613,1,0.127,0.0952,0.0,0.0916,0.882,131.08,4
TRJKBJY128F42B507C,Hey Ma,Cam'ron,https://p.scdn.co/mp3-preview/4ed7fb9b24b5745d9e21fbf4638af820c9dfd6f9?cid=774b29d4f13844c495f206cafdad9c86,0Uhnzk5zI46IRlQ04LNOtc,"rap, 90s, hip_hop, rnb, 00s, chill",,2002,232533,0.791,0.666,8,-5.484,1,0.341,0.0256,6.33e-06,0.0796,0.938,90.345,4
TRAAGCZ128F93210FD,Let's Get It Started,Black Eyed Peas,https://p.scdn.co/mp3-preview/288624aacad8da2fee068eca87512d8ba93733d7?cid=774b29d4f13844c495f206cafdad9c86,04r0ruUBUUXnPIu5IED7d5,"pop, dance, rap, hip_hop, funk, american, rnb, 00s",,2013,218906,0.784,0.753,2,-3.877,1,0.105,0.108,0.0,0.222,0.82,104.989,4
TROTOFI128F148B148,Change Clothes,Jay-Z,https://p.scdn.co/mp3-preview/d3599b06a399372a548525135ba40d6d81229405?cid=774b29d4f13844c495f206cafdad9c86,1OCre7xil1ym1eXXC4rEM6,"rap, hip_hop, 00s",,2003,258426,0.891,0.627,10,-3.79,1,0.0521,0.0416,0.0,0.059,0.336,104.013,4
TRYYWSR128F42BA8E5,Buzzin',Shwayze,https://p.scdn.co/mp3-preview/debcde62fbe35bf0f33d4faf922e449ffe3b386d?cid=774b29d4f13844c495f206cafdad9c86,11XK2YkLHsCwrLx3VdTHFM,"chillout, rap, hip_hop, mellow, chill",Rap,2008,212280,0.85,0.582,2,-8.156,1,0.0561,0.0181,1.6e-06,0.072,0.32,93.028,4
TRVPCCV12903CB505C,Money Folder,Madvillain,https://p.scdn.co/mp3-preview/80c064172f2607933e6f926c12a2ee52d8a55773?cid=774b29d4f13844c495f206cafdad9c86,147WPaIvJ7oDXgfQR5QIsz,"rap, hip_hop",Rap,2004,182800,0.681,0.718,1,-9.361,1,0.247,0.484,4.27e-05,0.75,0.831,92.571,4
TRRGWHY128F93043DB,Blame It,Jamie Foxx,https://p.scdn.co/mp3-preview/97d51ba563a024d39d76c2eb3296a9f090023a2c?cid=774b29d4f13844c495f206cafdad9c86,08uGhvS5MfBk7crUCpnjva,"dance, soul, hip_hop, rnb, male_vocalists, 00s",,2008,289746,0.673,0.614,7,-5.426,1,0.103,0.0782,0.0,0.139,0.362,176.052,4
TRUMIGA128EF351A19,Who Shot Ya,The Notorious B.I.G.,https://p.scdn.co/mp3-preview/044473e34db422f262323cdc14feccadb2282c02?cid=774b29d4f13844c495f206cafdad9c86,0OjzGgfS0CUEHVW0xOcfkU,"rap, 90s, hip_hop",Rap,2013,228040,0.845,0.744,7,-4.886,1,0.277,0.194,0.0,0.549,0.645,91.693,4
TRPYYZN128F9304FBA,Keep You Much Longer,Akon,https://p.scdn.co/mp3-preview/1c351c53549934bb92973d9310000d4e22e3a2c5?cid=774b29d4f13844c495f206cafdad9c86,1kiAXXEYooMvsFWyYaDhof,"chillout, hip_hop, rnb, love",RnB,2008,260866,0.711,0.945,0,-3.241,1,0.0486,0.16,0.0,0.134,0.577,120.022,4
TROOHYP128F4263C1E,St. Elsewhere,Gnarls Barkley,https://p.scdn.co/mp3-preview/8e205e5c65162809acf90c1d57feca657093286d?cid=774b29d4f13844c495f206cafdad9c86,02NDo3Vywdl5U2QPeIk9iB,"soul, hip_hop, funk, rnb",,2006,150253,0.592,0.861,1,-3.7,1,0.117,0.0133,0.0,0.34,0.589,146.243,4
TRFPCZI128E078EC13,Rock Bottom,Eminem,https://p.scdn.co/mp3-preview/9069c75ae977d20ff282ce0d2934898365b2be66?cid=774b29d4f13844c495f206cafdad9c86,1OoVM5W5FvOFmmWs5o2GHa,"rap, 90s, hip_hop",Rap,1999,214087,0.858,0.643,6,-3.036,1,0.137,0.0879,0.0068,0.219,0.388,92.051,4
TRIEEIX128F428A0FD,Where The Hood At,DMX,https://p.scdn.co/mp3-preview/a09fbf585e5630f566aa7b8fbb5b210ef91d4c53?cid=774b29d4f13844c495f206cafdad9c86,004KvRU9Kjxb8Jis3Jy8JI,"rap, hip_hop",,2009,285666,0.713,0.958,5,-1.731,0,0.192,0.168,0.0,0.364,0.757,93.035,4
TRNFRSG128F92EB31C,Shortie Like Mine,Bow Wow,https://p.scdn.co/mp3-preview/c383a09f6d0b12d2c6d33de86a5dffc2fd47b0ce?cid=774b29d4f13844c495f206cafdad9c86,0q29nSzs0phljXCKWN20qQ,"rap, hip_hop, rnb",,2006,270760,0.722,0.609,10,-9.322,0,0.246,0.0239,0.0,0.304,0.526,142.176,4
TRSIMWV12903CD1951,Drop It Low,Ester Dean,https://p.scdn.co/mp3-preview/1bc6fa4ee7eafbe619f9405f2a9227c998aa34f3?cid=774b29d4f13844c495f206cafdad9c86,2c2hHOyc46BTx3dSq1NB74,"dance, rap, hip_hop",,2009,190533,0.723,0.714,11,-5.036,1,0.0537,0.0019,5.43e-05,0.0836,0.386,88.047,4
TRFSRXO12903CCEA58,My Mom,Eminem,https://p.scdn.co/mp3-preview/410569b6845121c42bf1a7917deaf08223e86849?cid=774b29d4f13844c495f206cafdad9c86,0GI2qSk6msTSqIj0apGqLo,"rap, hip_hop",Rap,2009,319866,0.812,0.88,1,-1.521,1,0.259,0.295,0.0,0.106,0.778,90.098,4
TREADOS128E078EC1F,If I Had,Eminem,https://p.scdn.co/mp3-preview/faeb60d029595869b8b72bf02a8d7f2fa586236d?cid=774b29d4f13844c495f206cafdad9c86,0B4CaEJPfXNp972UFFCSUl,"rap, 90s, hip_hop",Rap,1999,245506,0.794,0.61,7,-5.32,0,0.215,0.000751,2.75e-05,0.0992,0.244,168.18,3
TRFXXOG128E07928CD,What Up Gangsta,50 Cent,https://p.scdn.co/mp3-preview/2f397870a6c6174249081ab5ffc7af4753942c6a?cid=774b29d4f13844c495f206cafdad9c86,009URRAGdj8xzpsZOg2s5o,"rap, hip_hop",Rap,2009,179453,0.65,0.768,11,-2.376,0,0.0476,0.00229,0.0,0.102,0.329,82.464,4
TRJSTRA12903CCA6E9,Still Not a Player,Big Punisher,https://p.scdn.co/mp3-preview/0823d2bf3ce97daac8b158bf5a9c8b0bd82e4861?cid=774b29d4f13844c495f206cafdad9c86,0NjlSELugijtGlExDOjusu,"rap, 90s, hip_hop",,2011,236546,0.879,0.554,9,-8.203,0,0.318,0.234,0.00333,0.0616,0.898,94.122,4
TRRELZC128E078ED67,My Dad's Gone Crazy,Eminem,https://p.scdn.co/mp3-preview/d7eed7114fb28bb13a841e6cca085397bd7de7b8?cid=774b29d4f13844c495f206cafdad9c86,1jrOrlSN7AloMxKEeWRidJ,"rap, hip_hop, 00s",,2002,266906,0.741,0.691,7,-5.071,1,0.507,0.0996,0.0,0.324,0.716,175.954,4
TRRIRMX128F92E6272,Locked Up,Akon,https://p.scdn.co/mp3-preview/66b0e284199c3dc9096dcb0c8edf253aa3dd03a0?cid=774b29d4f13844c495f206cafdad9c86,00BHe2yBtdOzhKPmI7rpTE,"rap, hip_hop, rnb",,2004,235066,0.818,0.579,7,-4.475,1,0.101,0.023,0.0,0.107,0.354,89.987,4
TRURIXM128F92F89C9,Thieves In The Night,Black Star,https://p.scdn.co/mp3-preview/a37cb4c8258d49f3d28e759acc27f48fa87a9932?cid=774b29d4f13844c495f206cafdad9c86,7prM6PuZ5psmHNKhpznKbP,"rap, hip_hop, chill",Electronic,1998,316933,0.78,0.599,1,-6.447,1,0.286,0.18,0.0,0.0549,0.585,92.261,4
TREFNVK128F930316B,Children's Story,Slick Rick,https://p.scdn.co/mp3-preview/187eeb58ce2e2ceae6aa9ecb09f61fadb98a981c?cid=774b29d4f13844c495f206cafdad9c86,00UkCeqU0ggCCgbdHTIZbL,"80s, rap, hip_hop",Rap,2014,238866,0.872,0.548,1,-7.975,1,0.064,0.00969,0.0,0.0879,0.641,102.623,4
TRKEJSX128F145481D,Fack,Eminem,https://p.scdn.co/mp3-preview/eb1693e629c77e4249a49689a60aa58dc674cf9f?cid=774b29d4f13844c495f206cafdad9c86,0fMWtRhzOoWoCo7dRHVEEa,"rap, hip_hop",Rap,2005,205760,0.842,0.602,1,-7.103,1,0.0796,0.00638,0.112,0.103,0.372,124.213,4
TRGZUKV12903CC2F22,Touch It,Busta Rhymes,https://p.scdn.co/mp3-preview/6feae0a49dbae6edcbd5d5ebccfc9a9051746445?cid=774b29d4f13844c495f206cafdad9c86,3bzll6YPYXDTLckdhVFoPR,"rap, hip_hop",,2009,216520,0.655,0.482,4,-8.319,0,0.372,0.0032,0.000527,0.269,0.465,137.424,5
TRUIATC128EF343580,Bebot,Black Eyed Peas,https://p.scdn.co/mp3-preview/463cba04768dad1017ced31e4e450df93c98e7fb?cid=774b29d4f13844c495f206cafdad9c86,06zkUXtwT7VSOT0cVgYujb,"dance, rap, hip_hop, funk, rnb",Rap,2005,210200,0.913,0.508,2,-6.289,0,0.379,0.242,0.0,0.66,0.628,106.893,4
TRTNKBU128E079250D,Quality Control,Jurassic 5,https://p.scdn.co/mp3-preview/24e3076bb41d416cdebd5a90091752a99ff4d75b?cid=774b29d4f13844c495f206cafdad9c86,0AGkvvYJwPS1cxv7ZzlCuJ,"rap, hip_hop",Rap,2007,289160,0.723,0.822,1,-6.214,1,0.396,0.347,0.0,0.0751,0.903,176.409,4
TRXBXZT128F42A8E06,I Wanna Love You,Akon,https://p.scdn.co/mp3-preview/9ffbad34441e5f4630f45c95aa229ab47e07fe81?cid=774b29d4f13844c495f206cafdad9c86,0aWdPqYmASMT2ZNiXCvLS2,"dance, rap, hip_hop, american, rnb, male_vocalists",,2006,247053,0.866,0.446,9,-9.389,0,0.0405,0.0337,0.0,0.303,0.354,99.985,4
TRUZWBM128F429F857,Fight Music,D12,https://p.scdn.co/mp3-preview/fd23d0c70f9f4fd5e8f6cebf6e334cb118152bb9?cid=774b29d4f13844c495f206cafdad9c86,1F1PydtzbotrX9scA7F9nh,"rap, hip_hop",,2014,259413,0.759,0.838,0,-3.216,1,0.267,0.0713,0.0,0.338,0.787,89.512,4
TRUCIRG128F93450A1,Turn My Swag On,Soulja Boy,https://p.scdn.co/mp3-preview/24c0046f8ad2e9c161e21010453ff1e7eddb79e2?cid=774b29d4f13844c495f206cafdad9c86,0MVDRpM10X4guL5BLKmU2r,"rap, hip_hop",,2009,208613,0.551,0.716,11,-3.166,1,0.0264,0.000908,0.0,0.377,0.494,150.125,4
TRCNEDW128E078EC17,I'm Shady,Eminem,https://p.scdn.co/mp3-preview/c08d1f8a339b25de8364f43714a5ce5e117bb638?cid=774b29d4f13844c495f206cafdad9c86,29jnT8rzXG3GUUkobZGgpS,"rap, 90s, hip_hop",Rap,1999,211906,0.82,0.816,11,-4.567,0,0.301,0.0383,0.0,0.11,0.782,92.921,4
TRNXZHW128F934B958,G4L,Rihanna,https://p.scdn.co/mp3-preview/581c0bd5b823d9007a85f8b490db979a7c48ea5b?cid=774b29d4f13844c495f206cafdad9c86,0gzpfUezy3wdktjC2SD1FY,"pop, hip_hop, rnb",,2009,239800,0.36,0.721,7,-4.542,0,0.0448,0.071,0.0,0.382,0.216,137.783,4
TRFGJJP128F92D4260,We Like Sportz,The Lonely Island,https://p.scdn.co/mp3-preview/e0340c601a3868c8e95b26d01742b9b92b2df775?cid=774b29d4f13844c495f206cafdad9c86,2VL5qenQDqNNk8wBnm81yu,hip_hop,Rap,2009,123880,0.839,0.967,11,-1.524,0,0.405,0.327,0.0,0.13,0.436,102.093,4
TRCHMQK128F42742A0,Gangsta Nation,Westside Connection,https://p.scdn.co/mp3-preview/774e6500ab16f26a45071e1dd019c21399306a33?cid=774b29d4f13844c495f206cafdad9c86,0NhqTrmHIxvwA6LSj44tuo,"rap, hip_hop",,2004,273011,0.695,0.872,2,-4.227,0,0.147,0.91,0.0,0.651,0.796,94.949,4
TRAEHXP128F4272AAF,Let's Get Married,Jagged Edge,https://p.scdn.co/mp3-preview/40a77dfe01a671e27b1a94e99e79204d8c7cf1f3?cid=774b29d4f13844c495f206cafdad9c86,0ARWSlgnHNyItAWLGWUhZT,"soul, hip_hop, rnb, love, mellow",RnB,2013,263226,0.761,0.627,1,-5.554,1,0.0538,0.175,0.0,0.128,0.891,109.821,4
TRMIKES128F92FFBF4,Beginners Falafel,Flying Lotus,https://p.scdn.co/mp3-preview/cfda042947f56b693fdbc970a60ab31e2d35e888?cid=774b29d4f13844c495f206cafdad9c86,56nlGuoISiyzyyoAUwmF4w,"electronic, instrumental, chillout, hip_hop, beautiful, chill",Electronic,2008,148266,0.654,0.726,10,-5.491,0,0.0354,0.0731,0.891,0.243,0.56,90.969,4
TRSLKTL128F92F278A,Who Said We're Wack?,The Lonely Island,https://p.scdn.co/mp3-preview/0b410086e0a059091ea94d4eaae138147acec17f?cid=774b29d4f13844c495f206cafdad9c86,0Yb9ZxTDM0YTT1fB6zASOO,"rap, hip_hop",,2009,76613,0.683,0.936,1,-1.633,1,0.26,0.52,0.0,0.0937,0.661,95.26,4
TRXLZTT128F145BC30,Jimmy James,Beastie Boys,https://p.scdn.co/mp3-preview/8e839f2d81ae14ee8b01ba2f4f1d2280cff78534?cid=774b29d4f13844c495f206cafdad9c86,1GhvZVUOeP6jdEAQvXtEoJ,"rap, 90s, hip_hop",,1992,194800,0.754,0.847,0,-10.794,1,0.0673,0.259,0.0119,0.415,0.638,97.88,4
TRANEZZ128F92FFC06,Melt!,Flying Lotus,https://p.scdn.co/mp3-preview/9abbf92ed465a4b172f58535a5c1825e895d0f1e?cid=774b29d4f13844c495f206cafdad9c86,3upL2OO5TRQXpxdyhK1RHf,"electronic, instrumental, hip_hop",Electronic,2008,105413,0.694,0.833,4,-6.036,0,0.184,0.000246,0.761,0.108,0.241,192.11,4
TRUNCXA12903CDAA07,Killa,Cherish,https://p.scdn.co/mp3-preview/dfe8d1342ade36e7b4fe61475e6034e37bc4558b?cid=774b29d4f13844c495f206cafdad9c86,2tvuOy8dLTdDoawHdzS3q6,"dance, soul, chillout, hip_hop, rnb, 00s",,2007,235400,0.755,0.768,5,-4.032,0,0.0392,0.0243,3.17e-06,0.135,0.67,113.951,4
TRMWXEG12903CDE1AD,Ink My Whole Body,Wiz Khalifa,https://p.scdn.co/mp3-preview/d0bd27438ac58c5cdb8fbf367637da134ffc776c?cid=774b29d4f13844c495f206cafdad9c86,6vhANwpkX67jarLzUk0p3G,"rap, hip_hop, chill",Rap,2009,155501,0.587,0.634,11,-8.433,0,0.34,0.0421,0.0,0.362,0.352,179.862,4
TRFGMTD128F4284394,D'Evils,Jay-Z,https://p.scdn.co/mp3-preview/e0e99129f49e1108b17dcdd1fddaa2d80f062104?cid=774b29d4f13844c495f206cafdad9c86,14SCykqRyXid7fLi5pGlWA,"rap, 90s, hip_hop",Rap,2010,212266,0.621,0.672,6,-6.662,0,0.308,0.0345,0.0,0.0899,0.514,84.995,4
TREAQZW128F92F808B,Gone Going,Black Eyed Peas,https://p.scdn.co/mp3-preview/c4bdd74055117d15175f6caee49ddd3d623dcf93?cid=774b29d4f13844c495f206cafdad9c86,0Cn5Pjx1THcKyPrTv7Iq8x,"rap, hip_hop, funk, rnb, mellow",,2009,193920,0.803,0.811,6,-4.359,0,0.0958,0.11,0.0,0.305,0.756,99.046,4
TRMPJCP128E0792212,Evil Deeds,Eminem,https://p.scdn.co/mp3-preview/447229b6a8481be93957f8ef68ee16c429f3c8fb?cid=774b29d4f13844c495f206cafdad9c86,0flo4ALDU40QhT3NMGMjrm,"rap, hip_hop",,2004,259573,0.731,0.686,11,-5.002,0,0.33,0.0915,0.0,0.415,0.29,75.54,4
TRYWGLU128E0784662,What's Happenin',Young Money,https://p.scdn.co/mp3-preview/da482a8f184ac6046cfab3599ed2b4d7d0ad114d?cid=774b29d4f13844c495f206cafdad9c86,3sQVd7gk9ydHxQarGcAWo6,hip_hop,,2005,201826,0.815,0.387,7,-10.345,1,0.505,0.0598,0.0,0.0725,0.828,137.916,4
TREEOJN128F148C86A,Amityville,Eminem,https://p.scdn.co/mp3-preview/4af1938b11a0885fbadb8b119dfffcbb4edccd1d?cid=774b29d4f13844c495f206cafdad9c86,0erTM8A9ro5kzcNc962jHd,"rap, hip_hop, 00s",,2000,254773,0.618,0.929,2,-3.238,0,0.273,0.0217,0.0,0.326,0.672,79.864,4
TREHUQS128F1466AD3,Alright Hear This,Beastie Boys,https://p.scdn.co/mp3-preview/95697f7731d16b97accd4d46cf56ef7d5d07c945?cid=774b29d4f13844c495f206cafdad9c86,3fHw4dPmCbttUUzGAPRnmQ,"rap, 90s, hip_hop",Rap,1994,185933,0.795,0.888,5,-8.78,0,0.392,0.156,0.00121,0.659,0.709,101.421,4
TRVKFAI128F92FFC0A,Comet Course,Flying Lotus,https://p.scdn.co/mp3-preview/0ed72320e5516504b1b6cd77562ac52d23fcdcbe?cid=774b29d4f13844c495f206cafdad9c86,1T3q2fOu4xhy4VwadR88mJ,"electronic, instrumental, chillout, psychedelic, hip_hop",,2008,181533,0.708,0.973,6,-4.365,1,0.0645,0.00842,0.853,0.0873,0.622,112.03,4
TRVENBM128F4265F7D,Baby's Got Sauce,G. Love & Special Sauce,https://p.scdn.co/mp3-preview/7a06082c6f5e44ecb16fd4eb8eca7183405fbc71?cid=774b29d4f13844c495f206cafdad9c86,0V1YjtzIpCM9aU5amtqIzn,"alternative, singer_songwriter, blues, 90s, hip_hop, love, mellow, chill",,2002,234560,0.792,0.539,11,-9.755,0,0.132,0.0765,0.0,0.158,0.885,140.251,4
TRLKDKA12903CADD6E,Alive (nightmare),Kid Cudi,https://p.scdn.co/mp3-preview/1f7c2ac24863a0aa45ee1e39d26e8322522484d8?cid=774b29d4f13844c495f206cafdad9c86,16qRPLYMLMrZ9NwWAjPVsE,"hip_hop, american, chill",Rap,2009,246760,0.71,0.808,6,-4.877,0,0.0418,0.27,0.0,0.208,0.698,101.784,4
TRPBUZQ128F92FFC28,Parisian Goldfish,Flying Lotus,https://p.scdn.co/mp3-preview/8e9f3360d4e34dea7ecc48a6dded1a74417b6863?cid=774b29d4f13844c495f206cafdad9c86,73teGKXstkhbT7NKlamWG9,"electronic, instrumental, dance, hip_hop, 00s",Electronic,2008,181053,0.617,0.966,6,-4.433,0,0.0444,0.00358,0.874,0.168,0.504,111.99,4
TREVUJI128F933B1F0,Throw Some D's Remix,Rich Boy,https://p.scdn.co/mp3-preview/95023ea87ac108c9a35cd2f15c2bef558d6dae5b?cid=774b29d4f13844c495f206cafdad9c86,017HOVDJcVTzlSJv0Eo4qH,"rap, hip_hop",,2007,351053,0.681,0.727,1,-5.086,0,0.323,0.0168,0.0,0.074,0.347,160.882,4
TRZJFZJ128F92D425E,Like A Boss,Slim Thug,https://p.scdn.co/mp3-preview/124b10ae59a459df86f37316b61092802c104c89?cid=774b29d4f13844c495f206cafdad9c86,16Iu6x1MoxZ0SANXZ5pNuR,"rap, hip_hop",Rap,2005,198146,0.86,0.5,1,-5.108,1,0.3,0.443,0.0,0.248,0.487,86.012,4
TRAPEFC128F427AB27,Sexual Eruption,Snoop Dogg,https://p.scdn.co/mp3-preview/6e5273464113dd56a50b412c3ca00918e78b04b5?cid=774b29d4f13844c495f206cafdad9c86,0TszxVtDitheIqrsg9npnO,"dance, rap, hip_hop, rnb",Rap,2007,245453,0.773,0.805,11,-3.993,1,0.101,0.00656,2.2e-06,0.0721,0.504,120.202,4
TRXOQET128E0789985,Be (Intro),Common,https://p.scdn.co/mp3-preview/622e3c60aafdfb230868b33ef2910a5609846697?cid=774b29d4f13844c495f206cafdad9c86,11aFVmFy8903RwDx4ohQiq,"soul, rap, hip_hop, love, mellow, chill",Rap,2005,144200,0.619,0.755,7,-8.439,0,0.0918,0.225,0.0,0.468,0.191,93.703,4
TRZZSQU128F92FCDE8,Hit Em Up,Lil' Wayne,https://p.scdn.co/mp3-preview/cb9c98fb01ecbf2b096f315d94fe9b5a9f50fe00?cid=774b29d4f13844c495f206cafdad9c86,2LeRtUpmKRDZCIym1LjIIp,"rap, hip_hop",Rap,2005,247040,0.661,0.745,8,-8.813,1,0.376,0.026,0.0,0.0756,0.887,81.339,4
TRUNRNB128F42A76B6,Break It Off,Rihanna,https://p.scdn.co/mp3-preview/6b230d4fb0f2e360acc4ba8419529a04b650c6eb?cid=774b29d4f13844c495f206cafdad9c86,034BlrgXfi9RH9RZLK9CfC,"pop, dance, hip_hop, reggae, rnb",,2006,212500,0.897,0.738,10,-5.314,0,0.228,0.0166,0.0,0.0531,0.798,133.964,4
TRSXJSK128F42A0ED7,Wearing My Rolex,Wiley,https://p.scdn.co/mp3-preview/3590d62e44888e92346fc806af09d51943ec6887?cid=774b29d4f13844c495f206cafdad9c86,174rRkq5YsO2IxGjAeEJ9U,"electronic, dance, hip_hop, house",,2011,168346,0.876,0.725,1,-6.835,1,0.155,0.073,0.00095,0.073,0.804,131.99,4
TRCQSDA12903CBB3EB,Puppets,Atmosphere,https://p.scdn.co/mp3-preview/a828e28a4e0604e586d06b02c4a15da8db8e448e?cid=774b29d4f13844c495f206cafdad9c86,0MCd7vudgHakNFvV9fNzb0,"rap, hip_hop, piano",Rap,2008,221786,0.733,0.444,4,-7.17,1,0.115,0.299,2.61e-06,0.104,0.372,89.106,4
TRSJQEA128F4261A6C,Give and Go,Girl Talk,https://p.scdn.co/mp3-preview/80e2d546da745129c20e3d24a5dbf142327df3da?cid=774b29d4f13844c495f206cafdad9c86,4yFQdfaeVos3CmeVsa8zZW,"electronic, dance, hip_hop",,2006,173200,0.802,0.816,7,-7.01,1,0.0624,0.0182,0.00628,0.187,0.708,127.503,4
TRCARSP128F92D426E,Incredibad,The Lonely Island,https://p.scdn.co/mp3-preview/b105ab30633125a4e34720e01b6a24055ebe7e80?cid=774b29d4f13844c495f206cafdad9c86,1Q5oxa2BjBTmJ7mI3E6umg,"rap, hip_hop, 00s",Rap,2009,174186,0.695,0.981,10,-1.988,0,0.322,0.435,0.0,0.154,0.545,94.118,4
TRARVWA128E0782562,Buffalo Stance,Neneh Cherry,https://p.scdn.co/mp3-preview/c19929877b7af1e0a0b850eacd5d8109e29aa4d1?cid=774b29d4f13844c495f206cafdad9c86,0ovgOKt9MSKccwNMPSoYxV,"pop, dance, 80s, rap, hip_hop",,2013,252920,0.742,0.617,1,-12.443,1,0.0598,0.00948,0.0,0.332,0.768,107.172,4
TRPORHV128F9322512,O.P.P.,Naughty By Nature,https://p.scdn.co/mp3-preview/835b55574f6bfc8432f837b739c912657144d747?cid=774b29d4f13844c495f206cafdad9c86,08lJqcAMwPgUM5dlmAY5VG,"rap, 90s, hip_hop, american",Rap,2006,269280,0.849,0.954,4,-5.677,0,0.0767,0.0835,1.93e-06,0.111,0.793,97.742,4
TRNYGCP128E0793B87,Pretty Noose,Soundgarden,https://p.scdn.co/mp3-preview/546557f9e34893379b2ff57d9a96e3ff31458dd6?cid=774b29d4f13844c495f206cafdad9c86,1ARiM3aHqMB3rvxioA8ez3,"rock, hard_rock, 90s, grunge",Rock,2007,252840,0.376,0.951,0,-6.74,1,0.0781,2.06e-05,0.0911,0.154,0.302,150.981,4
TRDFPVG128E078E974,The Road I'm On,3 Doors Down,https://p.scdn.co/mp3-preview/a0c0ddf05fe5f2d66ae9ac5c4df32149d67b0b3e?cid=774b29d4f13844c495f206cafdad9c86,0wtYwKTwS1rMgD7gtW2L9z,"rock, alternative_rock, hard_rock",Rock,2002,239800,0.397,0.691,4,-6.361,0,0.029,0.000303,1.29e-05,0.137,0.339,87.975,4
TRALASU128E07899DB,Drown Me Slowly,Audioslave,https://p.scdn.co/mp3-preview/429e8f3aa401906133b9b395d8e203a30271e3b0?cid=774b29d4f13844c495f206cafdad9c86,3j5C8k2Zy5x0MtSqZ4gNgs,"rock, alternative, alternative_rock, hard_rock, american, 00s, grunge",Rock,2005,233600,0.361,0.908,9,-4.223,1,0.0559,0.0292,2.48e-05,0.168,0.481,102.375,4
TRJDTBE128F4289421,For All the Cows,Foo Fighters,https://p.scdn.co/mp3-preview/5fe18754958a391546c206a3a4dec3ed824d4e99?cid=774b29d4f13844c495f206cafdad9c86,4WVCFZ31yR3MxvFY6nSTwA,"rock, alternative_rock, hard_rock, 90s, grunge",Rock,1995,209240,0.366,0.542,4,-9.655,1,0.0344,0.0323,0.00262,0.237,0.513,124.631,4
TRBMCNX128F428AC7E,Floaty,Foo Fighters,https://p.scdn.co/mp3-preview/a62862954a9247359f1e6bc9cb33a428f3edd7f8?cid=774b29d4f13844c495f206cafdad9c86,5cr6TK4QyEa9RTwqXgdRXs,"rock, alternative_rock, hard_rock, 90s, grunge",Rock,1995,269266,0.39,0.941,9,-7.151,1,0.0783,0.000893,2.82e-05,0.0739,0.0815,113.389,3
TRJTVOT12903CCC5C9,Don't Stop Dancing,Creed,https://p.scdn.co/mp3-preview/923ee9c0890dbbf20ed8a8fcbd7f5d3808cfedbd?cid=774b29d4f13844c495f206cafdad9c86,0RzQ0C2Yg6voXM3Vno85Lk,"rock, alternative_rock, hard_rock, grunge",Rock,2004,270906,0.328,0.586,7,-4.704,1,0.0324,0.00716,0.0,0.347,0.145,137.679,4
TRLTCRJ12903CA9CEB,Just Got To Be,The Black Keys,https://p.scdn.co/mp3-preview/600d19ee157d88f96acda2f695633d5ddbbffeb6?cid=774b29d4f13844c495f206cafdad9c86,0skTwLGguoX2M6AvTKNJ2W,"rock, hard_rock, blues, blues_rock",,2012,181026,0.33,0.617,4,-8.657,1,0.072,0.719,0.0102,0.134,0.684,172.132,4
TRFRSBY128F426C613,Watch Over You,Alter Bridge,https://p.scdn.co/mp3-preview/ea8a390581dfd56955e07f4e2632769051d15bd4?cid=774b29d4f13844c495f206cafdad9c86,0qRXZNsoVdU9xXJIFqQkCQ,"rock, alternative_rock, hard_rock, beautiful",,2007,259133,0.276,0.658,7,-5.418,1,0.0329,0.0836,0.000553,0.161,0.16,172.326,4
TRIOPJP128F14A7703,Godspeed,Anberlin,https://p.scdn.co/mp3-preview/82abe9deb307172e3745fbdf66ba83e9cfd4e222?cid=774b29d4f13844c495f206cafdad9c86,0K3o9naMlVtYhsuG5nFlAt,"rock, alternative, alternative_rock, hard_rock, punk_rock, emo, 00s",Rock,2012,183720,0.396,0.974,8,-4.857,1,0.0743,5.64e-05,0.000203,0.117,0.39,176.071,4
TRNIYPI128F426BD61,Feelin' Way Too Damn Good,Nickelback,https://p.scdn.co/mp3-preview/2de403c519e7fb5f48ddde72d440898e77b9fce0?cid=774b29d4f13844c495f206cafdad9c86,1EaTgqXdQmJ3rIG6fbtZpa,"rock, alternative_rock, hard_rock",Rock,2003,256506,0.508,0.829,5,-5.655,1,0.0472,0.00055,0.00059,0.108,0.389,156.062,4
TRNAADD128F93032A7,I Almost Told You That I Loved You,Papa Roach,https://p.scdn.co/mp3-preview/98f5f84fb8f1205a29dd3108b4a85a5781c5304f?cid=774b29d4f13844c495f206cafdad9c86,2pWhizMrzd6cdbWqKsOCPQ,"rock, alternative, hard_rock, nu_metal",Rock,2009,191760,0.525,0.944,4,-3.997,0,0.0353,0.000772,1.84e-06,0.101,0.459,93.039,4
TRRVJCK12903CD2DCB,U Smile,Justin Bieber,https://p.scdn.co/mp3-preview/b9b8a73b110ac5a4fbbd1a69f087a0c13409cb72?cid=774b29d4f13844c495f206cafdad9c86,0KDJBhhe2OYnnoJtbtXy1f,"pop, hard_rock, black_metal, death_metal, heavy_metal, industrial, thrash_metal, metalcore, melodic_death_metal, power_metal, post_hardcore, doom_metal, love, gothic_metal, grunge, symphonic_metal, grindcore, nu_metal",Pop,2010,196906,0.705,0.605,1,-5.252,1,0.03,0.516,1.57e-06,0.117,0.419,112.505,3
TRJJCJQ12903CD2DD3,That Should Be Me,Justin Bieber,https://p.scdn.co/mp3-preview/38808ff731ff73e6478c7abe077cf7cd5783fa4b?cid=774b29d4f13844c495f206cafdad9c86,0aPZbnkMoWJaJ5CNVLCj8S,"pop, hard_rock, black_metal, death_metal, heavy_metal, industrial, thrash_metal, metalcore, melodic_death_metal, power_metal, male_vocalists, post_hardcore, doom_metal, gothic_metal, grunge, symphonic_metal, grindcore, nu_metal",Pop,2010,232720,0.552,0.603,8,-5.71,1,0.0334,0.199,0.0,0.151,0.231,139.908,4
TRFJUFN128F423EBFD,Fire Woman,The Cult,https://p.scdn.co/mp3-preview/81a0bb9b0275ec4c7874adb8fcc11a2cb9febe75?cid=774b29d4f13844c495f206cafdad9c86,1Twr9ElGR91uhIiJtiLyVI,"rock, hard_rock, 80s",Rock,2000,307960,0.489,0.85,7,-7.459,1,0.0402,0.00023,0.000656,0.297,0.446,132.078,4
TRLOCIC128F14AEC53,The Best Of Times,Styx,https://p.scdn.co/mp3-preview/868fa9639852d21742a46a5f30fd4ba780c8788f?cid=774b29d4f13844c495f206cafdad9c86,0a75riZVrXmmdyQuenUSzw,"rock, classic_rock, hard_rock, 80s, progressive_rock, 70s",Rock,2010,259533,0.339,0.465,0,-7.366,1,0.0256,0.232,1.09e-06,0.336,0.42,79.812,4
TRFZIKD128F1465640,Le Moulin,Yann Tiersen,https://p.scdn.co/mp3-preview/7685c0c59e46eebe0a1691678d0a1d9dd4286f65?cid=774b29d4f13844c495f206cafdad9c86,06MSHsBhDF1C7eqpJ95Sl0,"instrumental, classical, soundtrack, piano, beautiful, french",,2001,267733,0.565,0.0559,10,-16.409,0,0.0535,0.991,0.536,0.0808,0.215,142.232,3
TRGJSYO128F1465644,La Dispute,Yann Tiersen,https://p.scdn.co/mp3-preview/0292d8797a9e821da18be57772d6129e43867d86?cid=774b29d4f13844c495f206cafdad9c86,3seUIqMgAP1TtdMQZ8MviQ,"instrumental, classical, soundtrack, piano, beautiful, french",World,1998,254893,0.462,0.0203,0,-18.175,0,0.0618,0.988,0.119,0.0973,0.0734,131.382,3
TRBJARK128F1465649,Le Banquet,Yann Tiersen,https://p.scdn.co/mp3-preview/dc49b0a9ac03e79378732c9a3c7266c8fec61afe?cid=774b29d4f13844c495f206cafdad9c86,0hJ0qaTO8C5dwCsyu7PDjA,"instrumental, soundtrack, french",World,2001,91000,0.538,0.396,4,-13.733,0,0.0363,0.832,0.00353,0.115,0.574,116.606,4
TRIWRZK128F146BD73,He's a Pirate,Klaus Badelt,https://p.scdn.co/mp3-preview/f8d7fa656587fa9ee2e4f91dbe86ab5c1ddb3f63?cid=774b29d4f13844c495f206cafdad9c86,0fahl0bNkbb7JJsiLypiZb,"instrumental, soundtrack",,2009,89213,0.347,0.631,7,-12.456,0,0.0616,0.0167,0.97,0.175,0.124,70.368,4
TRJJQRG128F148B724,Cissy Strut,The Meters,https://p.scdn.co/mp3-preview/7828acc509877165addb1336869044bb6753765b?cid=774b29d4f13844c495f206cafdad9c86,01DRIRrTJfNqb1fXMmdXRY,"instrumental, soul, funk, 60s",RnB,1997,185226,0.521,0.799,0,-11.993,1,0.097,0.106,0.732,0.332,0.709,175.921,4
TRJBWQZ128F92F9918,Bird Song Intro,Florence + the Machine,https://p.scdn.co/mp3-preview/8eee933467231143fcf5fae5fb9efaf0410e4a13?cid=774b29d4f13844c495f206cafdad9c86,2Xr567J7MnzSP7x9T3CSmR,"rock, indie, instrumental, british, indie_pop",Rock,2009,80746,0.606,0.666,6,-9.516,0,0.0502,0.935,0.909,0.0774,0.284,127.217,4
TROOMUK128F42BA19C,The Ecstasy of Gold,Ennio Morricone,https://p.scdn.co/mp3-preview/9dcc599b08a7b3c84456eec0713a89c5c8b82a42?cid=774b29d4f13844c495f206cafdad9c86,0XdObxvW1TfFF5J8WJ6KGr,"instrumental, soundtrack",Metal,2013,121373,0.139,0.68,7,-7.579,1,0.0499,0.867,0.115,0.964,0.149,84.215,3
TRYQQVN128F146BD67,The Black Pearl,Klaus Badelt,https://p.scdn.co/mp3-preview/8157b266d52a1d2d41a3c74f7ab19fd502a7c7fd?cid=774b29d4f13844c495f206cafdad9c86,69tYXzWmt0ApHyBp5FQ0np,"instrumental, classical, soundtrack",,2014,136475,0.165,0.179,2,-14.165,0,0.0309,0.549,0.976,0.105,0.0688,90.058,3
TRKANZQ128F146BD66,The Medallion Calls,Klaus Badelt,https://p.scdn.co/mp3-preview/4296a57bde8a11db76d06cb682c611e1c127f3f7?cid=774b29d4f13844c495f206cafdad9c86,067Qz6nAyHu3oX22dQpAjs,"instrumental, classical, soundtrack",Pop,2003,112506,0.38,0.376,2,-12.621,0,0.0316,0.514,0.948,0.0985,0.0663,96.517,3
TRCODGA128F92DD23A,Ixtapa,Rodrigo y Gabriela,https://p.scdn.co/mp3-preview/a4bf4e13bab57854e8297c129f168f7fa24f60b8?cid=774b29d4f13844c495f206cafdad9c86,03bl2CTVQ7OLUeoQfwelJa,"instrumental, acoustic, guitar",,2006,313973,0.383,0.776,11,-8.942,0,0.0306,0.827,0.931,0.124,0.486,116.328,4
TROSQNP128F92C5073,Crockett's Theme,Jan Hammer,https://p.scdn.co/mp3-preview/ef8f23ee13de3adf017ae29c8263527e5cbe6b74?cid=774b29d4f13844c495f206cafdad9c86,1EsFFAX2pcbCXWeVXKSX6K,"electronic, instrumental, 80s, chillout, soundtrack",,2002,204133,0.465,0.676,7,-7.651,0,0.0316,0.101,0.888,0.121,0.505,191.78,4
TROIPAS128F92FFC35,SexSlaveShip,Flying Lotus,https://p.scdn.co/mp3-preview/cbcddd5837bd573e19b7144f057f9631e9cd6acc?cid=774b29d4f13844c495f206cafdad9c86,0jyAHEUHO5TbHu0w6BW5GL,"electronic, instrumental, hip_hop, trip_hop, downtempo",Electronic,2008,134360,0.669,0.92,0,-5.857,1,0.0883,0.0502,0.849,0.287,0.579,91.938,4
TRKQTTP128EF34337D,Ruska,Apocalyptica,https://p.scdn.co/mp3-preview/6c041ed3146a589e256bc474842929459bea822c?cid=774b29d4f13844c495f206cafdad9c86,1Bv2svjvnSmXzi3xGjwnq0,"instrumental, classical, symphonic_metal",Metal,2005,275666,0.372,0.332,8,-15.417,0,0.0303,0.938,0.746,0.165,0.0969,145.327,5
TRVEEYH128F930958B,Deathzone,Apocalyptica,https://p.scdn.co/mp3-preview/8a34c277dd8e3dbfa1a4f84a147c111d49875eac?cid=774b29d4f13844c495f206cafdad9c86,0zqq9HAz67S02erTG7PYiR,"instrumental, classical, symphonic_metal",Metal,2005,277746,0.166,0.275,0,-15.231,0,0.0361,0.657,0.856,0.0756,0.0327,128.98,4
TRAGOUM128F4286CDE,Paradigm Shift,Liquid Tension Experiment,https://p.scdn.co/mp3-preview/f3a52a3f90201aff502042aacd9f6984a7564209?cid=774b29d4f13844c495f206cafdad9c86,65IpX5n4xwWeoXQNdtXHos,"instrumental, progressive_rock, progressive_metal",,1998,535360,0.295,0.914,7,-3.411,1,0.0526,0.000326,0.881,0.399,0.654,137.44,4
TRUIVAR12903CB5C4F,Jazz Thieves,Depeche Mode,https://p.scdn.co/mp3-preview/04dcb326b3783170d8081281dab76b93e2edc929?cid=774b29d4f13844c495f206cafdad9c86,1nwnQv0nfEU1QpPMwmIMKz,"electronic, instrumental, new_wave, synthpop",,1997,174680,0.571,0.125,1,-18.371,1,0.0305,0.851,0.915,0.114,0.211,147.895,4
TRONJKE128F4263BB4,Explosive,Bond,https://p.scdn.co/mp3-preview/0c0579bf6562084ae75f622a8e3363622012bce0?cid=774b29d4f13844c495f206cafdad9c86,0anmeZi9dLi00ZI4iBikOK,"instrumental, classical",Pop,2004,190800,0.579,0.91,10,-5.503,0,0.0485,0.000427,0.775,0.0833,0.591,115.054,4
TRKIZWL128EF342C5A,Song For Guy,Elton John,https://p.scdn.co/mp3-preview/c39e90dcd49cf4a304b444c7f944cd951de82926?cid=774b29d4f13844c495f206cafdad9c86,0Hx6qxaT5933WDaTPheHzf,"pop, instrumental, classical, piano, 70s",,2005,270880,0.548,0.273,5,-11.189,1,0.0367,0.925,0.667,0.133,0.0745,117.759,4
TRDRZYY128E0792779,Adrift and at Peace,Nine Inch Nails,https://p.scdn.co/mp3-preview/a32693479c48b52ec9c95e9dafd527f30e698147?cid=774b29d4f13844c495f206cafdad9c86,1A07HFFLJ80WGz9PQzSIDy,"instrumental, industrial, piano",,2002,172613,0.745,0.0531,9,-22.428,0,0.0504,0.986,0.918,0.113,0.108,89.089,3
TRTLTDW128F930AAB3,The Voiceless,And So I Watch You From Afar,https://p.scdn.co/mp3-preview/80f9871500ed7de0b410309d30ab1d78f87d2d00?cid=774b29d4f13844c495f206cafdad9c86,0uzA8MMD6e3t8KXUDv7UkN,"instrumental, post_rock",Rock,2011,387800,0.252,0.679,0,-7.472,1,0.032,0.000648,0.232,0.228,0.138,120.96,4
TRCVCUS128F42838DD,Sitting,M83,https://p.scdn.co/mp3-preview/1bdbeb0042534efcbabd71e25f411188af1d634b?cid=774b29d4f13844c495f206cafdad9c86,0OSX9FoWcZpuAbxoyFo8Xl,"electronic, instrumental, psychedelic, electro, french",,2001,184386,0.342,0.836,1,-1.452,1,0.0405,0.000705,0.837,0.849,0.0469,119.902,4
TRKXHBZ128F146BD70,Bootstrap's Bootstraps,Klaus Badelt,https://p.scdn.co/mp3-preview/da9a23358869915ea05d96e0722cbe7d99f8528c?cid=774b29d4f13844c495f206cafdad9c86,2Q6y8TsTCFABzb4soodYJU,"instrumental, classical, soundtrack",,2014,158737,0.192,0.61,7,-8.003,0,0.0487,0.0103,0.132,0.143,0.289,67.95,4
TRZYAGJ128F9332CEF,Favorite Girl,Justin Bieber,https://p.scdn.co/mp3-preview/cc0d30125c0353ba80a7b50bc50234463bd318c2?cid=774b29d4f13844c495f206cafdad9c86,0folrNgu6cuBgXB08aVAG7,"pop, black_metal",Pop,2009,256800,0.581,0.681,7,-4.469,1,0.0435,0.0472,0.0,0.104,0.634,176.034,4
TRZEDRT12903CD2DCC,Runaway Love,Justin Bieber,https://p.scdn.co/mp3-preview/a4bd417446c20312e872cf1243050f9a3c1944b9?cid=774b29d4f13844c495f206cafdad9c86,0bEd4eh9mPSgI4AdjuizJW,"pop, black_metal, death_metal, heavy_metal, industrial, thrash_metal, metalcore, melodic_death_metal, power_metal, post_hardcore, doom_metal, gothic_metal, grunge, symphonic_metal, grindcore, nu_metal, pop_rock",Pop,2010,212573,0.743,0.633,10,-6.111,0,0.0319,0.0816,0.0,0.0966,0.906,104.006,4
TRYEGSH12903CD2DCE,Overboard,Justin Bieber,https://p.scdn.co/mp3-preview/79a899f597b18c3fb2d38e78daa14fcb1e81d5ea?cid=774b29d4f13844c495f206cafdad9c86,0cfsbkanGUO3yzXCxA0iuF,"pop, black_metal, death_metal, industrial, thrash_metal, metalcore, melodic_death_metal, power_metal, post_hardcore, doom_metal, gothic_metal, grunge, symphonic_metal, grindcore, nu_metal",,2010,251186,0.48,0.79,5,-5.214,1,0.0501,0.203,0.0,0.118,0.468,173.907,4
TRBCMKM128E078B7DD,Possessed,Satyricon,https://p.scdn.co/mp3-preview/cd863caa2260634ddc6b699b6cb266f47537a278?cid=774b29d4f13844c495f206cafdad9c86,1X02gO2KFm67K01JvuIML5,black_metal,,2002,320093,0.21,0.992,5,-6.762,0,0.122,2.57e-06,0.382,0.335,0.271,154.244,4
TRNJZCA128F930D7B5,Devil's Path,Dimmu Borgir,https://p.scdn.co/mp3-preview/461e608b90fa36cb495d6e6b159c5b9eca95d4c1?cid=774b29d4f13844c495f206cafdad9c86,2mkDruhqMcoYE8NPy9sKw2,black_metal,,2009,367200,0.0966,0.918,7,-3.327,1,0.0602,5.13e-06,0.875,0.0598,0.275,173.299,4
TRTKLFX12903CD2DC2,First Dance,Justin Bieber,https://p.scdn.co/mp3-preview/c9c6411c98288c07ad44b28f1b9484d651670e0e?cid=774b29d4f13844c495f206cafdad9c86,0OQuXXwwYt2jjSLpOqDVpk,"black_metal, industrial, thrash_metal, melodic_death_metal, power_metal, doom_metal, gothic_metal, grunge, symphonic_metal, grindcore, nu_metal",,2010,222333,0.646,0.52,11,-7.289,1,0.0412,0.0137,0.0,0.275,0.328,68.517,4
TRUMKEQ128F4246A7E,Adrenalin,Die Apokalyptischen Reiter,https://p.scdn.co/mp3-preview/4b2bdb635a0c8d78237f9eec483e0d615fc11b1d?cid=774b29d4f13844c495f206cafdad9c86,02EirElvsRszi9x5gqAyfR,"metal, black_metal, death_metal, progressive_metal, melodic_death_metal",,2011,219586,0.609,0.961,0,-2.74,1,0.0735,0.000551,0.0226,0.0397,0.639,108.517,4
TREQOIZ128F42BCE96,I'm Gonna Find Another You,John Mayer,https://p.scdn.co/mp3-preview/528140df71357604dec857e09c7ae19951c0705a?cid=774b29d4f13844c495f206cafdad9c86,01c9LDc7k19V3WK2BWfZqS,"singer_songwriter, blues, acoustic, male_vocalists, love, guitar, mellow, blues_rock",,2007,161560,0.451,0.342,9,-9.972,1,0.0306,0.829,0.00511,0.075,0.271,150.252,3
TRMSZXT128F92F7816,Love Song For No One,John Mayer,https://p.scdn.co/mp3-preview/5819e2adac5fbaae0436f814db572cdaaa9fde9e?cid=774b29d4f13844c495f206cafdad9c86,2L4no3iw54gGX1ZwCNfYSL,"rock, pop, singer_songwriter, acoustic, male_vocalists, love, guitar, mellow, pop_rock, chill",Rock,2001,201560,0.528,0.755,2,-4.671,1,0.0311,0.0352,0.0,0.345,0.432,144.024,4
TRAEUIW12903D018F0,You And Your Heart,Jack Johnson,https://p.scdn.co/mp3-preview/d538456c416213fe42546a667a8a7e9bdf38f31a?cid=774b29d4f13844c495f206cafdad9c86,0ztrXQTOGEltWSaR4l3rNg,"rock, pop, singer_songwriter, acoustic, love, beautiful, guitar, chill",Rock,2010,196240,0.794,0.552,2,-6.628,1,0.0319,0.41,0.000654,0.0652,0.825,107.08,4
TRCEKZA128F4241811,Holiday From Real,Jack's Mannequin,https://p.scdn.co/mp3-preview/207309dc5cf8fe9d2f2e15814adb553b17b9f5c3?cid=774b29d4f13844c495f206cafdad9c86,2XKu3NwMWvfC5vpXL3I6Q2,"rock, alternative, singer_songwriter, piano, emo, mellow, pop_rock",Rock,2005,178666,0.517,0.905,0,-3.784,1,0.0385,0.0161,0.0,0.387,0.402,104.865,4
TRJZRTR128F9314B42,Perfectly Lonely,John Mayer,https://p.scdn.co/mp3-preview/f7581ce3ea87a288dc92f625c818bc7d1eeb4c0b?cid=774b29d4f13844c495f206cafdad9c86,1zfOYBCAsP1I70cyzH79QY,"rock, indie, pop, singer_songwriter, blues, american, male_vocalists, love, 00s, mellow, pop_rock, blues_rock",,2012,268093,0.678,0.53,0,-8.515,1,0.024,0.00987,0.000274,0.0437,0.678,91.779,4
TRZSNFG128F930ADD4,Superman (It's Not Easy),Five for Fighting,https://p.scdn.co/mp3-preview/88216b6070ca174d68332d3fbe41291034e815e9?cid=774b29d4f13844c495f206cafdad9c86,0dk90HgW9WPrArNabLOqjH,"rock, alternative, pop, singer_songwriter, chillout, soundtrack, piano, male_vocalists, love, 00s, mellow, pop_rock",,2000,220773,0.529,0.471,0,-7.586,1,0.0267,0.0589,0.0,0.0567,0.17,107.464,4
TRJKLII128F4252E0F,Same Girl,Jack Johnson,https://p.scdn.co/mp3-preview/467befa4f13b1b1ae53d0a5f16ee4ed45056adf1?cid=774b29d4f13844c495f206cafdad9c86,1noS5gQpfbo2IFW9G433qc,"singer_songwriter, chillout, acoustic, guitar, mellow, chill",Pop,2007,130613,0.562,0.111,7,-17.426,1,0.0375,0.913,0.0129,0.115,0.348,123.294,4
TRWXGMQ128F92E8B59,Closer To Love,Mat Kearney,https://p.scdn.co/mp3-preview/3c57b31204a7d8619148916ad6499e558a673f8a?cid=774b29d4f13844c495f206cafdad9c86,09b5vch8cDyMN8vYA2lEwk,"indie, singer_songwriter, acoustic, american, male_vocalists, love, mellow",,2009,217560,0.641,0.601,0,-8.51,1,0.0337,0.508,9.33e-06,0.121,0.553,104.984,4
TRGYEZE128F92F52B2,Great Indoors,John Mayer,https://p.scdn.co/mp3-preview/81caabefec60244cf13a96f89110957cd4134268?cid=774b29d4f13844c495f206cafdad9c86,0zLlmRMIX9ULrx6okrtmoA,"rock, pop, singer_songwriter, acoustic, male_vocalists, love, beautiful, guitar, mellow, pop_rock, chill",Rock,2001,216360,0.591,0.617,0,-7.495,1,0.0259,0.0157,4.35e-05,0.146,0.48,109.956,4
TRDKEWM128F145267A,Advertising Space,Robbie Williams,https://p.scdn.co/mp3-preview/62d0f542d401c046ca9e07a034e630865f85a754?cid=774b29d4f13844c495f206cafdad9c86,1KTSXePAj8tqk8Pd5xYn0n,"pop, singer_songwriter, british, soul, male_vocalists, beautiful, 00s, britpop",Pop,2006,276122,0.537,0.603,0,-7.028,1,0.0263,0.105,0.0,0.0973,0.12,112.13,4
TRITBXF128F9339A78,Pencil Full of Lead,Paolo Nutini,https://p.scdn.co/mp3-preview/1ef25a4039321bdc4cdc5e86768173d7ac677b91?cid=774b29d4f13844c495f206cafdad9c86,0BYC9Oqtk9LvAYJJOWI2sb,"pop, singer_songwriter, dance, male_vocalists",,2009,146733,0.735,0.767,7,-6.536,1,0.116,0.324,0.0,0.146,0.833,106.132,4
TRBZZOG128F9314B47,Do You Know Me,John Mayer,https://p.scdn.co/mp3-preview/96605db4fb997423ca218c8c15a9336a7efa534a?cid=774b29d4f13844c495f206cafdad9c86,1yVd01i9uYMcTpcquC6n0L,"indie, singer_songwriter, blues, acoustic, american, male_vocalists, beautiful, 00s, mellow, pop_rock, chill",,2012,150320,0.538,0.317,4,-15.237,0,0.0299,0.887,0.424,0.112,0.272,79.929,4
TRXVRIZ128F42843CE,God,Tori Amos,https://p.scdn.co/mp3-preview/5785268a3c9f84874ddafd7daf3c4100641210d8?cid=774b29d4f13844c495f206cafdad9c86,1ogJw5GkGgLaDdAmQOeOGh,"alternative, female_vocalists, singer_songwriter, 90s, piano",,1994,234293,0.678,0.713,8,-10.031,1,0.0352,0.399,6.75e-06,0.249,0.941,151.609,4
TRMGGGR128F42889D4,We're Going To Be Friends,Jack Johnson,https://p.scdn.co/mp3-preview/e23aa179d2c1560267af3701aa39c7c1fd7c1f07?cid=774b29d4f13844c495f206cafdad9c86,1Q8jaRiMuU3gaWyQP8fBfX,"singer_songwriter, chillout, soundtrack, acoustic, 00s, cover, mellow, chill",Pop,2006,137546,0.674,0.314,2,-12.319,1,0.0363,0.832,0.0,0.163,0.743,105.289,4
TRUJKVB128F932EBF2,What I Wouldn't Do,A Fine Frenzy,https://p.scdn.co/mp3-preview/89e93538fc0b6e2e9d1b9b08cb38471b724e255a?cid=774b29d4f13844c495f206cafdad9c86,0nbu39QHbXizPAP0TIVgQ9,"indie, female_vocalists, singer_songwriter, piano, indie_pop, love",Pop,2013,176485,0.613,0.77,2,-5.696,1,0.0411,0.305,0.000191,0.0847,0.427,115.154,4
TRQSHBF128F931FEB3,Comes and Goes (In Waves),Greg Laswell,https://p.scdn.co/mp3-preview/055ed42926036186a20422cc91102c6c1dcb542b?cid=774b29d4f13844c495f206cafdad9c86,2KhS0LVOw9ralhfbcIi7vL,"alternative, indie, singer_songwriter, soundtrack, acoustic, male_vocalists, beautiful",Rock,2008,253546,0.565,0.698,0,-8.596,1,0.0295,0.54,0.0183,0.124,0.155,120.013,4
TRMSIXA128F14563A8,Consequence of Sounds,Regina Spektor,https://p.scdn.co/mp3-preview/27a396ecd699474a57b20ab280c644c23f324425?cid=774b29d4f13844c495f206cafdad9c86,27OA8cGLFrE54OXkWVU04C,"indie, female_vocalists, singer_songwriter, piano, indie_pop, beautiful",,2004,307733,0.74,0.179,8,-11.209,1,0.491,0.632,0.0,0.0918,0.321,80.851,4
TREQNFM128F93165A8,Live Like We're Dying,Kris Allen,https://p.scdn.co/mp3-preview/4981eaa45e5118931ec9de4ecf587bec50093dc2?cid=774b29d4f13844c495f206cafdad9c86,15VO1CoRHlpOgIOwzSu6gW,"rock, pop, singer_songwriter, male_vocalists, pop_rock",Pop,2003,212293,0.572,0.888,0,-2.98,1,0.0424,0.0242,0.0,0.32,0.954,92.045,4
TRMAEHV128F427ECE6,Everyone Gets A Star,"Albert Hammond, Jr.",https://p.scdn.co/mp3-preview/1f7c3e2746f71feda4e418a2d7869ae5533cfdf9?cid=774b29d4f13844c495f206cafdad9c86,0Xq1hy5HRULj4fc7nO1izG,"alternative, indie, indie_rock, singer_songwriter, male_vocalists",Rock,2006,187306,0.587,0.808,2,-6.235,1,0.0252,0.000447,0.322,0.226,0.865,98.004,4
TRJJQNH128F92CEB62,The Heart Of The Matter,Don Henley,https://p.scdn.co/mp3-preview/6564307bda4b56336c056cf883baaf0a0abe170e?cid=774b29d4f13844c495f206cafdad9c86,00srxlFeHCG6pYe0jN0wWw,"rock, classic_rock, singer_songwriter, 80s, male_vocalists, mellow",RnB,1995,321466,0.581,0.551,2,-10.558,1,0.0246,0.23,0.0,0.296,0.371,88.252,4
TRJBNKQ128F930E0DE,Le Freak,Chic,https://p.scdn.co/mp3-preview/c6e4f06476f81f505626b5cea5266f8bc8357633?cid=774b29d4f13844c495f206cafdad9c86,00Mh3oGGtReVouhqNuLQJM,"dance, soul, funk, 70s",,2013,206120,0.845,0.847,7,-8.166,1,0.0688,0.00271,0.00629,0.207,0.844,120.51,4
TRTWCUM128F92DF90A,Scatman (Ski-Ba-Bop-Ba-Dop-Bop),Scatman John,https://p.scdn.co/mp3-preview/0d99160a29e74e74335f3bf7909260c0f2a5ca98?cid=774b29d4f13844c495f206cafdad9c86,04SVBlRLCnZFCkppX0B6Mp,"electronic, dance, 90s",,2011,203986,0.628,0.845,5,-8.909,0,0.0341,0.0184,0.00047,0.269,0.71,135.962,4
TRSSZGF128F42910AF,I've Been Thinking About You,Londonbeat,https://p.scdn.co/mp3-preview/ec849e9fba6397087497ac77bff4d7f318917b1e?cid=774b29d4f13844c495f206cafdad9c86,0CYMBFaO74ntUyzsnaPyMQ,"pop, dance, 80s, 90s",,2011,228693,0.668,0.828,11,-7.074,0,0.0334,0.00272,0.000303,0.0615,0.83,113.539,4
TRTYYTO12903CA4A34,Doctor Jones,Aqua,https://p.scdn.co/mp3-preview/7c0a5270961f433b6e1a8c96ae7be8399d2d84f4?cid=774b29d4f13844c495f206cafdad9c86,0dN3AP5JMkfGJLyYlfPShW,"pop, dance, 90s",Pop,2009,201933,0.672,0.953,0,-4.18,0,0.0673,0.0688,2.83e-05,0.0461,0.5,139.944,4
TRSSQIX128F4226B55,My Friend Dario,Vitalic,https://p.scdn.co/mp3-preview/003eaec6c4a1870cd806dd4a57680be73eda9de7?cid=774b29d4f13844c495f206cafdad9c86,1cOCuk6LQyrELA3hfHoams,"electronic, dance, house, techno, electro, french",Electronic,2005,218853,0.609,0.963,4,-5.108,1,0.0526,0.000772,0.743,0.829,0.905,133.272,4
TRSZBPP128F42507C0,I Got This Down,Simian Mobile Disco,https://p.scdn.co/mp3-preview/0a65b94fe0c24a68feed5f09669a696faf1b1c7e?cid=774b29d4f13844c495f206cafdad9c86,2oUnYiDQgwfWYaq6HPv1Pi,"electronic, dance, house, electro",Electronic,2007,249000,0.712,0.814,11,-4.056,0,0.0822,0.0181,0.82,0.203,0.556,125.231,4
TRCJPGW128F92DDDA2,Hotdog,Simian Mobile Disco,https://p.scdn.co/mp3-preview/c3743021f7401981b350a85c68beecc6fc6f9cc6?cid=774b29d4f13844c495f206cafdad9c86,0x0roClAYnKocQ1BTzgFht,"electronic, dance, electro",Electronic,2007,196200,0.688,0.87,1,-5.193,1,0.0405,0.000254,0.235,0.0355,0.927,121.521,4
TRIMKPV128F92F3FB4,Free Your Mind,En Vogue,https://p.scdn.co/mp3-preview/5c70dc1c17c9b94e2db974dd6d30138fad0452e0?cid=774b29d4f13844c495f206cafdad9c86,0E32ssQUysRfsgzX0tvOIk,"pop, female_vocalists, dance, soul, 90s, funk, rnb",,2002,228306,0.683,0.919,2,-2.666,0,0.0342,0.0085,0.0,0.109,0.6,101.97,4
TRJSQQT128F149F9B4,Street Justice,MSTRKRFT,https://p.scdn.co/mp3-preview/2bcf6204e56bbda5b0301e95d8b209a407c174c7?cid=774b29d4f13844c495f206cafdad9c86,0lJRL3H6xJr2P19QZjPJGM,"electronic, dance, techno, electro",,2006,412440,0.691,0.923,10,-5.204,1,0.0549,0.00654,0.0309,0.257,0.783,125.981,4
TREYOMU128F149F9B1,She's Good For Business,MSTRKRFT,https://p.scdn.co/mp3-preview/2ac119415b4a2ae64aa7e51182b3d645872a175a?cid=774b29d4f13844c495f206cafdad9c86,0U4vy28nyJwVqRgY0ntLud,"electronic, dance, electro",,2006,304000,0.91,0.936,1,-4.225,0,0.111,0.0476,0.000532,0.282,0.943,129.994,4
TRITVUB128F42B81FF,Girls Just Wanna Have Fun,Miley Cyrus,https://p.scdn.co/mp3-preview/a0d54c3d72c65fd998eced58b33d500715ab2f45?cid=774b29d4f13844c495f206cafdad9c86,0UtY0CNrsMq1ExfTdLoZ3x,"pop, dance, cover, pop_rock",Pop,2008,186426,0.516,0.983,11,-4.217,0,0.219,0.00488,1.54e-06,0.496,0.375,150.008,4
TRMGPXD128F9314FCC,Live To Tell The Tale,Passion Pit,https://p.scdn.co/mp3-preview/d72d5fa6bdf56087a5a6927a90adebb9f260c16f?cid=774b29d4f13844c495f206cafdad9c86,1954NHvBrkTtF3JSvjAPRE,"electronic, indie, dance, love, synthpop",Rock,2008,315715,0.659,0.882,2,-7.072,1,0.0799,0.268,0.363,0.153,0.513,136.003,4
TRQOJUO12903CA280A,Why Don't We Just Dance,Josh Turner,https://p.scdn.co/mp3-preview/0ed0e3c323e47701f6aa90538da357c3e083539f?cid=774b29d4f13844c495f206cafdad9c86,0mVoYwcLwkyu1H9ZavqiIk,"dance, country",Country,2012,193213,0.663,0.799,5,-5.1,1,0.0423,0.365,0.000491,0.107,0.602,121.836,4
TRSLSAA128F930C4E6,Gangster Tripping,Fatboy Slim,https://p.scdn.co/mp3-preview/8d93117339f91c5d47cdcddd37f6266e98ec4894?cid=774b29d4f13844c495f206cafdad9c86,0BRRlIwoMKjYdMy1KVK2RQ,"electronic, dance",Electronic,2014,320400,0.716,0.905,1,-6.796,1,0.0726,0.0442,0.00077,0.185,0.744,101.764,4
TRIDQJA12903CE29CC,Moar Ghosts 'n' Stuff,deadmau5,https://p.scdn.co/mp3-preview/d3c59ff15fef11d8548faf90e1284f05cee9b722?cid=774b29d4f13844c495f206cafdad9c86,0H7epBAr4BMdBl5NGnUuRr,"electronic, dance, trance, house, electro",,2009,299066,0.899,0.72,5,-5.244,0,0.144,0.000108,0.625,0.155,0.342,128.005,4
TRXRFBY128F93234B5,Hoedown Throwdown,Miley Cyrus,https://p.scdn.co/mp3-preview/09a6a3b11b6f628d2043570a5e401a6b7dbdfe5c?cid=774b29d4f13844c495f206cafdad9c86,0nptztrnlLzRGjpnciHu8p,"pop, dance, soundtrack, country, 00s",,2009,182026,0.74,0.801,10,-6.022,0,0.0617,0.208,0.0,0.14,0.785,109.021,4
TRYVEAL128F92F8A00,We Have Love,Hot Chip,https://p.scdn.co/mp3-preview/ef44eb407d37bcb86843c97364b433a4793fe235?cid=774b29d4f13844c495f206cafdad9c86,0kSrrhyqbAzTLJkUh1Nzzu,"electronic, dance",Electronic,2010,264946,0.731,0.734,4,-5.117,0,0.0696,0.0101,0.000173,0.121,0.905,130.1,4
TRXXCIZ128F42574DD,Doesn't Really Matter,Janet Jackson,https://p.scdn.co/mp3-preview/ae4764eac39154d4fc03e328bbe6002a6fbef2ab?cid=774b29d4f13844c495f206cafdad9c86,0NwoZGQ13M8E6bvDT0f5vv,"pop, female_vocalists, dance, soul, soundtrack, rnb, 00s",,2009,296333,0.721,0.89,5,-3.535,0,0.0477,0.186,0.00813,0.123,0.489,99.41,4
TRMIJQB128F92F5DE4,Fastlove,George Michael,https://p.scdn.co/mp3-preview/6cd1d2fcae7a5f915c6bc501db2aca4792ce57fd?cid=774b29d4f13844c495f206cafdad9c86,1fb77pEoModYhGd4UHBIBU,"pop, dance, 90s, funk",Pop,2012,322586,0.697,0.789,10,-4.403,0,0.0575,0.0338,6.22e-05,0.342,0.467,104.46,4
TRDSOTL128F92F29A3,What Have You Done for Me Lately,Janet Jackson,https://p.scdn.co/mp3-preview/f205a09dbae9a1c5a8b924abea4ae82f8ddc8178?cid=774b29d4f13844c495f206cafdad9c86,03NnfEGyLqeik4XwNzxB1K,"pop, dance, 80s, rnb",,2009,283133,0.816,0.693,11,-4.033,1,0.057,0.00444,0.00885,0.261,0.787,114.469,4
TRWEHJP12903CFA050,Discotraxx,Ladytron,https://p.scdn.co/mp3-preview/d17fde4358085a30be848222bed60768a75f8e72?cid=774b29d4f13844c495f206cafdad9c86,0f7gNFNSVYlo8AEoIfLDFr,"electronic, dance, electro, 00s, synthpop",Electronic,2011,230640,0.534,0.896,6,-6.689,0,0.0743,0.000714,0.881,0.103,0.599,119.592,4
TRVJXHW128F933E2E2,Warp 1.9 (feat. Steve Aoki),The Bloody Beetroots,https://p.scdn.co/mp3-preview/d0cc957765ac5313b7354f5ad438425f9b08f61a?cid=774b29d4f13844c495f206cafdad9c86,1chScCiuiQlRqecWT0DtAn,"electronic, dance, house, electro",Electronic,2009,203730,0.654,0.6,1,-6.174,1,0.264,0.0011,0.882,0.0403,0.406,130.166,4
TRUWRRQ128F149273F,Banquet (Phones Disco Edit),Bloc Party,https://p.scdn.co/mp3-preview/85d68e9517c379aaf7c14d2dad0c87f620ff9026?cid=774b29d4f13844c495f206cafdad9c86,3ZQK3zrHOHFZtgvIL6W2eW,"electronic, indie, indie_rock, dance, post_punk, electro, britpop",Rock,2005,324666,0.635,0.877,10,-8.546,0,0.0444,0.000784,0.104,0.459,0.921,149.959,4
TRNMQOD128E0784828,Woman In Chains,Tears for Fears,https://p.scdn.co/mp3-preview/089595f1f58ab10c276f79c4e318f1be1b67d1fa?cid=774b29d4f13844c495f206cafdad9c86,07kXW7gYfegGfNB2wl0OAt,"pop, 80s, new_wave, beautiful",Rock,2000,389040,0.463,0.64,5,-8.376,1,0.0306,0.0101,0.00228,0.0632,0.413,80.014,4
TRJFRYG128F147CD2E,The Caterpillar,The Cure,https://p.scdn.co/mp3-preview/f951c0e5d431d2e80d487d234a4d106aa2dfff45?cid=774b29d4f13844c495f206cafdad9c86,17J922Dp1oLqEil02s6QHW,"alternative, 80s, british, new_wave, post_punk, gothic",Rock,2019,249240,0.301,0.904,2,-5.776,1,0.0942,0.000179,0.464,0.222,0.463,125.092,4
TRYIGGC128E078EEDC,Charlotte Sometimes,The Cure,https://p.scdn.co/mp3-preview/d31a71133bd41fd2ecaa76c6cf488b7de9f32905?cid=774b29d4f13844c495f206cafdad9c86,0Z6L7VN8XQB41XGlfYcAzF,"alternative, 80s, new_wave, post_punk, gothic",Rock,1984,246333,0.502,0.788,9,-13.918,0,0.0752,0.128,0.00108,0.941,0.506,130.683,4
TROLJKM128E07911F2,Hopelessly Devoted To You,Olivia Newton-John,https://p.scdn.co/mp3-preview/d9acb592d73d71bdb7e8acdfef94bdf57ba172c6?cid=774b29d4f13844c495f206cafdad9c86,4ffryesggmTUgxvsD90msA,"female_vocalists, 80s, soundtrack, 70s, oldies, love",Pop,1992,187466,0.602,0.334,9,-12.449,1,0.0289,0.192,0.00136,0.224,0.424,110.276,3
TRYATJD128F92FDB02,Hazy Shade Of Winter,The Bangles,https://p.scdn.co/mp3-preview/36607e8d232c67d4488c3297ac340b5f44201316?cid=774b29d4f13844c495f206cafdad9c86,0AJTCza5wu1jZ6aWNoZXRT,"pop, 80s, new_wave, cover",,1984,203866,0.718,0.882,11,-8.083,1,0.0856,0.00343,8.55e-05,0.318,0.763,102.99,4
TRXFBNU12903CCBE8A,When a Man Loves a Woman,Michael Bolton,https://p.scdn.co/mp3-preview/aada5eca5f952667d9b175886defdde2c39b5403?cid=774b29d4f13844c495f206cafdad9c86,0iHne0O44RNi3fo1IVzz1J,"pop, 80s, 90s, love",,1995,233106,0.441,0.43,1,-8.142,1,0.0284,0.176,2.36e-06,0.22,0.248,165.037,3
TRZXQVN128E0782857,Rent,Pet Shop Boys,https://p.scdn.co/mp3-preview/c3dac13f649d69f4a18c339955b30c2e9889a4ed?cid=774b29d4f13844c495f206cafdad9c86,2VRS1mpTlNMJJJJQ9QBJJu,"pop, 80s, new_wave, synthpop",,1987,309133,0.709,0.513,9,-15.231,0,0.0307,0.194,0.385,0.118,0.763,135.168,4
TRLMQBL128F1485DD9,Pass the Dutchie,Musical Youth,https://p.scdn.co/mp3-preview/795743a138dd332966ccdce9aeda75b1b036790c?cid=774b29d4f13844c495f206cafdad9c86,00XvIRuWRQr26AYliBYGpV,"80s, reggae",,2013,204133,0.772,0.529,7,-11.574,1,0.0613,0.397,0.0,0.284,0.965,150.39,4
TRILIVL128F1469326,Jealous Guy,Roxy Music,https://p.scdn.co/mp3-preview/a293e2d730c4c086368b31a610cca0e9df14c416?cid=774b29d4f13844c495f206cafdad9c86,0Lk1KqTeQO47HccsOb8RcA,"rock, 80s, new_wave, cover",,2016,283146,0.534,0.423,4,-13.559,0,0.0265,0.0399,1.74e-05,0.235,0.443,77.466,4
TRTWYXC128F145C038,Stuck With You,Huey Lewis & The News,https://p.scdn.co/mp3-preview/ed319dd618325488b8051dc09af20897b5fb16cc?cid=774b29d4f13844c495f206cafdad9c86,1HI54fWf7ymLSFhNTbNKah,"pop, 80s",,2012,266680,0.67,0.808,7,-4.593,1,0.0255,0.0159,4.19e-06,0.0446,0.643,121.073,4
TRIMYUE128F92EBF0B,Jeane,The Smiths,https://p.scdn.co/mp3-preview/bbc5b16c6dfc3a8ce12acd87b9172f173f71cef3?cid=774b29d4f13844c495f206cafdad9c86,003qIgHfaNfXquGgyF9FOn,"80s, british, new_wave, post_punk, indie_pop, britpop",Rock,1988,193973,0.623,0.567,1,-3.516,1,0.0306,0.478,4.79e-06,0.0717,0.355,141.893,4
TRODNCQ128EF342E37,Sad Songs (Say So Much),Elton John,https://p.scdn.co/mp3-preview/a05d7f2809ce45307390a7d96ab37f28e9410db9?cid=774b29d4f13844c495f206cafdad9c86,06LSqUZORWqLbH5gM7p0O0,"pop, 80s, oldies",Pop,2011,249240,0.747,0.86,0,-7.942,1,0.026,0.0794,0.000481,0.348,0.937,107.25,4
TRAUJHY128F425B3C0,Islands In The Stream,Kenny Rogers & Dolly Parton,https://p.scdn.co/mp3-preview/cf242e30dc2ef6830e2d592aec4265f0dcd6a90a?cid=774b29d4f13844c495f206cafdad9c86,2msTeEHGD1X69aa0inKxU4,"80s, country",Country,2010,249493,0.525,0.663,8,-4.512,1,0.0327,0.628,0.0,0.0723,0.686,204.016,4
TRXNONC128F425C2DC,Every Little Step,Bobby Brown,https://p.scdn.co/mp3-preview/b3b294f779b611e6f5d46abd651b13d651989f6b?cid=774b29d4f13844c495f206cafdad9c86,00eI06kpiV7qy6GYF3UMan,"80s, soul, rnb, male_vocalists",,2011,234786,0.783,0.724,1,-8.943,1,0.0414,0.00797,0.0,0.0409,0.903,100.232,4
TRAAZVF128F145BFED,I Want a New Drug,Huey Lewis & The News,https://p.scdn.co/mp3-preview/7d790eabd730c13376f500afbaba848fd8b3949d?cid=774b29d4f13844c495f206cafdad9c86,0epitox4b3cMzmYpJSBos8,"pop, 80s, pop_rock",Rock,1983,286373,0.663,0.691,2,-12.691,1,0.054,0.0905,0.000342,0.329,0.702,110.293,4
TRRLQFB128E0792F78,Lie To Me,Depeche Mode,https://p.scdn.co/mp3-preview/8f0c69af8e055eff91fad56e753f6c41bcb8907a?cid=774b29d4f13844c495f206cafdad9c86,0gjMCW4G9CEjB9hlo4vxIp,"electronic, 80s, new_wave, synthpop",Blues,1984,304133,0.65,0.476,11,-16.418,0,0.0373,0.000556,0.0222,0.0843,0.936,112.294,4
TRXNUDI128F4243743,The King of Wishful Thinking,Go West,https://p.scdn.co/mp3-preview/3ac7e24803b06f7c2e372e2bf71cf8454ed95faa?cid=774b29d4f13844c495f206cafdad9c86,03dyZPKYJQNnGvJ1ERucC2,"pop, 80s, soundtrack, new_wave",,2014,251053,0.558,0.655,0,-13.933,1,0.0821,0.204,0.0,0.98,0.6,108.109,4
TRUAYBF128E0780DA8,Bigger Stronger,Coldplay,https://p.scdn.co/mp3-preview/54eecea0c4702b12a986c6c185869feec8774b39?cid=774b29d4f13844c495f206cafdad9c86,5DJtltTQQvcFhP65SFqKxq,"rock, alternative, alternative_rock, progressive_rock, britpop",Rock,1999,289133,0.271,0.698,7,-5.933,1,0.039,0.00181,0.637,0.0738,0.231,75.74,4
TRPHUBJ128F42B9959,Kid Charlemagne,Steely Dan,https://p.scdn.co/mp3-preview/f9bf942092fa21bfb46e6fa03cf2fe37d8dec948?cid=774b29d4f13844c495f206cafdad9c86,00Izb7CLw46eULmD6j5ews,"rock, classic_rock, progressive_rock, 70s",,1985,279306,0.537,0.665,0,-10.674,1,0.058,0.246,0.00984,0.625,0.772,96.644,4
TRUFRJQ128F4248842,Radioactive Toy,Porcupine Tree,https://p.scdn.co/mp3-preview/ad8dd7ec5b6c84a3fa236aaf9cec53ff0406d4f6?cid=774b29d4f13844c495f206cafdad9c86,10RgFU2PVBNFs5C21Du7lg,"progressive_rock, psychedelic_rock",,2004,810826,0.312,0.27,9,-12.27,0,0.0396,0.362,0.68,0.7,0.0405,127.182,4
TRJXKPM128F14A895E,My Body Is A Cage,Peter Gabriel,https://p.scdn.co/mp3-preview/e47aa2894b72e7a6813f50db1a3c682680bbb7e0?cid=774b29d4f13844c495f206cafdad9c86,0iBMvBVnt4kxYzQmCjAUP5,"classic_rock, progressive_rock, male_vocalists, cover",Rock,2010,372640,0.291,0.107,3,-13.031,1,0.0335,0.845,0.0907,0.105,0.0787,79.823,4
TRGTBMP128F1452975,Joanni,Kate Bush,https://p.scdn.co/mp3-preview/e7dc7b734ee4525f298dda7bcd00d1ffe591194c?cid=774b29d4f13844c495f206cafdad9c86,01RkBTgUaGjlJakEh3P3I4,"alternative, pop, female_vocalists, singer_songwriter, progressive_rock",Pop,2005,296160,0.582,0.586,4,-15.358,1,0.0408,0.207,0.179,0.0888,0.697,155.048,4
TRXQWQZ128F92E2458,Tuesday Afternoon,The Moody Blues,https://p.scdn.co/mp3-preview/6f3f35fe2fb18ef13087b5f5b96cb89b0a6a80c7?cid=774b29d4f13844c495f206cafdad9c86,0EzLZ3kL3RiFlQIeoKtOby,"classic_rock, progressive_rock, psychedelic, 60s",,2011,243933,0.398,0.489,0,-9.456,1,0.0305,0.0786,0.0341,0.145,0.295,114.732,4
TRRSAON128E07861A2,Frances The Mute,The Mars Volta,https://p.scdn.co/mp3-preview/1e858652691bdd18077e6003763435d3782c2a4d?cid=774b29d4f13844c495f206cafdad9c86,0tLiRAPqyEbMqhs9Sc73Ef,"progressive_rock, psychedelic, noise",Rock,2005,875000,0.357,0.512,0,-7.314,1,0.0681,0.115,0.0374,0.303,0.102,97.583,3
TRUNQHF128F145690A,Beneath the Surface,Dream Theater,https://p.scdn.co/mp3-preview/94db23397cccbe3885e33403451cfae2a33e7e69?cid=774b29d4f13844c495f206cafdad9c86,0hl8ee70gsV10DLVGPF1RC,"progressive_rock, progressive_metal",,2011,326426,0.489,0.369,4,-10.314,1,0.0286,0.541,7.15e-06,0.175,0.378,133.912,4
TRCAQRA128F4286CE4,Chris and Kevin's Excellent Adventure,Liquid Tension Experiment,https://p.scdn.co/mp3-preview/e9976c73d0ffe113df7482a411fc82bbf3d5836c?cid=774b29d4f13844c495f206cafdad9c86,13oJbeFO66TJtz006GU2Tw,"instrumental, progressive_rock, progressive_metal",,1998,141866,0.493,0.879,7,-5.393,1,0.0489,0.00382,0.845,0.0864,0.416,118.076,3
TRLTUON128F428A4A4,Chewbacca,Liquid Tension Experiment,https://p.scdn.co/mp3-preview/e20a747ccb879a625e3b3382a57531dfbe25d39e?cid=774b29d4f13844c495f206cafdad9c86,0yczlTsXtcV2zSVpSveVfn,"instrumental, progressive_rock, progressive_metal",,1999,815533,0.434,0.644,1,-9.447,1,0.0545,0.00504,0.869,0.154,0.356,109.442,4
TRJCTNF12903CF4558,The Day You Died,Arch Enemy,https://p.scdn.co/mp3-preview/60d4c7d7e3c80d339e3d28c558050a5dd1cd3e19?cid=774b29d4f13844c495f206cafdad9c86,2fqCWdXCSft5Jo5p22aF0M,"death_metal, melodic_death_metal, swedish",Metal,2007,253360,0.34,0.838,1,-3.154,1,0.0609,2.14e-05,0.0133,0.0838,0.215,124.075,4
TRBZQYZ128F934B7DC,Martyrdom Unsealed,Job for a Cowboy,https://p.scdn.co/mp3-preview/f1a255b0db60f275870d32d952d40ce8735ac2c5?cid=774b29d4f13844c495f206cafdad9c86,01EuLz6YvpdSEf2DlqgN6d,"death_metal, metalcore, grindcore",Metal,2008,155733,0.529,0.987,6,-3.388,1,0.209,0.0328,0.239,0.35,0.445,144.973,4
TRBMJFN128F426B282,What Can Be Safely Written,Nile,https://p.scdn.co/mp3-preview/5ac7e1a11c2fc2ce3f98d5ebb6849465530fe6c3?cid=774b29d4f13844c495f206cafdad9c86,0fIbxe5oEI0V0GMef9Gm50,death_metal,,2007,495000,0.271,0.919,1,-3.987,1,0.0952,2.54e-05,0.746,0.326,0.126,108.289,4
TRFOIDN128F146B8C6,Moment Of Clarity,Caliban,https://p.scdn.co/mp3-preview/0251a254c739990bd94acd2ba591fd4f068da0e8?cid=774b29d4f13844c495f206cafdad9c86,1TbMHLmuCJ81WEd8CXYBRu,"death_metal, hardcore, thrash_metal, metalcore, german",Rap,2006,159973,0.424,0.98,10,-3.563,0,0.0718,2.76e-06,0.232,0.143,0.621,94.992,4
TRXHLUP128F9320B70,Meet the Monster,Five Finger Death Punch,https://p.scdn.co/mp3-preview/f55a168a5633b6d362109fa86835e1f659f36e3d?cid=774b29d4f13844c495f206cafdad9c86,0BI8EKQ9Xy8uS9m2qGyopq,"metal, heavy_metal, thrash_metal, metalcore, nu_metal",Metal,2007,262853,0.567,0.915,6,-4.946,1,0.115,0.000195,0.0,0.113,0.391,130.035,4
TRAARXB128F92FA0BF,Blackmail The Universe,Megadeth,https://p.scdn.co/mp3-preview/119c1c53dd9d35082d1c32c6b04256e73417a40e?cid=774b29d4f13844c495f206cafdad9c86,2g0QJAucKohLGcZ1XwtgfU,"heavy_metal, thrash_metal",Metal,2004,273093,0.412,0.957,1,-5.465,1,0.0713,2.32e-05,0.126,0.114,0.335,175.729,4
TRWZTKT128F147348E,Revolution Calling,Queensrÿche,https://p.scdn.co/mp3-preview/2dfbf80f2d0baf5fc5fd6625ff9863c4c8ad29b6?cid=774b29d4f13844c495f206cafdad9c86,0Rxm4CVmpnsXTtKGUWFrrH,"heavy_metal, progressive_metal",Metal,1988,279773,0.559,0.936,9,-10.49,0,0.0415,0.0319,0.000315,0.443,0.348,123.95,4
TROMKCG128F9320C09,Uprising,Sabaton,https://p.scdn.co/mp3-preview/747932059a000a214d01808f84cc05b6ebd442ce?cid=774b29d4f13844c495f206cafdad9c86,09tHVoXbJNZUotndn8pfJr,"metal, heavy_metal, power_metal",,2010,295640,0.527,0.866,6,-3.763,0,0.0346,0.00991,5.19e-05,0.129,0.428,87.986,4
TRDBJAJ128F1486EF1,Live To Win,Paul Stanley,https://p.scdn.co/mp3-preview/4d82a05ba7ec3958957f68c312e12efed0937d83?cid=774b29d4f13844c495f206cafdad9c86,0sohcbFmi4BhkQTOBf7vOv,"rock, classic_rock, hard_rock, heavy_metal",Rock,2006,187360,0.541,0.91,5,-3.879,0,0.0639,0.0132,0.0,0.578,0.493,127.096,4
TRJCBVC128F42581E1,Legacy of Kings,HammerFall,https://p.scdn.co/mp3-preview/a73b8c5a6f689be492a2d982d5a57ec0ca06fcb8?cid=774b29d4f13844c495f206cafdad9c86,1EDL7NlFCOmomoilnMlbsX,"heavy_metal, power_metal, swedish",Metal,1998,253413,0.513,0.991,1,-6.454,0,0.0618,1.28e-05,0.0101,0.302,0.341,134.961,4
TRRVEDO128F147B0C9,These Boots,Megadeth,https://p.scdn.co/mp3-preview/cd5d65812e23e0454be18c60136aa8a6ea24fc7b?cid=774b29d4f13844c495f206cafdad9c86,4eQmAiI4RFAC06YtmQu8QN,"heavy_metal, thrash_metal, cover",Country,1985,216013,0.225,0.996,11,-3.181,0,0.312,0.000101,0.00923,0.049,0.071,158.833,4
TRZOXGD128F931F1B6,The Downfall of Us All,A Day to Remember,https://p.scdn.co/mp3-preview/f094559ec555e9cf67cca13261458be4df2ef4a5?cid=774b29d4f13844c495f206cafdad9c86,1h8i0jqiQthR3Obo3aJ3dh,"hardcore, metalcore, post_hardcore, screamo",,2009,209093,0.589,0.881,0,-4.62,1,0.0666,0.000256,0.0,0.327,0.709,129.95,4
TRISISN128F931F1BD,"I'm Made of Wax, Larry, What Are You Made Of?",A Day to Remember,https://p.scdn.co/mp3-preview/cad8674770bd27ac72d1b569edd7e60eb4468de0?cid=774b29d4f13844c495f206cafdad9c86,1fTNpl2mxqHVlLqRNbyDhR,"hardcore, metalcore, post_hardcore",,2009,180840,0.241,0.97,10,-4.246,0,0.104,7.35e-05,0.0,0.904,0.621,159.93,4
TRPRUME12903CFE793,You Had Me at Hello,A Day to Remember,https://p.scdn.co/mp3-preview/76ad3301b865db04867d40adaa7a04d0000556c7?cid=774b29d4f13844c495f206cafdad9c86,0glqaq92TYIFXJFwamOgL3,"hardcore, acoustic, emo, post_hardcore, screamo",,2005,269000,0.411,0.623,2,-9.992,1,0.0285,0.432,0.000156,0.612,0.415,84.953,4
TRLERFN128F148536B,The Webs We Weave,Escape the Fate,https://p.scdn.co/mp3-preview/b86520ffc27a19096c1bb411a65f43ed858dfecf?cid=774b29d4f13844c495f206cafdad9c86,32peSmlts2tyF1dTVGEytu,"hardcore, metalcore, emo, post_hardcore, screamo",Rock,2006,173733,0.488,0.954,5,-3.784,1,0.123,0.00243,0.0,0.235,0.568,105.356,4
TRHICDM128F931F1C2,Mr. Highway's Thinking About the End,A Day to Remember,https://p.scdn.co/mp3-preview/61ef1301d0f380a3f4274f1bf9ce5f1e11525fe3?cid=774b29d4f13844c495f206cafdad9c86,0la4HjFu6Co0pyi65Xwbw7,"hardcore, metalcore, emo, post_hardcore, screamo",,2009,255826,0.304,0.915,10,-6.188,0,0.0974,0.00013,1.58e-05,0.293,0.426,150.103,4
TRTPZCV12903CFE78A,You Should Have Killed Me When You Had the Chance,A Day to Remember,https://p.scdn.co/mp3-preview/f57e5aa783c26a0b68a33c708a62e3c540c3b056?cid=774b29d4f13844c495f206cafdad9c86,0c1Rz6VUk6cnHtp0mpl3zs,"hardcore, metalcore, emo, post_hardcore, screamo",,2008,225800,0.327,0.965,8,-7.71,1,0.09,0.000286,0.0,0.277,0.21,99.465,4
TRVALPW128F9334FB0,NJ Legion Iced Tea,A Day to Remember,https://p.scdn.co/mp3-preview/95a428eb06260c2dfb1c91cd4b283b17cef15815?cid=774b29d4f13844c495f206cafdad9c86,0bK7dbwRyShIrGo4eIKwtL,"hardcore, post_hardcore, screamo",,2009,211133,0.49,0.853,0,-5.024,1,0.103,2.97e-05,0.0,0.393,0.681,148.954,4
TRVRWET128F14794E3,A Boy Brushed Red Living In Black And White,Underoath,https://p.scdn.co/mp3-preview/5348e561faf0fbdb50992f5d82b4e5f692d68df5?cid=774b29d4f13844c495f206cafdad9c86,1n1LzuuTdLSMklAZjLK801,"hardcore, metalcore, post_hardcore, screamo",,2012,268000,0.42,0.921,1,-4.171,0,0.105,0.00202,0.0,0.135,0.431,169.896,4
TRJHLTF128F931F1CB,Holdin' It Down for the Underground,A Day to Remember,https://p.scdn.co/mp3-preview/d14dab13cfc4c343f311695975621ac628d81b42?cid=774b29d4f13844c495f206cafdad9c86,05gfMcZKSBtCg1hpOLZ5Sq,"hardcore, metalcore, post_hardcore, screamo",,2009,203893,0.354,0.948,8,-5.739,1,0.154,0.000413,3.23e-06,0.831,0.441,75.113,4
TRXMBJT12903C95B1C,The Art Of Breaking,Thousand Foot Krutch,https://p.scdn.co/mp3-preview/2ae6b672355378a872dfe6858b5f53df666a01af?cid=774b29d4f13844c495f206cafdad9c86,5peMn87ZeulN2l8RMJJ2oL,"rock, alternative_rock, hardcore",Rock,2009,198972,0.599,0.844,1,-4.453,1,0.0587,0.00153,0.0,0.0752,0.663,107.998,4
TRIYEYI12903CA636B,Second & Sebring,Of Mice & Men,https://p.scdn.co/mp3-preview/fd5cb24e06d99885b25d6daf049586e44cdd7cfc?cid=774b29d4f13844c495f206cafdad9c86,16Tf21DUSxynRvi3yvvyW0,"hardcore, metalcore, post_hardcore, screamo",,2010,229093,0.275,0.962,1,-3.324,0,0.0819,0.00107,0.0,0.385,0.219,133.231,4
TRZDPHQ128F931D738,Louder Than Thunder,The Devil Wears Prada,https://p.scdn.co/mp3-preview/f1768d374df7855e84b42781ede19365de53ca7d?cid=774b29d4f13844c495f206cafdad9c86,1KE8EOJFxFdja4e8qQAymu,"hardcore, metalcore, piano, emo, post_hardcore, screamo",,2009,157493,0.41,0.589,11,-5.045,0,0.0331,0.0374,0.0,0.114,0.141,119.948,3
TRWGUUP128F92E1FDE,10 Miles Wide,Escape the Fate,https://p.scdn.co/mp3-preview/90f8b95bc23f831dc2d02850ea2620f6c44b7d06?cid=774b29d4f13844c495f206cafdad9c86,1M9fmXYAkP1zIh63R7X3Fj,"rock, hardcore, metalcore, emo, post_hardcore, screamo",Rock,2008,165853,0.404,0.95,0,-5.451,0,0.134,0.000377,0.0,0.0939,0.441,157.994,4
TRAKXEJ128F92E1FD6,We Won't Back Down,Escape the Fate,https://p.scdn.co/mp3-preview/f002224d11008cb32245e595ac199801cecd760b?cid=774b29d4f13844c495f206cafdad9c86,1di2xrXL4DSLtoEx9Ptumq,"hardcore, emo, post_hardcore, screamo",,2008,210573,0.304,0.921,8,-5.08,1,0.0881,0.00311,0.0,0.0929,0.338,181.597,4
TRAQKZO128F92E1FDF,Harder Than You Know,Escape the Fate,https://p.scdn.co/mp3-preview/0b87759e38bec4a2b54ba5284357be31981a5b42?cid=774b29d4f13844c495f206cafdad9c86,2Iob5KAeEKyOXmRMNYVX6I,"hardcore, metalcore, emo, post_hardcore, screamo",Rock,2008,259385,0.424,0.537,3,-7.593,1,0.0295,0.269,0.0,0.123,0.0677,107.202,4
TRUFVON128F92D28A5,Things That Rhyme With Orange,I Set My Friends on Fire,https://p.scdn.co/mp3-preview/cba2b8ab6923341edda27d2ddeef3405afded982?cid=774b29d4f13844c495f206cafdad9c86,16FIUpZn8bDbi9WRS8ViJn,"experimental, hardcore, metalcore, post_hardcore, screamo",,2009,204440,0.458,0.939,5,-3.702,1,0.115,0.016,0.0,0.288,0.447,168.158,4
TROSHAQ128F92CFFA6,Knife Called Lust,Hollywood Undead,https://p.scdn.co/mp3-preview/0ae24c009b8544d80f7a2edad1a96f2f23a9f74e?cid=774b29d4f13844c495f206cafdad9c86,0WXKcXqy4F9tVHwRkO06nP,"hardcore, rap, emo, screamo",Rock,2011,179613,0.738,0.929,0,-7.869,1,0.0768,0.0493,0.0,0.169,0.667,129.983,4
TRFLQSD12903CD68D0,This War Is Ours (The Guillotine II),Escape the Fate,https://p.scdn.co/mp3-preview/fa23fbdfdf3b437cc85c5300a5e3a3e2da4cb487?cid=774b29d4f13844c495f206cafdad9c86,13EHiO7jbAati2fkGlCS4a,"hardcore, metalcore, post_hardcore, screamo",,2008,266733,0.399,0.956,4,-5.594,0,0.163,0.00829,0.0,0.0759,0.154,95.498,4
TRVOHEV128F9330EC0,Hail Destroyer,Cancer Bats,https://p.scdn.co/mp3-preview/9a09d6e4ce3145142b755f258e65426c09780e88?cid=774b29d4f13844c495f206cafdad9c86,0fSLV6q9E6cvJaSoHxmlGW,"hardcore, metalcore",,2008,196680,0.453,0.976,2,-4.359,1,0.0842,0.000134,0.736,0.0285,0.297,151.485,4
TRHNBHR128F9350E67,The Big Gundown,The Prodigy,https://p.scdn.co/mp3-preview/85af01944720c62c2ab0f032503570ef8b3ef017?cid=774b29d4f13844c495f206cafdad9c86,1edBcTyZqUmrQ7SriwJzof,"electronic, hardcore, industrial, metalcore, techno, electro",Electronic,2009,260600,0.62,0.968,5,-8.346,1,0.0872,0.00176,0.000861,0.322,0.214,104.005,4
TRWBXRF12903CC38B9,Friends And Traitors,Raised Fist,https://p.scdn.co/mp3-preview/1cf274e42a74981f5d2764b192de397b30ce4dcb?cid=774b29d4f13844c495f206cafdad9c86,0o700FqVYCvzdCYXxfX92m,"hardcore, metalcore",,2009,190960,0.569,0.918,1,-4.983,1,0.0475,7.03e-06,0.781,0.147,0.129,129.999,4
TRSBCEX128F426EF9D,Differences,Ginuwine,https://p.scdn.co/mp3-preview/8416c2531fa2a48001aa979a13b821709b8c164d?cid=774b29d4f13844c495f206cafdad9c86,0O5b1927V6FbLsZRtf7idi,"soul, rnb, love, 00s",RnB,2006,265813,0.622,0.492,3,-8.305,0,0.0665,0.335,0.0,0.222,0.425,63.06,4
TRJQRAP128F9314B3F,All We Ever Do Is Say Goodbye,John Mayer,https://p.scdn.co/mp3-preview/7bfa1f8be8046885f56109141a7b0f734a2e34f8?cid=774b29d4f13844c495f206cafdad9c86,0vmtHOVykDuQoCuFrWQ9M1,"indie, soul, blues, acoustic, american, male_vocalists, beautiful, 00s, pop_rock",,2001,275266,0.559,0.51,5,-8.294,0,0.0247,0.288,5.31e-05,0.242,0.327,129.881,4
TRETYEB128F4283EA6,The World's Greatest,R. Kelly,https://p.scdn.co/mp3-preview/1f3e95a95b985d86c44a1bcc110081a835c48b3f?cid=774b29d4f13844c495f206cafdad9c86,1ovBPGwtbYslhrTUKc9kOr,"soul, rnb, love",RnB,2013,275013,0.641,0.512,11,-9.514,0,0.0346,0.419,0.0,0.045,0.755,96.185,4
TRZJEUW128F93456CB,Don't Let Go (Love),En Vogue,https://p.scdn.co/mp3-preview/be0773bbd19f63da1907b08f38baacec0f25578c?cid=774b29d4f13844c495f206cafdad9c86,06TuMCjDEYjTOJScCRzmjf,"pop, female_vocalists, soul, 90s, rnb, love",RnB,1997,291880,0.618,0.688,5,-5.867,0,0.0477,0.409,6.32e-06,0.3,0.561,78.311,4
TRONYNA128F42660E1,Son's Gonna Rise,Citizen Cope,https://p.scdn.co/mp3-preview/05130b3976d67880ecfbef79f2b373a18afab074?cid=774b29d4f13844c495f206cafdad9c86,0fqWGwSKh2NelSlgZzp3Hi,"alternative, soul, funk, indie_pop, chill",,2006,232693,0.6,0.753,7,-4.66,1,0.0484,0.0863,0.0,0.0551,0.552,79.776,4
TRLYCGO128F145678D,If I Ever Fall In Love,Shai,https://p.scdn.co/mp3-preview/5d8498845a08bdbf5bb7b60313819afa64f5abad?cid=774b29d4f13844c495f206cafdad9c86,0uOPGU4CbYxzFxn6T7sblW,"soul, 90s, rnb",,1992,289693,0.631,0.304,10,-12.239,0,0.0349,0.0949,0.0,0.285,0.183,128.019,4
TRDJUDF128F9345173,"Maybe So, Maybe No",Mayer Hawthorne,https://p.scdn.co/mp3-preview/19ab59639735096bcfd04c4713291512b6d4fa67?cid=774b29d4f13844c495f206cafdad9c86,0uTZC0UYUXdUH5x0gqLtgb,"soul, funk",RnB,2009,179146,0.698,0.581,10,-8.169,0,0.0299,0.828,0.00557,0.121,0.697,101.472,4
TRBGCQP128F92E36CB,I'd Rather Be With You,Bootsy Collins,https://p.scdn.co/mp3-preview/986d4fd4ad15c01875b14f1f5fbf2c0a3fe37759?cid=774b29d4f13844c495f206cafdad9c86,0rDzbrqJfF0zgQKvrnAjRJ,"soul, funk",,1976,298266,0.484,0.656,2,-9.166,1,0.255,0.19,6.98e-06,0.0828,0.775,165.59,4
TRRFWIO128F92E31F3,Motownphilly,Boyz II Men,https://p.scdn.co/mp3-preview/cdaebfa39c070e1c898ceb29d978f8a82abfe20c?cid=774b29d4f13844c495f206cafdad9c86,058LC5qOG4VDaa4scqYc6v,"soul, 90s, rnb",,2009,235413,0.707,0.942,2,-5.32,1,0.105,0.0057,1e-05,0.177,0.832,114.173,4
TRODJUM128F934D21C,Rollerblades,Eliza Doolittle,https://p.scdn.co/mp3-preview/0ad30604d3c2d2c14ed1ab421982fdeb8c2ddfe6?cid=774b29d4f13844c495f206cafdad9c86,06P9pGZ3Qu0xqG6ZrHRwTY,"indie, pop, female_vocalists, soul, acoustic",Pop,2010,183800,0.931,0.283,0,-8.645,1,0.0813,0.662,0.0,0.121,0.694,114.964,4
TROYOWO12903CACF51,Pretty Wings,Maxwell,https://p.scdn.co/mp3-preview/bd83826ff1536e2212bd7159bb23b608f1973bda?cid=774b29d4f13844c495f206cafdad9c86,0clnYgGbynJKunGopbRecs,"soul, rnb",RnB,2009,255280,0.647,0.523,4,-7.736,1,0.0897,0.108,0.0,0.0733,0.539,115.105,4
TRCCPUL128F4285F96,Wandering Eye,Fat Freddy's Drop,https://p.scdn.co/mp3-preview/5696684378264def5bc2ed9eb4ece9a3840daa6d?cid=774b29d4f13844c495f206cafdad9c86,01sBHzyil70jxLWglXLiZO,"soul, reggae, chill",Reggae,2005,581008,0.874,0.326,11,-13.302,0,0.131,0.0136,0.148,0.0993,0.179,119.62,4
TROXFVJ128F1465265,Bottom Of the Barrel,Amos Lee,https://p.scdn.co/mp3-preview/1f8d523f5c5d5ba9f1fc3033eeed069be346ffd8?cid=774b29d4f13844c495f206cafdad9c86,1VWGfrhpY8IiNmqMHavRXS,"folk, soul, acoustic, guitar",,2005,120386,0.609,0.346,7,-12.703,1,0.146,0.761,0.0,0.11,0.55,178.137,4
TRPNIRE128F932F8DD,Take A Minute,K'naan,https://p.scdn.co/mp3-preview/3134bd06c6ebf7f77075bc0c414164df27f0e11b?cid=774b29d4f13844c495f206cafdad9c86,097VNcWKWOn219iQEL9tjv,"soul, rap, hip_hop, funk, chill",Rap,2009,246506,0.67,0.803,1,-6.147,1,0.0771,0.0814,0.0,0.303,0.736,156.072,4
TRXJFNB128F92E7AC6,I Just Want To Make Love To You,Muddy Waters,https://p.scdn.co/mp3-preview/9d4b51b72c40b5c37c57be3a5030926053570354?cid=774b29d4f13844c495f206cafdad9c86,01OgCIkSKia4vKQVFrYdCQ,"soul, blues",,2013,167471,0.566,0.355,2,-11.256,1,0.0576,0.631,4.52e-06,0.22,0.526,80.752,4
TRJKTIC128F92F20D7,This Ain't Goodbye,Train,https://p.scdn.co/mp3-preview/dcdb07a96ba8ebb36d703313e5ed757b0514f67e?cid=774b29d4f13844c495f206cafdad9c86,05nNNDfqGn2mKTsWIMtbCp,"rock, alternative, pop, indie_rock, soul, american, beautiful, pop_rock, chill",,2009,263466,0.521,0.563,6,-4.054,1,0.0299,0.202,1.01e-06,0.108,0.23,80.13,4
TREXRIW128EF3434B7,Teach U a Lesson,Robin Thicke,https://p.scdn.co/mp3-preview/27275129cf4613a5090389276069637b5301bc1c?cid=774b29d4f13844c495f206cafdad9c86,0dFBNJ14mwgnrwfzIE0yfN,"soul, rnb",RnB,2006,268746,0.891,0.144,11,-17.691,0,0.0741,0.846,0.0397,0.119,0.393,110.055,4
TRMBVUY12903CE0CF3,What Am I Gonna Do With You,Barry White,https://p.scdn.co/mp3-preview/6ca846fde692b6e38c09fb46ebb64e3c05fa3573?cid=774b29d4f13844c495f206cafdad9c86,04x3Qgc4pMEgrOMC9tlref,"soul, funk, 70s, rnb",,2009,218986,0.644,0.87,9,-6.861,0,0.0372,0.00475,0.0141,0.0268,0.754,113.087,4
TRGQZGS128F4289D58,Three Seed,Silversun Pickups,https://p.scdn.co/mp3-preview/1eb4dfbe8fcc3047498b696378cffc08a1b8c27a?cid=774b29d4f13844c495f206cafdad9c86,2kjX2Q7t5UzT6HcjBk65FT,"rock, alternative, indie, indie_rock, chillout, mellow, chill",Rock,2007,340533,0.556,0.67,11,-8.042,0,0.0354,0.0342,0.0214,0.376,0.386,146.459,4
TRYWUKH128F423CC6B,Big Calm,Morcheeba,https://p.scdn.co/mp3-preview/d21ed55b4ac832c71d8e8d25e5be8b668a5cf6a4?cid=774b29d4f13844c495f206cafdad9c86,2z6WRrNKmMHgiFJnwsdGEi,"electronic, chillout, trip_hop, downtempo",Electronic,1998,360906,0.549,0.805,0,-6.779,1,0.0917,0.0506,0.649,0.0762,0.289,150.234,4
TRGSEQP128F1499A41,Holdin' On Together,Phoenix,https://p.scdn.co/mp3-preview/fef9d26d55d596f2910c8a38af29660d875da4bb?cid=774b29d4f13844c495f206cafdad9c86,1U9txLgMPrpZCXdUGLAPMu,"indie, chillout, acoustic, indie_pop, downtempo, french",,2006,207106,0.81,0.589,7,-7.98,0,0.0961,0.166,0.0,0.114,0.94,101.973,4
TRRYLYK128F92F89F6,Alley Cats,Hot Chip,https://p.scdn.co/mp3-preview/e803073bb4f07045938933dc67e1e4d7a80d1abe?cid=774b29d4f13844c495f206cafdad9c86,4jl3zW2uac2YtjrobrRGwP,"electronic, indie, british, chillout, electro, male_vocalists, love, synthpop, chill",Electronic,2010,319818,0.734,0.526,1,-8.086,1,0.0492,0.465,0.000251,0.11,0.592,125.936,4
TRRKPIO128F9335F7E,Penelope,Pinback,https://p.scdn.co/mp3-preview/f2b42a091eb56abaa89826188990a095c6a71d47?cid=774b29d4f13844c495f206cafdad9c86,2kIwfx0uxPER4KAMx8Lfox,"indie, chillout, indie_pop, chill",Rock,2009,284586,0.798,0.694,7,-7.879,1,0.0324,0.686,0.91,0.158,0.421,117.897,4
TRGSHFQ128F42AD76A,Bullet And A Target,Citizen Cope,https://p.scdn.co/mp3-preview/5f534eb0c2524093c811f711eda3cdb37f1a23fe?cid=774b29d4f13844c495f206cafdad9c86,3r7gP3kGBkldTrOO6ebMGy,"rock, alternative, indie, chillout, soundtrack, funk",Rock,2004,263400,0.732,0.835,5,-3.279,0,0.0819,0.335,2.43e-06,0.0354,0.892,80.696,4
TRVEJWM128F933CE79,Hello Fascination,Breathe Carolina,https://p.scdn.co/mp3-preview/178889ac9e4ab71ba2c01fc57dae2ed7981ab793?cid=774b29d4f13844c495f206cafdad9c86,1XpF7fM08A2lplHuYvvYZc,"electronic, emo, post_hardcore, screamo",Electronic,2009,201812,0.47,0.989,8,-2.341,1,0.0879,0.015,6.95e-05,0.465,0.231,139.933,4
TRGOJNK128F92F2A03,The Technicolor Phase,Owl City,https://p.scdn.co/mp3-preview/8644f371cb807a642781a716e177c21addcec056?cid=774b29d4f13844c495f206cafdad9c86,27a23MeR1YZ6pZAUD3GR6D,"electronic, pop, soundtrack, electro, indie_pop, love, synthpop, mellow",,2010,267640,0.645,0.618,10,-8.594,1,0.0341,0.0591,0.0173,0.149,0.112,114.99,4
TRCWBAL128F934B434,Costume Party,Two Door Cinema Club,https://p.scdn.co/mp3-preview/9a98adf5acec221b5dbed16063ad6873647f8ff6?cid=774b29d4f13844c495f206cafdad9c86,26tWPiY8Dp5jLDObxjak4g,"electronic, alternative, indie, indie_rock, british, male_vocalists",Rock,2009,207466,0.612,0.864,9,-3.214,1,0.0283,0.0346,0.000569,0.0816,0.388,143.002,4
TRQEYLA12903D01E22,Imprint After,Toro y Moi,https://p.scdn.co/mp3-preview/bf0e722838843807f4a30d4f8722092c1c20b410?cid=774b29d4f13844c495f206cafdad9c86,0mOtzSS1pehxqsO6ZwY5jL,"electronic, indie",,2010,184013,0.409,0.757,9,-7.831,0,0.0572,0.5,0.285,0.0961,0.539,74.909,4
TRVYHQK128F4233819,Arcade Robot,Boys Noize,https://p.scdn.co/mp3-preview/5625ed84054f8fc87e2291fc879c4fbab20747c9?cid=774b29d4f13844c495f206cafdad9c86,1SF0tcmLRU1agQw3TEfsNk,"electronic, house, techno, electro",Electronic,2007,256386,0.656,0.584,2,-6.837,1,0.382,0.00565,1.93e-05,0.286,0.605,128.06,4
TRDTMGK12903CC557F,Contact High,Architecture in Helsinki,https://p.scdn.co/mp3-preview/7f2d03c146cf007177d6d31832f8e4d25fbd6866?cid=774b29d4f13844c495f206cafdad9c86,0hP1IFYKtiXTTntT1OLuGC,"electronic, indie, indie_pop, synthpop",,2012,215453,0.823,0.404,11,-7.096,1,0.0487,0.284,0.0,0.0836,0.882,115.99,4
TREJAMS128F14A950B,In White Rooms,Booka Shade,https://p.scdn.co/mp3-preview/4534edc43f5c465b56ddcccb76018789cb78a579?cid=774b29d4f13844c495f206cafdad9c86,0T5QHGCpEvxMPxmIA3IVWe,"electronic, house, electro",Electronic,2006,326852,0.799,0.654,0,-9.137,1,0.0581,0.00104,0.824,0.224,0.0816,125.005,4
TRWGNYQ128E07818C9,Aerodynamite,Daft Punk,https://p.scdn.co/mp3-preview/87b57b9d1246359532840391473a81cb2ead32e5?cid=774b29d4f13844c495f206cafdad9c86,15WSNNQZRQDOrzuKYMyrDX,"electronic, house, techno, electro, french",Electronic,2003,468427,0.566,0.978,9,-8.274,0,0.178,5.44e-05,0.958,0.0297,0.106,121.989,4
TRWYSES128F92FA039,Deeply Disturbed,Infected Mushroom,https://p.scdn.co/mp3-preview/f639dfe0cad468c08a56373e1190c5b246b72f6f?cid=774b29d4f13844c495f206cafdad9c86,22BGLqg2hUBqiquLWmOPdD,"electronic, psychedelic, trance",,2003,502373,0.671,0.725,11,-10.794,0,0.0499,0.0227,0.897,0.105,0.465,144.99,4
TRJGKHB128F930FDA2,So Insane,Discovery,https://p.scdn.co/mp3-preview/e4f1677a5ca03ce90ad1d714f85a0735d770dbe9?cid=774b29d4f13844c495f206cafdad9c86,014YwphVlCHEZNezCxirnc,"electronic, electro",Electronic,2009,192533,0.638,0.604,1,-5.637,1,0.187,0.0412,0.00111,0.206,0.691,110.004,4
TREGQMP128F4233816,The Battery,Boys Noize,https://p.scdn.co/mp3-preview/140d4f09e24e7cd43876699a0bd360a1535310e0?cid=774b29d4f13844c495f206cafdad9c86,05MTKkqTLdGd1YNBYVM4ul,"electronic, electro",Electronic,2007,322293,0.824,0.355,0,-12.555,1,0.311,0.00323,0.858,0.131,0.0394,127.876,4
TRQUUPN128F92E173C,Get Ready For This,2 Unlimited,https://p.scdn.co/mp3-preview/e5b1710583b4fd3252afc58c207226a4d9a24d16?cid=774b29d4f13844c495f206cafdad9c86,17cjFdfZAFdXdlU14LkdL1,"electronic, dance, 90s, house, techno",,1995,223813,0.801,0.834,11,-7.224,0,0.0885,0.0531,4.12e-05,0.089,0.862,124.838,4
TRRNWAK128F92F29FB,Super Honeymoon,Owl City,https://p.scdn.co/mp3-preview/287922b83c4e6dd78d68b9156de2007099647df9?cid=774b29d4f13844c495f206cafdad9c86,0aMWS9ldPm5cTKv1N5TTVT,"electronic, indie, male_vocalists, love, synthpop",,2008,200640,0.633,0.686,11,-8.015,1,0.0329,0.0203,0.000437,0.0715,0.969,132.987,4
TRSBJNB12903D00B37,Saeed,Infected Mushroom,https://p.scdn.co/mp3-preview/c2ba39820d9c11ddfe0356efb21713a9d756ef2a?cid=774b29d4f13844c495f206cafdad9c86,0BVwxlGrKY7okuzfch8laE,"electronic, industrial, psychedelic, trance, techno",,2009,423720,0.572,0.848,5,-5.604,0,0.0693,0.00546,0.359,0.141,0.374,145.002,4
TRJDMHS128F92F2A0C,I'll Meet You There,Owl City,https://p.scdn.co/mp3-preview/21d3fef42037bd05bba8f5dcd4f2b5c6d2b379c4?cid=774b29d4f13844c495f206cafdad9c86,2XGMtfhFAwyRrEZBnkdzho,"electronic, indie, male_vocalists, synthpop",,2008,256640,0.67,0.583,0,-11.843,1,0.0413,0.0844,0.00488,0.0888,0.123,129.978,4
TRMVVDP128E0787806,When You Say You Love Me,Josh Groban,https://p.scdn.co/mp3-preview/fcf4bc077f5850208a58673ca25ff4715ec56e04?cid=774b29d4f13844c495f206cafdad9c86,11WOLKP5uoMEw2sPmdjigt,"classical, piano, male_vocalists",Pop,2013,272373,0.338,0.346,9,-10.178,1,0.0362,0.603,0.0,0.103,0.0598,126.284,4
TRPZQFE128F92F06FE,Ora,Ludovico Einaudi,https://p.scdn.co/mp3-preview/5ef0e68f441c03a54f88e741e0175c23cc5a4e26?cid=774b29d4f13844c495f206cafdad9c86,2aUUsj6puY14yvfbSyM6Jj,"classical, piano, new_age",,2004,477000,0.231,0.124,10,-26.448,1,0.0557,0.963,0.883,0.0859,0.0514,129.758,4
TRNBMJP128F93433D8,Kilometros,Sin Bandera,https://p.scdn.co/mp3-preview/439f464362d93fec289b56178beb7e7642676b20?cid=774b29d4f13844c495f206cafdad9c86,0AcFsf9FGjL1Al2RBQ1Crq,classical,,2001,221560,0.6,0.489,9,-8.17,1,0.0283,0.303,0.0,0.118,0.277,129.975,4
TRPGPDK12903CCC651,Bring Me To Life,Katherine Jenkins,https://p.scdn.co/mp3-preview/8f57eebe270df7125d5d48fd897eadaab1f879a5?cid=774b29d4f13844c495f206cafdad9c86,0rJ8HF2zsxsWMzirj3YFQR,"classical, cover, new_age",Rock,2012,226093,0.429,0.563,4,-8.006,0,0.03,0.881,9.68e-05,0.076,0.298,95.989,4
TRIMXGK128E078A726,Top Of The World,Ace Hood,https://p.scdn.co/mp3-preview/8f17fdbf79a06fc74576315b38a16855e6881086?cid=774b29d4f13844c495f206cafdad9c86,42N16t7poTarqsGg56imuj,"rap, hip_hop",Rock,2008,210840,0.705,0.696,7,-6.955,1,0.293,0.121,0.0,0.301,0.673,79.069,4
TRGWUKX128F9329052,Big Weenie,Eminem,https://p.scdn.co/mp3-preview/20bde44b535c3f0a98cc35495b6ca2b953970116?cid=774b29d4f13844c495f206cafdad9c86,1XnlVph3GIvcPNLFajuwnw,"rap, hip_hop",Rap,2004,266933,0.622,0.539,1,-4.331,1,0.502,0.242,0.0,0.107,0.315,173.662,4
TRPCTNN128E07899A6,My Style,Black Eyed Peas,https://p.scdn.co/mp3-preview/ad46b3d12adc48ac222011bd9d9a628e5a383dd7?cid=774b29d4f13844c495f206cafdad9c86,0jGGGhrhGIYmdh96tquXZU,"pop, dance, rap, hip_hop",Rap,2005,268120,0.762,0.738,11,-6.785,0,0.303,0.0687,6.79e-05,0.209,0.741,104.154,4
TRXYRWA128F92CDF2E,Mrs. Officer,Lil' Wayne,https://p.scdn.co/mp3-preview/7fff8380a3281253e7f2d3e912ca01f8844e8d15?cid=774b29d4f13844c495f206cafdad9c86,02D4atMpyjVu6XV6gHOz5S,"rap, hip_hop, rnb",,2008,286920,0.918,0.552,6,-5.089,1,0.179,0.236,0.0,0.0776,0.944,111.977,5
TRWHPMK128F92D4266,Dick In A Box,The Lonely Island,https://p.scdn.co/mp3-preview/cab6e0c9ed1ae138f542ffc637c8df6156b6e830?cid=774b29d4f13844c495f206cafdad9c86,09gF56OHxpP9wqyQ6gY6wW,"rap, hip_hop, rnb, 00s",,2009,161453,0.666,0.705,8,-6.013,1,0.218,0.436,0.0,0.146,0.651,80.138,4
TRPOBJB128E078ED68,Curtains Close,Eminem,https://p.scdn.co/mp3-preview/7f17481a6b7957c31de61a69056432d29df39e00?cid=774b29d4f13844c495f206cafdad9c86,0f6OpMpPZDM6FXf4f73FOj,"rap, hip_hop",Rap,2002,60666,0.692,0.388,2,-20.341,1,0.513,0.543,0.000242,0.338,0.656,97.881,3
TRDVDRC128E07832A7,The Choice Is Yours,Black Sheep,https://p.scdn.co/mp3-preview/883d83a8f9fefffd5809daf8421415c6dff425c0?cid=774b29d4f13844c495f206cafdad9c86,0p5wgqATiMNoRgwLHEdDwP,"rap, hip_hop",Rap,2014,242546,0.87,0.863,7,-5.758,1,0.228,0.0274,0.0,0.0767,0.574,101.24,4
TRYKCYB128F4291982,Straight To The Bank,50 Cent,https://p.scdn.co/mp3-preview/9f454d5dfc81cfd48ee67ddb17b65006998b81ab?cid=774b29d4f13844c495f206cafdad9c86,0dL1yBnBZjw9KjkbVLo1Ha,"rap, hip_hop",,2007,190653,0.593,0.844,7,-3.835,1,0.431,0.115,0.0,0.0437,0.498,179.222,4
TREJAUV128E0792A2A,Lift Your Head Up High (And Blow Your Brains Out),Bloodhound Gang,https://p.scdn.co/mp3-preview/5c2a5f2c35a7e404c917bd2d3dafb05b0bd28c5d?cid=774b29d4f13844c495f206cafdad9c86,0RYjbDa5u3gwrFL6G6rC6L,"rock, alternative_rock, rap, punk_rock, hip_hop",Rock,1996,298226,0.902,0.969,11,-5.96,1,0.0471,0.0901,0.00291,0.0101,0.678,120.005,4
TRTESQR128E078DF6B,Where Is Everybody?,Nine Inch Nails,https://p.scdn.co/mp3-preview/73781f691aea7cbfd65c2e41e178aa6c311fe11a?cid=774b29d4f13844c495f206cafdad9c86,1cdOSSkqebOF0eAcUK6RPP,industrial,,1999,340200,0.625,0.767,10,-5.753,1,0.0477,0.00166,0.000789,0.09,0.792,144.013,4
TRWGMVT12903CAAFD6,Own Little World,Celldweller,https://p.scdn.co/mp3-preview/1a11af16b1e8c0d203f9cf8ca5680441f627b17b?cid=774b29d4f13844c495f206cafdad9c86,1iSeh7rzHGT7QGZIzzR05o,"electronic, industrial, nu_metal",Electronic,2012,270238,0.293,0.934,8,-2.398,1,0.0856,0.000165,0.0101,0.367,0.274,86.945,4
TRGKJJU128F932A48B,Get Your Body Beat,Combichrist,https://p.scdn.co/mp3-preview/5d17c5c9a18c635a88b6407b9de3dfaf9f6dacae?cid=774b29d4f13844c495f206cafdad9c86,04BilHGWhkAbcTEgD37O6v,"industrial, electro",Electronic,2006,275466,0.622,0.936,0,-11.654,1,0.0475,0.0359,0.154,0.451,0.807,120.013,4
TRPUVKW128E0791C24,Get Down Make Love,Nine Inch Nails,https://p.scdn.co/mp3-preview/e43d8c3d45c0e2af5d5c9e98d663e66ba489c898?cid=774b29d4f13844c495f206cafdad9c86,1yCSzX4yVLfOteKNZ8qKnB,"industrial, cover",Electronic,1990,258800,0.546,0.851,1,-6.727,0,0.0899,2.99e-05,0.00581,0.08,0.223,90.955,4
TREKXKZ128F4263027,Dirty World,Dope,https://p.scdn.co/mp3-preview/641f5bc658ff650359deb9c4a28b4a2ed58fc902?cid=774b29d4f13844c495f206cafdad9c86,7rDUgKnxwDlyWyPXGhQHrP,"metal, industrial, nu_metal",Rock,2009,180533,0.522,0.973,2,-4.899,1,0.102,7.43e-05,5.21e-06,0.174,0.445,152.024,4
TRGDTDK128F42634CD,Die Motherfucker Die,Suicide Commando,https://p.scdn.co/mp3-preview/7d3b5fe8f323d52613c68436d2cc85c1f8de4233?cid=774b29d4f13844c495f206cafdad9c86,133SdWFq9oQPtKXUPCI5Si,industrial,,2010,370253,0.449,0.974,1,-3.188,0,0.0923,0.000593,0.161,0.202,0.0953,135.045,4
TRUXMIW128F92F999F,Fall Back,Factory Floor,https://p.scdn.co/mp3-preview/62731908e9a00500d77a57eb7e0f69870a3d8865?cid=774b29d4f13844c495f206cafdad9c86,05aukqBT2xMVs3rL9pL3fE,"electronic, experimental, industrial, post_punk, electro",,2013,442551,0.697,0.991,11,-5.791,1,0.0607,0.000256,0.85,0.0991,0.466,130.002,4
TRTGMIX128EF35E2B9,Signal Fire,Snow Patrol,https://p.scdn.co/mp3-preview/6cccd80826f01e0e766f375365a99ee2dd087f31?cid=774b29d4f13844c495f206cafdad9c86,1TpLoRmTh9pXfOH3esndVb,"rock, alternative, indie, indie_rock, soundtrack, love, beautiful, 00s, britpop, mellow",Rock,2007,266226,0.458,0.767,2,-5.184,1,0.044,0.0522,1.33e-06,0.109,0.167,134.704,4
TRBNDWW12903D05C98,Letters From The Sky,Civil Twilight,https://p.scdn.co/mp3-preview/38c232f6f1ff16bc363e298f9e1bb8ed4e79d5ff?cid=774b29d4f13844c495f206cafdad9c86,07TRuPZ8NagRaMpOd2lvVz,"indie, soundtrack, piano, male_vocalists, love, beautiful, mellow",Rock,2009,275040,0.342,0.7,8,-5.955,1,0.0449,0.561,0.00121,0.0994,0.118,150.039,4
TREVSTG128E079245D,Because We Can,Fatboy Slim,https://p.scdn.co/mp3-preview/bc7cbd71316fb1c94c8cf5d79f19619927276027?cid=774b29d4f13844c495f206cafdad9c86,0EtQaYxtTXi5ySLlONgvTI,soundtrack,,2001,207400,0.527,0.993,5,-5.316,1,0.0473,1.92e-05,0.0732,0.858,0.831,140.095,4
TRJCVRS12903CD667C,I'll Stand by You,Glee Cast,https://p.scdn.co/mp3-preview/634d5c1df3968882896c7405fd3067355ea917f5?cid=774b29d4f13844c495f206cafdad9c86,1MTAKWXjWdjumTa5px10x2,"soundtrack, cover",Rock,2010,229773,0.499,0.62,3,-6.892,1,0.0351,0.239,0.0,0.115,0.19,134.071,4
TRRHACJ128F146948F,Enjoy The Silence,Anberlin,https://p.scdn.co/mp3-preview/153cf0501d4c1eaca34ee358b83886243c705bfe?cid=774b29d4f13844c495f206cafdad9c86,1DS2pXGoz7CKsa1gkqTjf2,"rock, alternative, indie, soundtrack, punk_rock, emo, cover",,2006,212333,0.556,0.749,0,-5.62,0,0.0279,0.000218,0.0961,0.139,0.208,120.015,4
TRTCIBE128F428E22C,You & Me Song,The Wannadies,https://p.scdn.co/mp3-preview/7a6bfee3e37a7ce16bb54f5699f3fee8f5319ba9?cid=774b29d4f13844c495f206cafdad9c86,02f2LYOCCpYawtVHO7i9dD,"indie, pop, soundtrack, swedish",Pop,2009,170866,0.325,0.365,2,-8.252,1,0.0382,0.00638,0.0,0.0745,0.319,144.914,4
TRTVTYS128E0792887,Rabbit Run,Eminem,https://p.scdn.co/mp3-preview/03c1973bcc6f047a1459121d9c2d307d5af6d77f?cid=774b29d4f13844c495f206cafdad9c86,01FLUOrCbJPUrKECTLtvBc,"rap, soundtrack, hip_hop",Rap,2002,190066,0.563,0.842,6,-3.639,0,0.319,0.0026,0.0,0.16,0.336,95.392,4
TRUDYLO12903CBDAE3,Alice's Theme,Danny Elfman,https://p.scdn.co/mp3-preview/980cbd26c5bf902e5b6c4b6678f41f42e375653f?cid=774b29d4f13844c495f206cafdad9c86,0ZTxt426RWfwJcV5GQJKJ1,soundtrack,,2010,306800,0.459,0.495,10,-9.892,1,0.0351,0.941,0.745,0.103,0.106,120.037,4
TRGVDGU128F93234B9,Butterfly Fly Away,Miley Cyrus,https://p.scdn.co/mp3-preview/c81dd375dcb408686752108563e2398a84b5abdf?cid=774b29d4f13844c495f206cafdad9c86,0f9nuV5CHKvFrANLzK7ekt,"soundtrack, country, pop_rock",,2009,284693,0.522,0.569,11,-5.907,1,0.0271,0.356,1.15e-05,0.309,0.422,134.91,4
TRUFFFS128F93165FC,Blue Magic,Jay-Z,https://p.scdn.co/mp3-preview/de2c285765ec7fdb343fb43b1c3db0d2df0d2482?cid=774b29d4f13844c495f206cafdad9c86,0b0GD6y2NQLqEurscE0XUB,"rap, soundtrack, hip_hop",Rap,2007,248920,0.821,0.639,6,-6.249,1,0.423,0.172,0.0,0.755,0.549,87.021,4
TRGCHLH12903CB7352,Party In The U.S.A.,The Barden Bellas,https://p.scdn.co/mp3-preview/f8c5ff9e6aebca46dad9fdebe5a2f363a40cb326?cid=774b29d4f13844c495f206cafdad9c86,0bz2Uy1KE7bNGsGQU9pZrU,"soundtrack, cover",Pop,2012,63080,0.531,0.36,10,-8.575,0,0.108,0.822,0.0,0.178,0.701,97.2,4
TRNAABY128E078E759,Someday We'll Know,Mandy Moore,https://p.scdn.co/mp3-preview/3c52eadd1fb5a9389b68953544848c8863bf7d06?cid=774b29d4f13844c495f206cafdad9c86,2Y1UYljXehHFXPyn2FSzqe,"pop, female_vocalists, soundtrack, cover, pop_rock",Rock,2002,222466,0.562,0.63,1,-5.679,0,0.0317,0.314,0.0,0.146,0.281,107.932,4
TRAYCMZ128F14676BF,Angela Undress,Thomas Newman,https://p.scdn.co/mp3-preview/06866c604a969819d6b1a6e85945724a1269c2bb?cid=774b29d4f13844c495f206cafdad9c86,1nLkngBpZhcIwvDQvm92L6,"instrumental, soundtrack, piano",,2000,103421,0.246,0.0449,0,-31.348,1,0.0342,0.921,0.973,0.128,0.0589,75.53,3
TRLUCGR128F4277AC1,The '59 Sound,The Gaslight Anthem,https://p.scdn.co/mp3-preview/99ed3d64de8a58cba60641f6bc8e3308547e856b?cid=774b29d4f13844c495f206cafdad9c86,16dS04T4heVJ3mDLE9wU31,"rock, alternative, punk_rock, american, 00s",Rock,2018,187933,0.282,0.922,10,-4.516,1,0.0645,0.105,0.0,0.245,0.609,169.692,4
TRWSBNB128F4276F7F,Secret Crowds,Angels & Airwaves,https://p.scdn.co/mp3-preview/c1e3c65e2e76637da00e2df674895d57b10cdfef?cid=774b29d4f13844c495f206cafdad9c86,0MhXc0ygpGgg9wFUkC9k6T,"rock, alternative_rock, punk_rock, love",Rock,2007,302800,0.46,0.975,2,-4.673,1,0.0821,0.00636,0.0,0.259,0.662,154.08,4
TRLNZSV128F428374E,"Radio, Radio",Elvis Costello & The Attractions,https://p.scdn.co/mp3-preview/ffac41a9df80c339a93adef7d5fbf649f8914fb7?cid=774b29d4f13844c495f206cafdad9c86,1vrYnGY4xEjQ8tgUAfeFoZ,"rock, punk_rock, new_wave, 70s",,2007,186146,0.597,0.84,4,-6.358,1,0.0724,0.151,3.64e-06,0.268,0.89,146.734,4
TRPMABN128F4259CEE,Groovy Times,The Clash,https://p.scdn.co/mp3-preview/2bf453c9a0e2ffd2f391fe70f1c29cb98376cea6?cid=774b29d4f13844c495f206cafdad9c86,0pvJw54rwNmVN0xzM2W5EL,"rock, punk, british, punk_rock",Punk,2003,208906,0.569,0.834,4,-7.301,1,0.0663,0.00585,0.0,0.339,0.759,147.355,4
TRPTRKP128F4298704,Gonna Find You,Operation Ivy,https://p.scdn.co/mp3-preview/45ffeb29f37db8c50c5729435c2f1980a811c260?cid=774b29d4f13844c495f206cafdad9c86,1RS5Ky5fH9WUZ7yLG3bX1E,"punk, punk_rock, ska",,2007,114133,0.498,0.931,2,-4.585,1,0.102,0.129,0.0,0.368,0.807,87.641,4
TRRJFXX128F427A71F,Remember When (Side A),The Black Keys,https://p.scdn.co/mp3-preview/d96efca878e6ea7404c94357bdd062dc8da40be4?cid=774b29d4f13844c495f206cafdad9c86,0RzIBj9u73vIo82NyHZDi8,"rock, blues, mellow, chill, blues_rock",,2008,201520,0.327,0.486,8,-10.702,1,0.0364,0.908,0.184,0.205,0.145,172.724,3
TRFVTOB128F4284E6C,Doin' the Cockroach,Modest Mouse,https://p.scdn.co/mp3-preview/a43896ca2af1cc4166c960a1f0cea4e4e75d889d?cid=774b29d4f13844c495f206cafdad9c86,0vQZGn44U5BTx4Zy9AVSYR,"rock, alternative, indie, indie_rock, blues, 90s",Rock,1997,258733,0.458,0.868,11,-4.041,0,0.0586,0.000164,0.0523,0.223,0.42,131.142,4
TREYXVK12903CB4503,The Desperate Man,The Black Keys,https://p.scdn.co/mp3-preview/3911138f419a1b0e6211888321ece85a6140054d?cid=774b29d4f13844c495f206cafdad9c86,22B5LxWF4DIjwhlyQq5qOl,"rock, blues, blues_rock",,2004,234426,0.525,0.739,0,-4.94,1,0.0454,0.0758,0.00329,0.112,0.617,106.128,4
TRRHDGZ128F9340B22,Keep Me,The Black Keys,https://p.scdn.co/mp3-preview/558b0f2902694cc5550379b1008e776b39a26b6a?cid=774b29d4f13844c495f206cafdad9c86,1gQvPtUuf9sUMVEmeINKsy,"rock, blues, blues_rock",,2004,172093,0.48,0.839,3,-4.547,1,0.115,0.559,0.000168,0.356,0.587,83.116,4
TRYMMVG128F9340B1B,Stack Shot Billy,The Black Keys,https://p.scdn.co/mp3-preview/b23b56acbec0427db26b5956ed83af31b4fe7613?cid=774b29d4f13844c495f206cafdad9c86,1IrPs359Ul95hrND6OleTu,"rock, indie_rock, blues, blues_rock",,2004,201693,0.459,0.774,3,-4.267,0,0.0548,0.804,0.0119,0.107,0.752,109.848,4
TRIHYRC128F9338FF7,Do the Rump,The Black Keys,https://p.scdn.co/mp3-preview/c33ac58a0bd1d4835742e9c32316aef914acdb0b?cid=774b29d4f13844c495f206cafdad9c86,0SQFidfY8A7LRrJBQPR1Fd,"blues, blues_rock",,2002,157733,0.369,0.848,7,-4.141,0,0.166,0.057,0.464,0.0628,0.567,200.823,4
TRMABFS12903CA9D0E,Just A Little Heat,The Black Keys,https://p.scdn.co/mp3-preview/8293f24dcaa6a1886600bc308f8246643d88ddd2?cid=774b29d4f13844c495f206cafdad9c86,1yRfrCWLpxEIxBfu5RenEN,"rock, alternative_rock, blues, 00s, blues_rock",,2006,222120,0.197,0.587,7,-9.124,1,0.0582,0.817,0.0967,0.374,0.448,182.398,4
TRXYAHQ128F9340B26,Till I Get My Way,The Black Keys,https://p.scdn.co/mp3-preview/4a752449fba4b41838c006da17325917fea09b1b?cid=774b29d4f13844c495f206cafdad9c86,1tBXojt4UmAzJ5hF9JIpN7,"rock, blues, blues_rock",,2004,151453,0.434,0.952,11,-3.935,1,0.0894,0.328,0.000554,0.195,0.508,115.411,4
TRUULBP12903CA9D23,Give Your Heart Away,The Black Keys,https://p.scdn.co/mp3-preview/f4ce6159fb996719d6c1c48fba523f80bde969a1?cid=774b29d4f13844c495f206cafdad9c86,0YFS0uUBd6nkDvZQCfoyBR,"rock, blues, 00s, blues_rock",,2006,206493,0.349,0.77,11,-7.073,0,0.0457,0.631,0.000488,0.129,0.655,78.119,4
TRVKPXM128F4284E60,Never Ending Math Equation,Modest Mouse,https://p.scdn.co/mp3-preview/0057e8c8288d55937ceeb92cac9b58d81749562f?cid=774b29d4f13844c495f206cafdad9c86,0aZtXbOCTpjSDO1jZaf6fD,"rock, alternative, indie, indie_rock, blues, 90s, american, indie_pop, emo",Rock,2000,203666,0.389,0.712,7,-6.275,1,0.0644,0.0385,1.28e-05,0.0678,0.896,182.841,4
TRUWDZO128F9339024,Run Me Down,The Black Keys,https://p.scdn.co/mp3-preview/7394556965f79dd1f794337b685e067bb8a5a534?cid=774b29d4f13844c495f206cafdad9c86,27MoAJ0eGv3xofZBCQiTbx,"rock, blues, blues_rock",,2002,147346,0.716,0.621,9,-3.972,1,0.0899,0.539,0.00963,0.113,0.713,121.247,4
TRGRPEU128F932BD78,Goodnight Bad Morning,The Kills,https://p.scdn.co/mp3-preview/695f47b598faec04a44ce3c04d5d6a2252c09b6f?cid=774b29d4f13844c495f206cafdad9c86,04m6yOsrp2eMK0mZ5gzwEp,"indie, alternative_rock, blues, beautiful, 00s, chill",Rock,2008,231920,0.809,0.304,5,-13.205,1,0.0348,0.919,0.832,0.108,0.416,96.068,4
TRVWQGQ128F933904F,Them Eyes,The Black Keys,https://p.scdn.co/mp3-preview/b91d9082969d6e5bd253200d36f5466f43619ca8?cid=774b29d4f13844c495f206cafdad9c86,1TEGZt9OToN6NfaBsyrSbh,"rock, blues, blues_rock",Rock,2002,143053,0.485,0.674,7,-6.925,1,0.143,0.00678,0.000705,0.0779,0.779,131.809,4
TRBCALP128F933905E,Brooklyn Bound,The Black Keys,https://p.scdn.co/mp3-preview/e9dbc65cf1a30351a7b19e955aa7f48a622901ac?cid=774b29d4f13844c495f206cafdad9c86,3Ui3JTqJosT2MqvC9UBLwW,"rock, blues, blues_rock",,2002,191133,0.425,0.708,7,-3.178,0,0.0646,0.0347,0.642,0.0723,0.929,106.505,4
TRVNAVH128F9339031,Leavin' Trunk,The Black Keys,https://p.scdn.co/mp3-preview/901d11f49e976b8a1ad801bcee699490d8c46050?cid=774b29d4f13844c495f206cafdad9c86,1RbRUg7A0CQTZYfNQx0K3j,"rock, blues, blues_rock",,2002,180213,0.384,0.684,7,-5.413,0,0.0555,0.0283,0.295,0.0706,0.653,86.916,4
TRMQDOM12903CA9D30,Goodbye Babylon,The Black Keys,https://p.scdn.co/mp3-preview/c4e0e3e904174525dbe328444b1c807ab9086959?cid=774b29d4f13844c495f206cafdad9c86,0lFEYJWVbkSTR7JPEYURPs,"rock, blues, blues_rock",,2006,355360,0.34,0.714,5,-9.668,1,0.0934,0.821,0.514,0.297,0.816,151.433,4
TRUBKSM12903CD9C87,Have Mercy On Me,The Black Keys,https://p.scdn.co/mp3-preview/5302cdcc660d622686ae82f1274998ba91e7e354?cid=774b29d4f13844c495f206cafdad9c86,1baSTINFDLhwnNCYBCmAKr,"rock, blues, blues_rock",,2006,282760,0.33,0.802,2,-6.355,1,0.053,0.0183,0.908,0.196,0.486,77.676,4
TRIMYCU128E07896B3,Deserted Cities Of The Heart,Cream,https://p.scdn.co/mp3-preview/b677e4a16b6a4f455743f7191ecc09f2101f2af6?cid=774b29d4f13844c495f206cafdad9c86,0yXkhAZ2jPqWbzjHEa9H6Y,"rock, classic_rock, blues, psychedelic, 60s, psychedelic_rock, guitar, blues_rock",Rock,2005,218466,0.518,0.832,7,-10.829,1,0.0372,0.154,3.03e-06,0.344,0.791,127.549,4
TRFUMNQ128F933906A,240 Years Before Your Time,The Black Keys,https://p.scdn.co/mp3-preview/625e03044214d11138a9186330a16cda96cc4e21?cid=774b29d4f13844c495f206cafdad9c86,09vII9Fvk1sKRi1mNxWtvO,"rock, blues, blues_rock",,2002,1400466,0.0,2.01e-05,2,-7.179,1,0.0,0.654,0.105,0.442,0.0,0.0,0
TRXWGZA128F9303F0C,Baby Let Me Take You Home,The Animals,https://p.scdn.co/mp3-preview/a99c7c9b422425c1a219fba8bc555624d073c764?cid=774b29d4f13844c495f206cafdad9c86,0kh9hgjkx2Gi4eOq6k2FBl,"rock, classic_rock, blues, 60s, oldies",,2009,141880,0.569,0.702,2,-5.72,1,0.0329,0.326,0.0,0.126,0.965,140.573,4
TRBVOHY128F92E6A11,There Must Be A Better World Somewhere,B.B. King,https://p.scdn.co/mp3-preview/14cba3a8c5f829c8fbaa19aad5e69c75fd7c0211?cid=774b29d4f13844c495f206cafdad9c86,0FdGbJUc56gpA7hSSMnfrg,"blues, guitar",Blues,1997,268200,0.625,0.722,1,-7.085,1,0.0284,0.0343,4.59e-05,0.0537,0.773,107.09,4
TRDFFEU128F93161ED,Tattoo'd Lady,Rory Gallagher,https://p.scdn.co/mp3-preview/4130746458c1e741c08f6e147a1298619de115fd?cid=774b29d4f13844c495f206cafdad9c86,0xU8h2PszyjwA3VYUwcBjP,"classic_rock, blues, guitar, blues_rock",Blues,2011,409973,0.226,0.991,9,-2.676,1,0.23,0.0116,0.0607,0.958,0.155,147.22,4
TRBMCGS128F92D2C27,Innocent When You Dream (78),Tom Waits,https://p.scdn.co/mp3-preview/f9f77b3ed41f76c7c477043455fed4df597725ac?cid=774b29d4f13844c495f206cafdad9c86,2UZzbyTxmeuVtBA8OrFerz,"alternative, singer_songwriter, blues",Rock,1987,190000,0.325,0.162,5,-19.836,1,0.0527,0.982,0.972,0.424,0.222,136.049,4
TRTCSID128F9338FC0,The Moan,The Black Keys,https://p.scdn.co/mp3-preview/f5094162dc8b206db5d198c0796f73be4513bd0d?cid=774b29d4f13844c495f206cafdad9c86,4mDKrV5tmDYS04itGmRiFN,"rock, blues, blues_rock",,2004,225440,0.224,0.97,9,-3.102,0,0.0608,0.351,0.793,0.223,0.409,97.406,4
TRFAUSK128F92FD8FA,Velcro Fly,ZZ Top,https://p.scdn.co/mp3-preview/e2528dd629ef0eb567dbdf4a2ceaec750a990bd5?cid=774b29d4f13844c495f206cafdad9c86,0EOTauo82VOx4nvtpGN2Kn,"rock, classic_rock, blues, guitar, blues_rock",Rock,2013,212760,0.56,0.828,7,-13.004,0,0.0332,0.0306,0.00153,0.0485,0.895,151.586,4
TRAGOBU128F92E24DD,Mean Old World,T-Bone Walker,https://p.scdn.co/mp3-preview/888cf67296b173b2935ebf3d572396a1dec4214c?cid=774b29d4f13844c495f206cafdad9c86,02xp8oa5jkn5kPGDQcpRZ2,blues,Blues,2013,175666,0.77,0.159,7,-10.966,1,0.0531,0.894,0.000206,0.0816,0.503,89.189,4
TRYFEBR128F930C8CF,Frankie,Mississippi John Hurt,https://p.scdn.co/mp3-preview/3f25b964938d875f441fbace5bcbf0a444380e4b?cid=774b29d4f13844c495f206cafdad9c86,012oAdlybNCjzAEZdci9sM,blues,,2009,206524,0.524,0.129,6,-16.063,0,0.0463,0.996,0.555,0.111,0.502,108.754,4
TRLXTNA128F933B51A,Stranger than Fiction,Five Finger Death Punch,https://p.scdn.co/mp3-preview/b4fb86c543750589bf03fc976c966391ed0398c7?cid=774b29d4f13844c495f206cafdad9c86,2qlWb8W1d7ttaTTouUiY3x,"metal, thrash_metal, metalcore, nu_metal",Metal,2007,200200,0.559,0.887,9,-5.64,1,0.0618,0.000214,1.47e-05,0.162,0.192,111.989,4
TRZZEVQ128F92CFD63,Hallowed Be My Name,HammerFall,https://p.scdn.co/mp3-preview/f74f47ff6d1ab9110c19d427fb5f9f3c2e3639e3?cid=774b29d4f13844c495f206cafdad9c86,389ehaUCcFpIWzrlOIsdKe,"heavy_metal, thrash_metal, progressive_metal, power_metal",,2009,236026,0.566,0.947,2,-3.32,0,0.0604,0.000936,0.000455,0.124,0.445,120.041,4
TRFPEPB128F92EBCB8,Servant in Heaven - King in Hell,Kreator,https://p.scdn.co/mp3-preview/a53b8cb488fdb2e4af7779b908584edeb2eb4a13?cid=774b29d4f13844c495f206cafdad9c86,38z2tFSwFDSnBxBWyVsX97,thrash_metal,,2001,309400,0.237,0.983,7,-5.945,1,0.175,0.00016,0.0533,0.0728,0.123,140.98,3
TRXJYEO128F426AD39,Ana's Song (Open Fire),Silverchair,https://p.scdn.co/mp3-preview/6039122ad405d25bfd6ab5d080eee04546cf2e0e?cid=774b29d4f13844c495f206cafdad9c86,0HIG8l14hqbPVL2xvgbXiT,"rock, alternative, alternative_rock, 90s, grunge",,2000,221600,0.396,0.639,9,-7.913,1,0.0264,0.0396,7.25e-05,0.176,0.225,80.442,4
TRRXGIS128E0781C66,I Will Buy You A New Life,Everclear,https://p.scdn.co/mp3-preview/38c03055c7202dd86683cdb20e1ab1ab1d69e6e2?cid=774b29d4f13844c495f206cafdad9c86,16GK7vxsJAxDF7pqQvzld5,"rock, alternative, alternative_rock, 90s",,2009,275426,0.515,0.873,5,-4.673,1,0.0443,0.0537,0.0,0.359,0.58,84.01,4
TRCVUIA128F9307663,So Much To Say,Dave Matthews Band,https://p.scdn.co/mp3-preview/eeebff3b238aa8e3abc666780c4185eedc1fa07a?cid=774b29d4f13844c495f206cafdad9c86,2BNRvaSMAT2Wrggbs0mFUy,"rock, alternative, 90s, acoustic, american, chill",Rock,2001,341266,0.55,0.95,2,-3.876,1,0.0424,0.132,0.0,0.915,0.716,112.6,4
TRFZDAB128F428CAA5,Here's To The Night,EVE 6,https://p.scdn.co/mp3-preview/5a885377538040ed308c45f4e483757fdc3f4e22?cid=774b29d4f13844c495f206cafdad9c86,2JMkl8jrqvujBQlSJcrqXw,"rock, alternative, alternative_rock, 90s, american, male_vocalists, love, 00s, mellow, pop_rock",Rock,2000,249840,0.581,0.655,7,-6.254,1,0.0245,0.0412,0.000355,0.0765,0.348,97.469,4
TRVOVYL128F4284E6F,Bankrupt on Selling,Modest Mouse,https://p.scdn.co/mp3-preview/1e74cb33aa607bd21a28c0dcec1cca461ca46686?cid=774b29d4f13844c495f206cafdad9c86,1npRhEbSIQqdX1MwuAT6o9,"rock, indie, indie_rock, 90s, acoustic, chill",Rock,1997,173773,0.427,0.335,0,-6.689,1,0.0303,0.828,3.21e-05,0.156,0.0812,102.618,4
TRKOKJW128F4293539,My Maria,Brooks & Dunn,https://p.scdn.co/mp3-preview/299fb27c8d7bc5fbf78476cee69496de772d8399?cid=774b29d4f13844c495f206cafdad9c86,09qzRI951OVkXGCc33gzcT,"90s, country",Country,2009,208106,0.673,0.842,3,-4.627,1,0.0366,0.06,0.000257,0.178,0.898,125.57,4
TREUVXG12903CA6D2C,Heaven Is a Truck,Pavement,https://p.scdn.co/mp3-preview/2e7f707a30e3f72ce8de34d84e7972fdac04bd4d?cid=774b29d4f13844c495f206cafdad9c86,1AzjpYhRG40HsgsKgtFxi8,"indie, indie_rock, 90s",Rock,2010,149826,0.333,0.563,9,-9.127,1,0.0306,0.0573,6.11e-05,0.325,0.465,168.499,4
TRDPXKD128F1499EF3,Bound For The Floor,Local H,https://p.scdn.co/mp3-preview/d5660fab04f6f657e75cbf215ec1016e464b49c7?cid=774b29d4f13844c495f206cafdad9c86,0KRMuoEIFnxQRcJcX2jyYq,"rock, alternative, alternative_rock, 90s, grunge",Rock,2011,223213,0.626,0.499,6,-7.438,1,0.0565,0.000163,0.000781,0.0586,0.618,119.191,4
TRMADCW128F42AA78B,What If I Do?,Foo Fighters,https://p.scdn.co/mp3-preview/07f63fd1725e6492b4eaf82123ff4f022ff8dc46?cid=774b29d4f13844c495f206cafdad9c86,1SBaxDq69GNjG8Ji3I6eTj,"rock, alternative_rock, acoustic, american, 00s, grunge, mellow",Rock,2005,302906,0.64,0.469,5,-8.891,1,0.0263,0.404,1.53e-06,0.115,0.189,96.63,4
TRPUDUW128F427777F,Three Cheers for Five Years,Mayday Parade,https://p.scdn.co/mp3-preview/8ffcdce15c332093cf5a72ad98d262413e107e65?cid=774b29d4f13844c495f206cafdad9c86,0YGnl18poP3xbN1QpnzrFS,"acoustic, piano, emo, love, beautiful",Rock,2016,342600,0.424,0.972,11,-3.021,1,0.135,4.66e-05,0.0,0.15,0.277,140.107,4
TRLGAWN128F9346B97,The Unwinding Cable Car,Anberlin,https://p.scdn.co/mp3-preview/59ae60a62d4d5466acf8d40ecee8239fd97d9c73?cid=774b29d4f13844c495f206cafdad9c86,04rO2BHQjzqhPNr0qV3OFR,"rock, alternative_rock, acoustic, emo, love, mellow",Rock,2012,257266,0.586,0.65,1,-8.99,0,0.027,0.665,0.0,0.0807,0.559,131.003,4
TRKQRLE128F92CBC73,Hospital Beds,Florence + the Machine,https://p.scdn.co/mp3-preview/d76f3758305890ff959fcdaefbe9ee2c77baafe4?cid=774b29d4f13844c495f206cafdad9c86,32CpKhS5v5SFgfbXmdpsi7,"indie, female_vocalists, acoustic, indie_pop, love, cover",Rock,2009,134573,0.672,0.462,11,-4.612,0,0.0815,0.404,0.00156,0.3,0.308,95.713,4
TRACEHO128F1488CEA,The Diary of Jane (acoustic),Breaking Benjamin,https://p.scdn.co/mp3-preview/ce6bf7155092af06cabe21f7c04964037e1bb30c?cid=774b29d4f13844c495f206cafdad9c86,1s1LxXuXZ1yOQ7rRbj8cfE,"rock, alternative_rock, acoustic, piano, emo, beautiful",Rock,2006,186094,0.458,0.441,10,-7.053,0,0.0278,0.826,0.00578,0.12,0.294,161.121,4
TRXCYUG128E0782282,Hey Julie,Fountains of Wayne,https://p.scdn.co/mp3-preview/e195060a18ff3868995581c11c3f20fe37f7e07a?cid=774b29d4f13844c495f206cafdad9c86,2jWhK8HwPu7vunyxlTDKfM,"indie, acoustic, indie_pop, love, beautiful, mellow",Rock,2004,158106,0.736,0.555,7,-5.694,1,0.0356,0.406,0.0,0.0949,0.978,136.982,4
TRBMPVP128F428E6FB,Careful Where You Stand,Coldplay,https://p.scdn.co/mp3-preview/c831299f5f69747e84425049ccd9dc7b1e004058?cid=774b29d4f13844c495f206cafdad9c86,6V3U7whxAMRzOLTli2zt26,"rock, alternative, indie, alternative_rock, british, acoustic, love, beautiful, guitar, britpop",Rock,2000,285026,0.369,0.215,4,-12.925,1,0.0296,0.888,0.00013,0.0931,0.0797,110.333,4
TRGDOAF12903CB80D9,Everything's Right,Matt Wertz,https://p.scdn.co/mp3-preview/4cf504d8935efc17bcff907f35f4329af375f835?cid=774b29d4f13844c495f206cafdad9c86,36sUWo0sZHSsbYJsOpPr68,"singer_songwriter, acoustic, male_vocalists",Pop,2003,167173,0.635,0.8,10,-5.127,1,0.0265,0.0848,0.0,0.0998,0.934,132.004,4
TRPTNMS128F4299268,Last of Days,A Fine Frenzy,https://p.scdn.co/mp3-preview/28901b3213cf10c34aef87ff69ad5b093f6ea7e5?cid=774b29d4f13844c495f206cafdad9c86,0SWvV3cp0Hg5QLamPXtm88,"indie, female_vocalists, singer_songwriter, acoustic, piano",Pop,2007,252906,0.66,0.559,0,-10.182,1,0.0272,0.456,0.00449,0.249,0.481,123.97,4
TRSDQQC128F14856D1,Till the Sun Turns Black,Ray LaMontagne,https://p.scdn.co/mp3-preview/a3d26893223c89e61ecc02cd285df252941f1a2c?cid=774b29d4f13844c495f206cafdad9c86,5okcRF5sFUfbJA2TvDeDQA,"rock, folk, acoustic, male_vocalists, mellow, chill",Folk,2004,268893,0.284,0.181,7,-15.634,1,0.0344,0.308,0.00943,0.442,0.144,113.348,4
TRRHAQH128F42792E9,Silver Coin,Angus & Julia Stone,https://p.scdn.co/mp3-preview/303ccab0c4724ae3a13071a0af52a33618595fc7?cid=774b29d4f13844c495f206cafdad9c86,07Uwe74mlX1vqGBwVxqVtN,"folk, acoustic",,2007,297800,0.507,0.5,5,-10.964,0,0.0296,0.143,0.17,0.0705,0.305,78.987,4
TRYXIPE128E07934C0,Hand on Your Heart,José González,https://p.scdn.co/mp3-preview/599e5b9a1262e28e83e902504f56262ae223ce30?cid=774b29d4f13844c495f206cafdad9c86,0ZZSfl02AZZAUgYYoFCTDQ,"acoustic, cover, swedish, chill",,2004,229266,0.598,0.45,2,-13.505,1,0.0338,0.438,0.536,0.103,0.387,93.241,4
TRJUYZL128F425A747,In Our Blood,Horse Feathers,https://p.scdn.co/mp3-preview/e91a8df44d4287ccf96f2cca3e7665ef88602f2e?cid=774b29d4f13844c495f206cafdad9c86,5c6WOG07mvfs0mMdftcvgQ,"folk, singer_songwriter, acoustic, beautiful",,2006,201426,0.456,0.0887,0,-14.407,1,0.0322,0.852,0.013,0.184,0.183,112.807,4
TROPBXY12903C99C98,Slight Figure Of Speech,The Avett Brothers,https://p.scdn.co/mp3-preview/b18c5eb445693ec1e0e0a3b024eac9f19aac6ef3?cid=774b29d4f13844c495f206cafdad9c86,3eFsWFfkvPpCxalT3R0ZPp,"rock, folk, acoustic, country, male_vocalists",,2009,142160,0.424,0.892,9,-5.67,1,0.0993,0.0199,2.06e-05,0.368,0.934,168.537,4
TRHDTUG128F92E8058,The Weight of Lies,The Avett Brothers,https://p.scdn.co/mp3-preview/370484d320a39a4d92e84f82f9c1746e3b0920e0?cid=774b29d4f13844c495f206cafdad9c86,1BIs2FHFBnahGSaoIzs7NM,"folk, acoustic, male_vocalists, chill",,2007,269680,0.591,0.411,9,-7.496,1,0.0299,0.713,0.0,0.115,0.454,153.616,4
TROKNMA128F93257D4,Carry Me Down,Demon Hunter,https://p.scdn.co/mp3-preview/ac6ba526c7a4bf4857f99bb805582a7536093f35?cid=774b29d4f13844c495f206cafdad9c86,2EZV2Th2sB3XMyjkabRgXS,"metal, metalcore",,2009,271720,0.213,0.894,7,-6.733,1,0.0848,0.000786,0.000447,0.801,0.207,155.838,4
TRZNAHL128F9327D5A,Gears,Miss May I,https://p.scdn.co/mp3-preview/6a9701b4828b982d35229d61403ad92c0c50d425?cid=774b29d4f13844c495f206cafdad9c86,3YC9z1sMjAxn5noHpBLBXd,"metalcore, post_hardcore, screamo",,2010,241466,0.47,0.975,5,-4.479,1,0.136,2.71e-05,0.000187,0.143,0.0796,123.022,4
TRSYBPH128F4227728,Pink Frost,The Chills,https://p.scdn.co/mp3-preview/57f081d51ab0c46e1362aced49ecf1d052188789?cid=774b29d4f13844c495f206cafdad9c86,0dhjvHPPXJECZCJ0sk51zy,"80s, psychedelic, new_wave, post_punk",,2012,240117,0.596,0.581,1,-11.285,1,0.0262,0.673,0.3,0.0833,0.3,136.769,4
TRWCYFW128F92FA04C,Shakawkaw,Infected Mushroom,https://p.scdn.co/mp3-preview/d9e609617ca488adf82caa2e46dca4b049043ff8?cid=774b29d4f13844c495f206cafdad9c86,2tvJNi3mhb8HL2BfCNvmL3,"electronic, psychedelic, trance",,2003,248880,0.703,0.635,8,-11.299,0,0.0481,0.633,0.911,0.11,0.585,109.997,4
TRPIAHX128F9315052,Tuesday Moon,Neutral Milk Hotel,https://p.scdn.co/mp3-preview/ec333da51f187f3d42e6a5400376d2ddc83d8760?cid=774b29d4f13844c495f206cafdad9c86,6KpvchYsk9Le5ZsFMHaGND,"indie, psychedelic",Rock,1995,140493,0.545,0.528,11,-10.856,1,0.0651,0.478,0.0158,0.231,0.777,122.269,4
TRQOUMO128F9324F05,Don't You Forget It,Allah-Las,https://p.scdn.co/mp3-preview/7d1b2c73ef36245c3df90db9adf362ba2c213e26?cid=774b29d4f13844c495f206cafdad9c86,0dO2DPjWMrtstURmYUOLIe,"rock, alternative, psychedelic, psychedelic_rock",RnB,2012,184789,0.615,0.815,10,-5.494,1,0.0299,0.0366,0.00305,0.331,0.712,119.283,4
TRSWJHK128F429EA6F,It's Only Divine Right,The New Pornographers,https://p.scdn.co/mp3-preview/4c73a116bd8e7b5037ba06dcf1464ce84e7f04fd?cid=774b29d4f13844c495f206cafdad9c86,6bmpcFTPCacxvm4hT51rw4,"indie, indie_rock, psychedelic",Rock,2003,251640,0.484,0.929,1,-3.058,1,0.0574,0.0365,6.18e-05,0.0947,0.556,149.972,4
TRXVLQC128F9324EFB,Ray Gun,The Bird and the Bee,https://p.scdn.co/mp3-preview/ce0657623a9efa60efb2b9b9a7da6af7ca3dcc00?cid=774b29d4f13844c495f206cafdad9c86,1HiI9wIBqVNCnjw0aIL6jG,"alternative, indie, psychedelic, trip_hop, downtempo, lounge",,2008,281440,0.498,0.515,0,-9.78,0,0.0298,0.596,0.000148,0.122,0.358,169.924,4
TRXJCGM128F932D16B,蜷局,DIR EN GREY,https://p.scdn.co/mp3-preview/a82776b919cb88bf1f934a2016a67ae21ed125db?cid=774b29d4f13844c495f206cafdad9c86,01dF7n7vcozAY9KfX3AxNP,"metal, japanese, progressive_metal, doom_metal, screamo",,2008,238480,0.25,0.896,10,-4.255,0,0.0722,9.55e-05,0.191,0.712,0.566,100.292,5
TRRKCHY128F147D6A4,Words Of Love,Hyde,https://p.scdn.co/mp3-preview/1ce23a6d0036be931a76ee37056ff35d8f2a0638?cid=774b29d4f13844c495f206cafdad9c86,4D3bmmRRy32ncoSH20B6PS,japanese,,2005,269306,0.507,0.97,6,-1.161,0,0.0901,0.00224,3.63e-06,0.0842,0.515,111.989,4
TRBIYUC12903CC766E,Stay Lit,Holy Fuck,https://p.scdn.co/mp3-preview/9d707d20e3c47650a6601d2ab5fa2fe56d8f8cbe?cid=774b29d4f13844c495f206cafdad9c86,1SQwXMAQ4UL0pNYV0Mowmx,"electronic, post_rock",Electronic,2010,199493,0.606,0.816,6,-5.266,0,0.0357,0.00562,0.937,0.11,0.374,135.874,4
TRLTISM128F424FEFB,Royal Gregory,Holy Fuck,https://p.scdn.co/mp3-preview/d2ebb6188ff18e53ae5c3501f4a4b57ad7e5ed32?cid=774b29d4f13844c495f206cafdad9c86,0ekCt0mm17QsTxO1Wp5rHx,"electronic, indie, experimental, instrumental, post_rock, funk, piano, noise",Electronic,2007,231493,0.672,0.764,10,-6.615,1,0.0879,0.0069,0.825,0.0855,0.617,121.914,4
TRGYDZL128F42629DD,Tone Bank Jungle,Holy Fuck,https://p.scdn.co/mp3-preview/3bed95dc9c5b89127cae94aed052ed6b32bb8f4b?cid=774b29d4f13844c495f206cafdad9c86,1H0ckoXyQxUX4PUyhTsoUu,"electronic, experimental, post_rock, electro, noise",Electronic,2005,394826,0.597,0.901,6,-7.808,1,0.0337,0.0204,0.633,0.154,0.534,113.881,3
TRDYYKS128F4275626,Music Is Happiness,The Octopus Project,https://p.scdn.co/mp3-preview/0b4622c8456a73e1b9b272f3150781b09d7f472b?cid=774b29d4f13844c495f206cafdad9c86,5eWkKmH4jeQAgq6MQeYvki,"electronic, indie, experimental, post_rock",,2005,219693,0.426,0.995,10,-5.546,0,0.0473,0.0148,0.735,0.56,0.697,83.088,4
TRUMDRI128F424FEFC,Echo Sam,Holy Fuck,https://p.scdn.co/mp3-preview/e9f1447a5098b452aeb1964f6060d8b99cb29211?cid=774b29d4f13844c495f206cafdad9c86,0fLb1BuFH4ld4gCpUYSSah,"electronic, indie, experimental, post_rock, noise",Electronic,2007,258093,0.553,0.929,6,-5.917,1,0.116,0.00537,0.913,0.103,0.639,188.432,4
TRPONOG128F4275608,The Adjustor,The Octopus Project,https://p.scdn.co/mp3-preview/9e13198836f0a6eecc4b34ecd1d24b7a545e196d?cid=774b29d4f13844c495f206cafdad9c86,6sC8fTO6Ja6BHoBmVFxJU3,"electronic, experimental, post_rock, electro",,2005,173360,0.621,0.825,10,-10.436,1,0.0277,0.27,0.731,0.0929,0.442,105.204,4
TRDANOF12903CC7670,SHT MTN,Holy Fuck,https://p.scdn.co/mp3-preview/8e84af45a0bb5eb0a199e617bcb3667e1c6f02f3?cid=774b29d4f13844c495f206cafdad9c86,0CEdHVFydS1PWj91QU1QgP,"electronic, experimental, post_rock",Electronic,2010,171693,0.624,0.782,2,-3.12,1,0.0591,0.00493,0.922,0.107,0.778,126.976,4
TRXJUGX128F42629F8,Bontempi Latin,Holy Fuck,https://p.scdn.co/mp3-preview/e287c5a8d0eb3fc2123bc2cf9d9a6e8de7a48d32?cid=774b29d4f13844c495f206cafdad9c86,1cpqLXwSvqPbU3Mgv14dpK,"alternative, experimental, post_rock",Electronic,2005,293586,0.565,0.765,11,-7.459,0,0.0558,0.000151,0.818,0.109,0.18,97.234,4
TRORDNM128F427560D,All of the Champs That Ever Lived,The Octopus Project,https://p.scdn.co/mp3-preview/f0d407234559014fd6b9b4f74a56b6bfd06af3b6?cid=774b29d4f13844c495f206cafdad9c86,2jPH3OGb4tjVrGwG5NxZoc,"electronic, post_rock",,2005,250960,0.525,0.918,4,-7.114,0,0.0673,0.0322,0.869,0.151,0.859,138.079,4
TRAXFUV128F4275634,Malaria Codes,The Octopus Project,https://p.scdn.co/mp3-preview/ab5d4710d5d9afbc52bae6618dc482d68f2bf49f?cid=774b29d4f13844c495f206cafdad9c86,7IAHSixtruJCqfQCHtXswv,"electronic, indie, experimental, post_rock, idm, chill",,2005,224280,0.498,0.659,8,-11.133,1,0.0608,0.0249,0.859,0.458,0.139,69.952,4
TRUSJGD128F427562C,Tuxedo Hat,The Octopus Project,https://p.scdn.co/mp3-preview/c89a9d3127b967fd7b54a7cf65ce49d1c7280b78?cid=774b29d4f13844c495f206cafdad9c86,1ybPE2JlxFXGGT0zARHX7f,"electronic, experimental, post_rock",,2005,313746,0.405,0.802,11,-9.55,1,0.0692,0.0804,0.243,0.0908,0.445,144.459,4
TRSYORQ128F149B881,A Life Worth Living,Aereogramme,https://p.scdn.co/mp3-preview/14272ebf540724e42d88b56ce0be3cb6d55f8e2e?cid=774b29d4f13844c495f206cafdad9c86,0rLc6orEtv9j0a7LLZGAgw,"indie, progressive_rock, post_rock",Rock,2007,358746,0.429,0.473,4,-9.225,0,0.032,0.00459,0.00843,0.108,0.166,79.976,4
TRBNLRU128F9307FFF,Grand Designs,Rush,https://p.scdn.co/mp3-preview/610ff44965ef1a6f81c788e24fecde8ca6f033e3?cid=774b29d4f13844c495f206cafdad9c86,0k1nnOtOgsmFyN5yVEk9am,"progressive_rock, progressive_metal",Rock,1985,306506,0.507,0.972,2,-5.656,1,0.0601,0.0276,0.0133,0.482,0.414,142.229,4
TRXCTGI128F92E844C,Peep Show,Sikth,https://p.scdn.co/mp3-preview/08e795dd518008c7e1c5c4555aed7bc386d2a083?cid=774b29d4f13844c495f206cafdad9c86,0uq1nBwlnfItRmqEsBAABc,progressive_metal,,2015,250520,0.292,0.948,3,-3.119,0,0.0759,0.000419,0.0,0.239,0.43,124.839,4
TRKOYXI128F423381A,Deny Selected,Boys Noize,https://p.scdn.co/mp3-preview/35af1563cda85455820bbf074d43dfebcdd0a715?cid=774b29d4f13844c495f206cafdad9c86,2xzHcOrgZUyrCsorf18qbL,"electronic, german, techno, electro",Electronic,2007,179253,0.693,0.971,11,-8.641,1,0.0772,0.0175,0.761,0.362,0.686,130.019,4
TRXLBFN128EF343BFE,Spring nicht,Tokio Hotel,https://p.scdn.co/mp3-preview/374e2b2f2bbc653e96b326b8437ae99a65c6ee8c?cid=774b29d4f13844c495f206cafdad9c86,2Ui3kNzZBlG6N0O5fJ5mr6,"rock, german",,2010,248373,0.409,0.631,1,-4.895,0,0.0292,0.000717,2.7e-05,0.0762,0.173,162.991,3
TRFYRFN128F14989E9,Writer's Block,Just Jack,https://p.scdn.co/mp3-preview/266e5dfc7879370c8d8d368c6d13f5585ddb5f0e?cid=774b29d4f13844c495f206cafdad9c86,0GPLexRk7KniDEPZOfG2bE,"electronic, pop, british, hip_hop, funk",,2006,221786,0.871,0.683,9,-5.663,0,0.11,0.139,0.00285,0.318,0.593,122.01,4
TRRJMRV128F42891C3,Shake Your Groove Thing,Peaches & Herb,https://p.scdn.co/mp3-preview/e3dce687617b606a1ce76fb3bba7bc694f638da6?cid=774b29d4f13844c495f206cafdad9c86,0alfBIvXj7CUn9pZs45OhJ,"funk, 70s",,2010,331946,0.886,0.743,9,-6.51,1,0.0416,0.0737,0.0239,0.0811,0.953,132.712,4
TRERPLQ128F425C904,Opening Up (Ce Soir On Danse),Chromeo,https://p.scdn.co/mp3-preview/fef0b8c01682942395a81321c83eaa3d9d7862a9?cid=774b29d4f13844c495f206cafdad9c86,0n23ipv3l6dljfNOpXpx6c,"electronic, dance, funk, electro",Electronic,2007,300840,0.578,0.471,9,-15.37,0,0.0755,0.00666,0.457,0.0504,0.967,123.721,4
TRRIHLA128F424819D,Rock 'n' Roll Lifestyle,Cake,https://p.scdn.co/mp3-preview/f417d505d82982eebba5b47def47053003e74085?cid=774b29d4f13844c495f206cafdad9c86,0Sx9PsBGxnrMfdOffO0wjX,"rock, alternative, indie, alternative_rock, indie_rock, 90s, funk",Rock,1997,254066,0.706,0.455,9,-9.751,1,0.219,0.296,0.0,0.222,0.937,117.429,4
TRMCIXG128F92E36EB,Rage!,Chromeo,https://p.scdn.co/mp3-preview/a3df367e109372507f5123ffe366758730a841f4?cid=774b29d4f13844c495f206cafdad9c86,0mzKAJthcgwmFCVer7s78f,"electronic, funk, electro",Electronic,2004,274320,0.852,0.653,2,-4.205,1,0.0372,0.00361,0.0358,0.0848,0.97,129.997,4
TRTGXPW128F92F278E,Sax Man,The Lonely Island,https://p.scdn.co/mp3-preview/c1459406bfca1858e776b11f594bfa294f49f393?cid=774b29d4f13844c495f206cafdad9c86,1AdCHY8ZSES6oxy92QizbA,"funk, 00s",,2009,126760,0.941,0.555,0,-6.212,1,0.256,0.00831,1.4e-05,0.13,0.646,107.588,4
TRWZFIC128F933BCA3,In Person,The Pussycat Dolls,https://p.scdn.co/mp3-preview/0ce9a5b6d079d7001518aef1b8831fc735acbb3b?cid=774b29d4f13844c495f206cafdad9c86,07MASMFa7IVrjfVPXzzUcQ,"pop, female_vocalists, dance, hip_hop, funk",Pop,2008,215666,0.614,0.905,7,-4.337,1,0.406,0.226,4.24e-05,0.0336,0.684,201.871,4
TRAMPQY128F9304A18,Driver's Seat,Sniff 'n' the Tears,https://p.scdn.co/mp3-preview/9004211027bc55611febe7a768fcbc0840501cb4?cid=774b29d4f13844c495f206cafdad9c86,043DDFAWsTNPxgV7VvGfqp,"rock, classic_rock, new_wave, 70s",Rock,2011,241733,0.745,0.794,11,-8.007,0,0.0383,0.00263,0.016,0.0921,0.978,133.051,4
TRLZIRJ128F42814D4,There's A Fire,OK Go,https://p.scdn.co/mp3-preview/639c88732034ef8ef7f854d922f11b7b0f3073a7?cid=774b29d4f13844c495f206cafdad9c86,0XutdznjKtn3OqWOkUT878,"rock, indie, alternative_rock, indie_rock, new_wave, emo",Rock,2002,230800,0.717,0.72,4,-6.086,1,0.0439,0.00299,4.18e-05,0.0782,0.851,90.888,4
TREXCGQ128E0786348,Blue Savannah,Erasure,https://p.scdn.co/mp3-preview/53dc30b95b83669bdeb11441e6c368afa50a3e62?cid=774b29d4f13844c495f206cafdad9c86,07GRcFwoQVyfKMkmos4B4N,"electronic, pop, 80s, new_wave, synthpop",Pop,2014,261504,0.55,0.928,2,-5.695,1,0.0462,0.00109,0.0754,0.773,0.438,135.418,4
TRPTIGH128C71968FA,Love Comes Tumbling,U2,https://p.scdn.co/mp3-preview/dc62a7dd55d6a6a3c1b0a8f44900a1692eb7dbee?cid=774b29d4f13844c495f206cafdad9c86,326PYGxzqnsbSfd5CrQ8xp,"rock, new_wave",Rock,1985,285893,0.622,0.413,11,-15.347,0,0.0311,0.00652,0.511,0.301,0.823,119.382,4
TRMLGGZ128F14633C3,Demolition Man,The Police,https://p.scdn.co/mp3-preview/8f8c15d7bb06b8b26ebbc30e02be4bd1c2ed0559?cid=774b29d4f13844c495f206cafdad9c86,2VsPCTNDazN4UTwjPj3Eo6,"rock, new_wave, male_vocalists",Rock,1993,357706,0.451,0.721,4,-10.851,0,0.0331,0.000139,0.799,0.102,0.751,153.547,4
TRJUIBH128E0793AF1,O My God,The Police,https://p.scdn.co/mp3-preview/e056261732e1dfb28ff13bfa9e9620d88e2a97e8?cid=774b29d4f13844c495f206cafdad9c86,0LI0vj0Qy9vYnn0O4nQVLt,"rock, new_wave, male_vocalists",Rock,1993,242226,0.561,0.715,4,-10.764,0,0.047,0.0502,0.00264,0.303,0.884,134.771,4
TROKJNK128F92F2532,Cuando Pase El Temblor,Soda Stereo,https://p.scdn.co/mp3-preview/6c05bda57499287af91bd8e8dfe77ad7e32cdf78?cid=774b29d4f13844c495f206cafdad9c86,2ExpCKBxiHbgzepERl1t4D,new_wave,,1983,228853,0.643,0.539,0,-10.142,1,0.0386,0.123,0.000155,0.0542,0.758,94.092,4
TRQDUKK128F424D5CF,Revenge Is Sweeter (Than You Ever Were),The Veronicas,https://p.scdn.co/mp3-preview/82903f0d3894e3d54c29ea0de5cf3dfe06e025ad?cid=774b29d4f13844c495f206cafdad9c86,1i1pQa3go0fjd1TrRpibs1,"pop, female_vocalists, new_wave, love, pop_rock",,2005,222293,0.625,0.793,6,-3.696,0,0.0252,0.0126,0.000469,0.301,0.42,130.944,4
TRHSMMT12903CDA213,Everything Always Goes Wrong,A Place to Bury Strangers,https://p.scdn.co/mp3-preview/281a95eaa4ecbc1d2d5b0e8e866c16e3cbc65ea3?cid=774b29d4f13844c495f206cafdad9c86,1WFHIoyzOL3m0FqE70KJ0K,"new_wave, post_punk, noise",Rock,2009,220786,0.133,0.837,3,-2.834,1,0.112,6.93e-06,0.164,0.908,0.17,83.481,4
TROEGUU128F1494363,Tonight She Comes,The Cars,https://p.scdn.co/mp3-preview/2c19809b40f182f9c3b003f347f30dca894a4448?cid=774b29d4f13844c495f206cafdad9c86,1LP2qLiEUF1vo1hSm08WJg,"rock, 80s, new_wave, pop_rock",Rock,2009,236733,0.655,0.837,5,-7.984,1,0.0264,0.053,0.0137,0.104,0.928,141.68,4
TRJSPWC128F1476F97,Meat Hook,The Cure,https://p.scdn.co/mp3-preview/f178bc33cae9d21215691bbc4ee60671df03ae1a?cid=774b29d4f13844c495f206cafdad9c86,0KmJokbvJdVQbh6Nn7KDV9,"british, new_wave, reggae, post_punk, gothic",Rock,1979,137840,0.615,0.245,2,-19.563,0,0.523,0.125,4.68e-05,0.112,0.668,166.595,4
TRAICJY128F92C3FF2,My Perfect Cousin,The Undertones,https://p.scdn.co/mp3-preview/ee4e6cfbfb9ea6c1be3c4aad3bb2849820647129?cid=774b29d4f13844c495f206cafdad9c86,1DxNV3CnFJdsUSRoHAbDAw,"punk, 80s, punk_rock, new_wave, post_punk",,1980,156093,0.514,0.85,9,-10.525,1,0.0487,0.00448,0.00243,0.0594,0.372,158.661,4
TRIMECG128F92D0147,Arguru,deadmau5,https://p.scdn.co/mp3-preview/152a88a7fbfb602b0b7f97239d9fc740205c8261?cid=774b29d4f13844c495f206cafdad9c86,02J6VJKDoaWET4wO5AyLaU,"electronic, trance, house, electro",Electronic,2014,430412,0.826,0.525,9,-8.044,1,0.155,0.0144,0.803,0.691,0.321,127.997,4
TRJCQYE128F14A00EB,Let U Go,ATB,https://p.scdn.co/mp3-preview/6031cdc2a4efa1346f68bee0c1b7eaca40952bc4?cid=774b29d4f13844c495f206cafdad9c86,0ODg26UWgIVnfXrqdZvgOV,"dance, trance, house, techno",Electronic,2000,234600,0.652,0.898,4,-7.831,0,0.0331,0.0334,0.508,0.119,0.87,136.362,4
TRVJWBD128F4289D82,Russia Privjet,Basshunter,https://p.scdn.co/mp3-preview/c16ea7a7d32ed0d665b8e408559fb59c8b6e8f1e?cid=774b29d4f13844c495f206cafdad9c86,1AbQ6PbifMwMQttLrICSmL,"dance, trance, techno",Electronic,2006,247746,0.686,0.968,1,-5.644,1,0.0688,0.0126,0.79,0.35,0.59,133.014,4
TRGRGBW12903D05F4E,Tidal Pool,Conjure One,https://p.scdn.co/mp3-preview/0703ffbe3c802f24f153f736dc3a941525f21abc?cid=774b29d4f13844c495f206cafdad9c86,1Wge0BwrCkcpSVv1ABPN53,"ambient, chillout, trance, trip_hop, downtempo, new_age",,2002,410866,0.356,0.577,7,-9.76,1,0.044,0.0467,0.57,0.11,0.0962,184.049,4
TRYDKGK128F423EEE0,Let's Shake Hands,The White Stripes,https://p.scdn.co/mp3-preview/7c276dbb50a83773b13c951a5b0013a889e24e2c?cid=774b29d4f13844c495f206cafdad9c86,6kLXxWV4OmwngOyaJBJW7B,"rock, alternative, alternative_rock, trance, blues_rock",Rock,2002,121373,0.347,0.965,4,-2.838,1,0.0619,0.758,0.142,0.0604,0.705,88.377,4
TRGOOYU128F92E62B1,Tracking Treasure Down,Gabriel & Dresden,https://p.scdn.co/mp3-preview/0afe38f4c9d7f728deade81f36668d6c5e099ece?cid=774b29d4f13844c495f206cafdad9c86,0U33qdyjsDqunIUD9rGcpV,trance,Electronic,2011,189066,0.561,0.766,8,-5.058,0,0.0478,0.00358,0.000117,0.141,0.28,135.075,4
TRXQJWK128F146DF76,Raining Again (Steve Angello's vocal mix),Moby,https://p.scdn.co/mp3-preview/76b940291a835a7791a93accfd65a45e60abc9a8?cid=774b29d4f13844c495f206cafdad9c86,4j8KWYG3CBSHLJ5aVkvv0M,"electronic, dance, trance, house, techno",,2006,414200,0.84,0.872,3,-6.009,1,0.176,0.000639,0.775,0.0275,0.785,125.461,4
TRWLYPN128F9303ACD,Something (Radio Edit),Lasgo,https://p.scdn.co/mp3-preview/c064f7b9a56146e268f553b85df1e7ff14b5f968?cid=774b29d4f13844c495f206cafdad9c86,1TDdF3p2lQXpMAsDxeH1EZ,"dance, trance, techno",,2011,220560,0.65,0.982,7,-6.682,0,0.0457,0.0249,4.78e-05,0.318,0.39,140.017,4
TRUBSZM128F422ABDE,Sweet Escape,Alesso,https://p.scdn.co/mp3-preview/c4497002f6989796c5172cfc0aeb08b302a19b42?cid=774b29d4f13844c495f206cafdad9c86,0Wz6vFHimAwaU2A1iMDc9c,"pop, dance, trance",,2016,231160,0.572,0.839,2,-3.811,1,0.0427,0.0772,1.25e-06,0.128,0.483,126.013,4
TRYPVYH128F42A4C53,Scream For More,Kate Ryan,https://p.scdn.co/mp3-preview/2a021ec74746ab3147a6209bb3c3244be9bbcccc?cid=774b29d4f13844c495f206cafdad9c86,0fRvswoB7pZTTHtcyti3t2,"dance, trance, techno",Pop,2011,240240,0.649,0.962,0,-6.889,1,0.0301,0.00364,0.124,0.57,0.441,139.975,4
TRDEUGD12903CB5CD5,Dream Girl,Basshunter,https://p.scdn.co/mp3-preview/a3190fb583da5d4c4770d8c41a5028c5467c6b08?cid=774b29d4f13844c495f206cafdad9c86,034NvQZ73Lka6idfJvTrzq,"pop, dance, trance, techno",,2007,266906,0.643,0.98,8,-6.204,1,0.0469,0.129,0.00147,0.124,0.282,144.972,4
TRHSHZI12903CBC2DF,Such Is Life (Sunday Afternoon Rework),Rank 1,https://p.scdn.co/mp3-preview/0ebb837a98c7838c25450727c1a3c48c0ee09dd9?cid=774b29d4f13844c495f206cafdad9c86,1p6pt7uBFUN2uIVEQIdN3V,"female_vocalists, chillout, trance",Electronic,2007,208186,0.531,0.509,1,-9.304,1,0.0329,0.0571,1.44e-06,0.232,0.347,152.103,4
TRLKAPQ128F92D8945,Baby Said,Hot Chip,https://p.scdn.co/mp3-preview/d7a1b4e5e5b2cfdd5fa6939a2760ea163f69f338?cid=774b29d4f13844c495f206cafdad9c86,2l9p0OhXXyVaUoZVYVXcCu,"electronic, indie, house, electro, downtempo",,2004,296520,0.669,0.557,9,-9.055,1,0.1,0.323,0.000389,0.0748,0.746,133.949,4
TREAQSX128E07818CA,One More Time (Romanthony's Unplugged),Daft Punk,https://p.scdn.co/mp3-preview/51e415095c9454abb3d6865315e9685198b2b26f?cid=774b29d4f13844c495f206cafdad9c86,6ju6DQ7uIuo74eh8iKUQu5,"electronic, pop, house, electro, rnb, french",Electronic,2003,220586,0.602,0.0967,9,-13.379,1,0.0559,0.915,0.000775,0.241,0.257,98.582,4
TRMMVUG128E078A24A,Technologic (Vitalic Remix),Daft Punk,https://p.scdn.co/mp3-preview/3c204ec1a5b90d39ab7ae4c5e166770d3f164455?cid=774b29d4f13844c495f206cafdad9c86,1QKWEOrj8Ee8PBu6mPVSw1,"electronic, house, techno, electro",Electronic,2006,324840,0.674,0.839,7,-9.859,1,0.165,0.00177,0.749,0.167,0.728,129.177,4
TRRSBHA128F425E8B5,Neighborhoods,Matthew Dear,https://p.scdn.co/mp3-preview/b479a22bfdd73f5d0971e7044f98442fec175bdf?cid=774b29d4f13844c495f206cafdad9c86,0sRwSbtW0UBS8LmC3q7ion,"house, techno",Electronic,2007,190226,0.936,0.643,8,-8.596,0,0.236,0.251,0.0872,0.0957,0.64,122.017,4
TRKGAYQ128F42827ED,ZDRLT (Rewind),Digitalism,https://p.scdn.co/mp3-preview/fa7a53998f84e83daab2b777c40ed3d997bdcc64?cid=774b29d4f13844c495f206cafdad9c86,1or1ItYp0J6oMkR0ZU0Akz,"electronic, house, techno, electro",Electronic,2008,310813,0.651,0.605,9,-5.326,0,0.111,0.00153,0.907,0.0859,0.951,127.916,4
TROICNM12903CB3402,Stay The Same,AutoKratz,https://p.scdn.co/mp3-preview/2c410c6bfd12ebf2097c3451b8c82b0fbea6768b?cid=774b29d4f13844c495f206cafdad9c86,097KvqUucAq9rVLVBp9ZSw,"house, electro",Electronic,2008,340453,0.633,0.703,4,-5.484,0,0.352,0.000205,0.000549,0.29,0.548,129.91,4
TRQIXPI128F1459AFE,Konstantine,Something Corporate,https://p.scdn.co/mp3-preview/1941687823201d5f487c2556649c79b64b4faa05?cid=774b29d4f13844c495f206cafdad9c86,0QCPdWghcq1j0GKywG2G5E,"piano, emo, love, beautiful, mellow",Rock,2010,576746,0.446,0.496,10,-10.663,1,0.0372,0.172,5.05e-06,0.077,0.11,80.081,4
TRQLCIR128F9343193,Comme Des Enfants,Cœur de Pirate,https://p.scdn.co/mp3-preview/8a541ef7b242fa5d5a2d548c669f70fd19c090c9?cid=774b29d4f13844c495f206cafdad9c86,0QQs2ze1nQyRi42TpCygtB,"piano, love, french",Pop,2013,165640,0.46,0.405,10,-7.706,1,0.0383,0.802,1.87e-06,0.109,0.381,123.635,4
TRSMIXL128F42A52E2,Adventures In Solitude,The New Pornographers,https://p.scdn.co/mp3-preview/1a090823d43c5382b58e8f8e1bb3e3309dc7c4b3?cid=774b29d4f13844c495f206cafdad9c86,2OKVJCDSHbEl39FUimYuYF,"indie, indie_rock, piano, chill",Rock,2008,256973,0.7,0.373,7,-7.033,1,0.0307,0.786,0.00258,0.0933,0.35,115.958,4
TRGEZFW128F147FD21,We're So Far Away,MAE,https://p.scdn.co/mp3-preview/610db1377f5e1cf94def1385a039cbddff355d04?cid=774b29d4f13844c495f206cafdad9c86,7an6emPKXMz2ISy1zWEVGv,"piano, emo",,2005,230080,0.36,0.335,1,-11.651,1,0.0397,0.841,0.00492,0.216,0.355,130.747,1
TRQMEEP128F4266F1A,Steven's Last Night In Town,Ben Folds Five,https://p.scdn.co/mp3-preview/871690fc5b955b45b275245a1d6e38c4a64e516e?cid=774b29d4f13844c495f206cafdad9c86,1pwlr46vM1mPwfC9GQ5mD6,"alternative, 90s, piano",,1997,207893,0.514,0.699,9,-5.274,1,0.0654,0.0235,0.000709,0.547,0.23,112.935,4
TRCXWLU128F92F2A0D,This Is The Future,Owl City,https://p.scdn.co/mp3-preview/9240faaae969ff8cc20eed72dff4423124505560?cid=774b29d4f13844c495f206cafdad9c86,17jG9JayIGPoexVXMqxiQG,"electronic, pop, piano, male_vocalists",,2008,173640,0.536,0.377,4,-13.255,1,0.0352,0.108,7.29e-05,0.0645,0.107,114.996,4
TRXLNLO128E078D3D2,In Cairo,Hot Hot Heat,https://p.scdn.co/mp3-preview/686a222d001f7f0c729398b4f16296583d2c3b06?cid=774b29d4f13844c495f206cafdad9c86,1qv5ZF9oM8KA0s9T5XKywc,"alternative, indie, indie_rock, piano, trip_hop",Rock,2002,295026,0.376,0.703,9,-6.056,1,0.0287,0.00787,0.0135,0.277,0.248,108.901,4
TRETTHQ128F428294E,It Don't Have to Change,John Legend,https://p.scdn.co/mp3-preview/02f1470de5763662c43610ba0a02fbadfc6f5ea2?cid=774b29d4f13844c495f206cafdad9c86,0txhpmsj2OrfA5JholTqAL,"soul, piano, rnb, male_vocalists",RnB,2004,203160,0.471,0.353,0,-9.907,1,0.0457,0.813,0.0,0.699,0.593,118.424,3
TRKNOQE128F425BEF5,Hold My Heart,Sara Bareilles,https://p.scdn.co/mp3-preview/7125d519931d39cf43d89df04c29c531753d5b5e?cid=774b29d4f13844c495f206cafdad9c86,46QrTPAuu0iJHnECJKIWWH,"pop, female_vocalists, piano, pop_rock",,2010,272613,0.486,0.71,4,-5.501,1,0.0429,0.0425,7.55e-06,0.108,0.438,145.821,4
TRITUFI128F147B77A,Another Town,Regina Spektor,https://p.scdn.co/mp3-preview/5a367d0bc1ac2fa8d8c1f5d59dc5b7880a9392d9?cid=774b29d4f13844c495f206cafdad9c86,2O4uO8jHAULYH5gMIy9eVD,"female_vocalists, piano, russian",,2006,247693,0.305,0.25,0,-9.784,1,0.0311,0.954,0.634,0.124,0.238,175.027,4
TRUTFIW128F42520FA,Hands On Me,Vanessa Carlton,https://p.scdn.co/mp3-preview/4f84d160b9e894addba88ac411e44f159a692f66?cid=774b29d4f13844c495f206cafdad9c86,05W448089ZNmmFHlLJA9HR,"pop, female_vocalists, piano",Pop,2011,179973,0.721,0.696,3,-6.957,1,0.0311,0.103,3.86e-06,0.0797,0.513,121.973,4
TRHGDIO128F9324EF2,Diamond Dave,The Bird and the Bee,https://p.scdn.co/mp3-preview/18b3f0d117021d51506593963363b7a7f749cdc7?cid=774b29d4f13844c495f206cafdad9c86,1h8zae131f15DR3nGq1G28,"electronic, piano, indie_pop",,2008,194306,0.613,0.794,10,-7.957,0,0.0414,0.0554,5.65e-05,0.183,0.613,157.024,4
TRYTDUF128F4282401,The Power of Orange Knickers,Tori Amos,https://p.scdn.co/mp3-preview/0369fce287dd597850361b02699513fd2da83bd9?cid=774b29d4f13844c495f206cafdad9c86,1M5vcEUX0uAUlwjL8GMdKN,"alternative, female_vocalists, singer_songwriter, piano",,2005,215813,0.68,0.502,8,-9.714,0,0.0355,0.652,2.21e-06,0.26,0.525,111.041,4
TRDSQJR128F92CB66C,This Joint,Slightly Stoopid,https://p.scdn.co/mp3-preview/a3203248c287f37f368d0a9122b7ae7f97b3162b?cid=774b29d4f13844c495f206cafdad9c86,0N3ryMNc9wFNSIu9O1LPHL,"reggae, chill, ska",,2005,247146,0.778,0.709,10,-5.706,0,0.108,0.228,0.00116,0.0749,0.96,75.0,4
TRJSBTM128E0793324,Murder She Wrote,Chaka Demus & Pliers,https://p.scdn.co/mp3-preview/67af43957b8be391b8c33686dbafa9303650c2c9?cid=774b29d4f13844c495f206cafdad9c86,06WaZhr77h0icETJ7heELE,reggae,,2014,218066,0.887,0.829,11,-6.883,0,0.135,0.0948,0.000624,0.258,0.961,95.11,4
TRPXFJP128F93351EA,Siguiendo La Luna,Los Fabulosos Cadillacs,https://p.scdn.co/mp3-preview/c83a60693cf03db657359b21aa95cebe4beec110?cid=774b29d4f13844c495f206cafdad9c86,1axRcCp2CZVjdWMMIBMQ73,"reggae, ska",Latin,1992,296093,0.616,0.414,7,-13.032,1,0.139,0.00949,1.91e-05,0.0707,0.782,161.08,4
TRKLPGQ128E07953DE,Pimpa's Paradise,Damian Marley,https://p.scdn.co/mp3-preview/fff8b19ab9670ba901c41c9b87c39ae3ebd6f932?cid=774b29d4f13844c495f206cafdad9c86,1L2dgF82cGbWnQ7zcZ44oV,reggae,,2005,304186,0.5,0.833,0,-6.066,1,0.42,0.331,0.0,0.511,0.562,91.44,4
TRBEDVH128F14599C7,Hey Sexy Lady,Shaggy,https://p.scdn.co/mp3-preview/76436b01a7238e0303dd4787770f33ae67c71ddb?cid=774b29d4f13844c495f206cafdad9c86,0n3nvjfzkenuNNYXwsGSw3,"pop, dance, hip_hop, reggae, rnb, male_vocalists",,2008,200520,0.95,0.564,3,-6.515,0,0.0653,0.0052,0.00544,0.311,0.655,101.771,4
TRDVGIH128F429353C,Come Let Go,Xavier Rudd,https://p.scdn.co/mp3-preview/88fcffccd58ec32672f3399dd0fa3caa5bdc5121?cid=774b29d4f13844c495f206cafdad9c86,258CEuV9zzGk2PraoCH2yx,"reggae, male_vocalists",,2007,412226,0.547,0.546,7,-8.634,1,0.047,0.114,0.0372,0.381,0.28,140.477,4
TRDTROU12903CF66A3,Mama Africa,Akon,https://p.scdn.co/mp3-preview/71f205d19dddc304dbede99d3053537fa41ebbe8?cid=774b29d4f13844c495f206cafdad9c86,04E3nCdldO4GaIGolP6gjr,"reggae, rnb",,2006,265520,0.609,0.591,10,-8.238,0,0.118,0.091,0.0,0.388,0.571,79.975,4
TRAJIBZ128F1461F2F,Pupilas Lejanas,Los Pericos,https://p.scdn.co/mp3-preview/1af58bf114063df39f4a97e494cc5e685369c5ce?cid=774b29d4f13844c495f206cafdad9c86,0VZ2rAa5ceRaMPMufTVmqd,"reggae, ska",,2002,234733,0.698,0.516,3,-8.609,1,0.0321,0.135,0.0,0.081,0.94,75.01,3
TRSTGGL128F4285F98,Del Fuego,Fat Freddy's Drop,https://p.scdn.co/mp3-preview/8bc6486e14e3d52bb45b4089f082524b22c93b36?cid=774b29d4f13844c495f206cafdad9c86,0a8dSXGmiBsYKSoWiJoXKu,"chillout, reggae",Reggae,2006,324786,0.345,0.262,6,-18.456,0,0.0456,0.389,0.616,0.109,0.0877,179.806,3
TRIIXNL128F425EAA1,Sweetest Girl (Dollar Bill),Wyclef Jean,https://p.scdn.co/mp3-preview/6b50e3c7cae4dab0d8999f36c33bf17e466f4657?cid=774b29d4f13844c495f206cafdad9c86,0uXd9qQ370RdDuG35y4zwq,"rap, hip_hop, reggae, rnb",,2007,239440,0.73,0.746,1,-3.53,1,0.0517,0.0672,0.0,0.353,0.549,92.523,4
TRPSRPT12903CDC670,Strong Will Continue,"Nas & Damian ""Jr. Gong"" Marley",https://p.scdn.co/mp3-preview/032530cd6257c22bcc84dc0d5f4146f96215f236?cid=774b29d4f13844c495f206cafdad9c86,0EBPvg8a0AkmzcK3S83rBF,reggae,,2010,361466,0.576,0.769,1,-5.536,0,0.333,0.115,0.0,0.0785,0.653,202.164,4
TRCIJYW128F424AAAD,Ruling Dub,Groundation,https://p.scdn.co/mp3-preview/98793d1bc373235ed7914b85f03dc3d1339bd114?cid=774b29d4f13844c495f206cafdad9c86,2TsuVlwyTIRTHtksLBnIje,reggae,Reggae,2003,426079,0.815,0.378,1,-10.847,1,0.0564,0.0506,0.0387,0.0951,0.631,122.264,4
TRAQQDK128F42865B6,Roots Rock Riot,Skindred,https://p.scdn.co/mp3-preview/bdf075f54bf6853a9b31ae0862ae56647d874330?cid=774b29d4f13844c495f206cafdad9c86,5bIT4iNzZjEDMfdRhCnGzv,"reggae, nu_metal",,2007,181560,0.402,0.989,1,-2.439,1,0.26,0.00569,0.0,0.355,0.474,191.2,4
TRDGRYP128F148514F,Girls Dem Sugar,Beenie Man,https://p.scdn.co/mp3-preview/99f3e24392dfce31e3eb077b34b402370b7b4767?cid=774b29d4f13844c495f206cafdad9c86,0rozHtlg92te15R7CUecWF,reggae,Reggae,2006,229333,0.812,0.544,7,-9.132,1,0.19,0.0999,0.0,0.135,0.524,91.097,4
TRAXQYP128F930458D,Red Red Wine (Edit),UB40,https://p.scdn.co/mp3-preview/68f1b5c0766d8df562e6f3c5f4b8ac15227d81a6?cid=774b29d4f13844c495f206cafdad9c86,0f9XD7aqCikZdrxy68dz67,reggae,,2012,182600,0.849,0.533,1,-6.433,1,0.0444,0.00431,2.1e-05,0.326,0.777,89.112,4
TRCMXWA128F92CB6D0,Ain't Got A Lot of Money,Slightly Stoopid,https://p.scdn.co/mp3-preview/fac6696281409e27a4cb7d655d81a1c2a3790025?cid=774b29d4f13844c495f206cafdad9c86,03IPeHIpI1sfZ3XLKutTJD,"blues, reggae, ska",Reggae,2005,178786,0.783,0.835,2,-5.123,1,0.0407,0.194,0.0,0.104,0.87,96.525,4
TREBWYU12903CCDAA8,Pro Lover,Usher,https://p.scdn.co/mp3-preview/996fa878e0f9975a1fe0cc88d5d599d1f738c0f4?cid=774b29d4f13844c495f206cafdad9c86,07x8d7y3P6ftC1xnGapEXi,"reggae, rnb",RnB,2010,302986,0.703,0.62,11,-5.162,0,0.231,0.00316,7.27e-05,0.0724,0.61,71.996,4
TREKDZI128F146A972,Here I Am (Come And Take Me),UB40,https://p.scdn.co/mp3-preview/9def5915cb5b40b9e3b21d94dce2e8732e14fcf1?cid=774b29d4f13844c495f206cafdad9c86,1g3VhzSynS5amxQ0pKmNAS,reggae,Reggae,2014,242333,0.803,0.633,5,-8.31,0,0.0378,0.105,0.017,0.0723,0.83,95.91,4
TRCZKAL128E07932FC,Chant A Psalm,Steel Pulse,https://p.scdn.co/mp3-preview/c35a00479c2018939beab69c8c96d7552d74892e?cid=774b29d4f13844c495f206cafdad9c86,2ZOWVcji0IUFv1VygHxlNO,reggae,Reggae,1993,270520,0.859,0.668,8,-7.23,0,0.0463,0.026,7.28e-06,0.298,0.958,111.493,4
TRXRZLJ12903CE26A2,Faith Works,Soldiers of Jah Army,https://p.scdn.co/mp3-preview/ce4582b65290b1722c399a28aeef9fbccc3932a6?cid=774b29d4f13844c495f206cafdad9c86,07eUgODq7boMWSqte5H8DC,reggae,,2006,304093,0.735,0.492,7,-8.96,0,0.0702,0.0401,1.15e-06,0.108,0.46,126.146,4
TRYBVUJ12903CE26A1,Be Aware,Soldiers of Jah Army,https://p.scdn.co/mp3-preview/5fdc076e77f3e2e578c627a482255d464822e454?cid=774b29d4f13844c495f206cafdad9c86,4YQRwVSQ27ycemS7A1Zodx,reggae,,2006,250813,0.651,0.545,7,-7.985,1,0.156,0.0105,0.0,0.0594,0.465,79.096,4
TRILJFV128F9341358,Global A Go-Go,Joe Strummer and the Mescaleros,https://p.scdn.co/mp3-preview/4df8284e1d6b2b977962fbf7e6e04dcbfe8cb689?cid=774b29d4f13844c495f206cafdad9c86,0NqYwWYBQgexA52Wf3T9mi,"rock, alternative, reggae",Rock,2002,355373,0.676,0.759,9,-7.787,0,0.055,0.0798,2.74e-05,0.182,0.791,138.027,3
TRQPVGW128F42753B1,Sin Cadenas,Los Pericos,https://p.scdn.co/mp3-preview/052bc8f1870ec0cf35e351bfa12995498e232914?cid=774b29d4f13844c495f206cafdad9c86,3sQPbuOwcMQXYEr2k2Y66a,reggae,,2005,271680,0.789,0.549,0,-7.29,0,0.0463,0.176,0.0,0.171,0.78,139.423,4
TRMRHPL128F42890D1,Not Falling Apart,Maroon 5,https://p.scdn.co/mp3-preview/772e5a3e7d2c46ae38163748adfa756acd58799a?cid=774b29d4f13844c495f206cafdad9c86,1Jbnep9UP9swwo01h02UZ5,"rock, pop, american, male_vocalists, love, 00s, pop_rock",Pop,2007,243626,0.758,0.714,7,-5.027,1,0.0382,0.00788,1.34e-06,0.0636,0.403,119.971,4
TRWAEUG12903CEB0A0,Keep Fallin',Hot Chip,https://p.scdn.co/mp3-preview/956314d04e4e9d09495c5f2372f7c4ed2d04e37b?cid=774b29d4f13844c495f206cafdad9c86,1eHxUBKClhkbz7avt5XmUV,"electronic, indie, trip_hop, electro",,2004,286160,0.894,0.379,5,-11.652,0,0.136,0.12,0.0,0.1,0.629,101.975,4
TRYXWBM12903CC766C,Latin America,Holy Fuck,https://p.scdn.co/mp3-preview/1cd5b539509a032df62d546ca579d77c73a27fb1?cid=774b29d4f13844c495f206cafdad9c86,2H6OsqxZpQgenQGpCpogNS,"electronic, instrumental, trip_hop, electro",Electronic,2010,289106,0.558,0.875,0,-4.868,1,0.0346,0.0433,0.914,0.0818,0.407,105.729,4
TRMTIEX12903D073B0,Bentley's Gonna Sort You Out,Bentley Rhythm Ace,https://p.scdn.co/mp3-preview/9045b07d07a9120a6ec560cdc6b2c4da01c773a3?cid=774b29d4f13844c495f206cafdad9c86,0obWJimTnlJaDknADo7MtL,"electronic, dance, trip_hop, lounge",,1997,295426,0.669,0.946,10,-9.187,0,0.0422,0.00711,0.69,0.0835,0.774,104.007,4
TRWQQNK128F425A335,Thinking About Tomorrow,Beth Orton,https://p.scdn.co/mp3-preview/839c12cb4f568e1f67748405efc6f5c672416656?cid=774b29d4f13844c495f206cafdad9c86,2OLuNNKTliuBcRaO36VaZW,"alternative, female_vocalists, folk, singer_songwriter, trip_hop",,2002,400746,0.591,0.272,1,-14.047,0,0.0277,0.652,0.0442,0.0621,0.368,88.971,4
TRFYNWB12903CE1DD3,Be Like You,Moloko,https://p.scdn.co/mp3-preview/4447fdbcd3b469fdaa1b81575f628cf345f7b627?cid=774b29d4f13844c495f206cafdad9c86,2lPmrdW7JTkFxTzQvCUskP,trip_hop,,1998,285093,0.793,0.318,0,-12.732,1,0.075,0.00285,0.106,0.126,0.656,79.199,4
TRXKEMH128F423381D,Superfresh,Boys Noize,https://p.scdn.co/mp3-preview/a36b29c51d8f9cf4a79cc3bf3b1e0b8a26fdce6c?cid=774b29d4f13844c495f206cafdad9c86,0mCoxFFYs0TRZDV7oq6SpX,"techno, electro",Electronic,2007,318973,0.827,0.729,6,-7.473,1,0.167,0.000393,0.0671,0.0881,0.708,127.979,4
TRUGNUW128F424C219,Marbles,Paul Kalkbrenner,https://p.scdn.co/mp3-preview/d0ec4eef1dbcc97d3407fb2fec808227878dc3e9?cid=774b29d4f13844c495f206cafdad9c86,7oqOgG1BuefOKlHcf2cKSW,"electronic, ambient, techno, downtempo, lounge",,2004,257413,0.638,0.334,9,-10.887,0,0.0429,0.0794,0.932,0.15,0.671,79.997,4
TRYFDNR128F4260C5E,No Air duet with Chris Brown,Jordin Sparks,https://p.scdn.co/mp3-preview/3fdf0096af650a0ab38749a07a6f879bbb903822?cid=774b29d4f13844c495f206cafdad9c86,0LrPW3caVtr5qbbMr97vFo,"pop, female_vocalists, dance, techno, rnb",,2008,261240,0.435,0.75,8,-5.694,0,0.259,0.0609,0.0,0.0806,0.333,159.744,4
TRCWEHF128F933FEBF,Quiet Little Voices,We Were Promised Jetpacks,https://p.scdn.co/mp3-preview/8461f42d1254751eb65fa11131bca1dd52028a96?cid=774b29d4f13844c495f206cafdad9c86,04NLllRSmhhsYBmv7ZcL7T,"indie_rock, post_punk",Rock,2012,260106,0.146,0.984,4,-4.029,1,0.103,0.218,0.933,0.379,0.109,171.981,4
TRRSCIH128F146EC1C,Skip To The End,The Futureheads,https://p.scdn.co/mp3-preview/467a073abe6f8c2be62733311becb84d021e444f?cid=774b29d4f13844c495f206cafdad9c86,3KGuuRg8XhkTZbsLJRZGDz,"indie, indie_rock, british, post_punk, britpop",Rock,2006,174893,0.77,0.831,11,-6.607,1,0.101,0.0954,0.0,0.158,0.671,120.137,4
TRIHNSZ12903C9FF9D,Let's Live For Today,The Grass Roots,https://p.scdn.co/mp3-preview/c31e4afcfccff9a3611616fc118c3ccbe1ac5a60?cid=774b29d4f13844c495f206cafdad9c86,00qa54kZHZdYrzJGg5Tqsa,"classic_rock, 70s, 60s, oldies",Rock,2013,172546,0.58,0.229,1,-20.03,0,0.0383,0.143,0.0,0.0637,0.402,116.37,4
TRKBOGQ12903CBDF4E,Long May You Run,Neil Young,https://p.scdn.co/mp3-preview/2bcc7f678f9486b339374fe11f013a73ceceef82?cid=774b29d4f13844c495f206cafdad9c86,2mnEHA8kNQf0XMf98f11f0,"rock, classic_rock, folk, singer_songwriter, 70s, country",Rock,1993,322106,0.435,0.465,2,-14.709,1,0.0354,0.206,3.62e-06,0.943,0.705,140.892,4
TRLLIGO128F9318CA6,Dance The Way I Feel,Ou Est Le Swimming Pool,https://p.scdn.co/mp3-preview/f5856328355e7db22de973869fe50550fc715160?cid=774b29d4f13844c495f206cafdad9c86,07wEaY0jPbOYdYa8HgN9gc,"electronic, indie, electro, french, synthpop, lounge",Electronic,2010,206653,0.71,0.956,8,-5.631,1,0.0403,0.00932,5.49e-06,0.105,0.485,118.02,4
TRDLSCJ12903D00EF5,Kicking And Screaming,The Presets,https://p.scdn.co/mp3-preview/d90fbf9dcf169e91110e405aafe643c8ed9250f5?cid=774b29d4f13844c495f206cafdad9c86,1hQ0uOZnlfPgEnMly1orQg,"electronic, electro",Pop,2008,345240,0.602,0.895,9,-5.044,1,0.0442,0.0585,0.774,0.123,0.751,128.959,4
TRZAWAN128F92E7D8E,Cheryl Tweedy,Lily Allen,https://p.scdn.co/mp3-preview/cc2200a7ceb55d96ab0a9c9263a45b1b35a08a56?cid=774b29d4f13844c495f206cafdad9c86,0ljFlxaS34LUdF3c5pKo9E,"pop, female_vocalists, british, electro, britpop",,2006,195360,0.698,0.701,9,-9.655,0,0.0889,0.184,0.0107,0.0944,0.514,172.016,4
TRMIHFS128F92F2A01,Early Birdie,Owl City,https://p.scdn.co/mp3-preview/b3de31d82c0d963fe44200d2675b9bf268fa5aa2?cid=774b29d4f13844c495f206cafdad9c86,1TvtrJ6uyfQ8JX3lYzxsQx,"electronic, electro, male_vocalists, synthpop",,2010,255640,0.441,0.819,10,-8.414,1,0.0374,0.279,0.0176,0.28,0.66,199.863,4
TRACRRS128F1465A64,Prego Amore,Erlend Øye,https://p.scdn.co/mp3-preview/48194cbc38fb8b33ee633a94668075657c65bbcf?cid=774b29d4f13844c495f206cafdad9c86,7Dkf1e2boMGONuceqaDgww,"electronic, chillout, electro",Electronic,2003,233680,0.827,0.665,7,-9.708,1,0.0648,0.0438,0.762,0.0823,0.6,111.017,4
TRRMVQS128F9313174,Gravity's Rainbow (Van She Remix),Klaxons,https://p.scdn.co/mp3-preview/5ca81e641777d33d6020ef52b292011c630761b7?cid=774b29d4f13844c495f206cafdad9c86,4kMm0Y01v05d2Jw1MbhP3m,"electronic, indie, british, electro",Electronic,2006,323226,0.659,0.754,4,-3.423,0,0.0375,0.00184,0.836,0.0923,0.0471,130.021,4
TRBOAJY128F14979B5,The Good That Won't Come Out,Rilo Kiley,https://p.scdn.co/mp3-preview/fa5cfbbf67bfefd78f86b57690c3c8f0ee0cdc50?cid=774b29d4f13844c495f206cafdad9c86,1B7SCDviw3UgQ7xTXWh1qL,"indie, female_vocalists, indie_rock, indie_pop, love, beautiful, 00s, mellow",Rock,2002,271800,0.544,0.443,7,-8.995,1,0.0341,0.235,0.000225,0.0394,0.296,168.526,4
TRHXWPI128F1488037,Sometimes In The Fall,Phoenix,https://p.scdn.co/mp3-preview/609ea19ee89fe938bd3b5aacda6408fdf15dfcea?cid=774b29d4f13844c495f206cafdad9c86,0HcBcOe3KCqcUfNOAP8kNa,"indie_pop, love, french",Rock,2006,349533,0.602,0.778,0,-6.233,1,0.0494,0.00553,0.000517,0.098,0.29,153.079,4
TRLVBYD128F9320600,Keep a Secret,The Whitest Boy Alive,https://p.scdn.co/mp3-preview/09756141c1374f66858e3bb647b1d1591803f0bb?cid=774b29d4f13844c495f206cafdad9c86,1H3jfEMYxjsn1LdfYZOn5V,"indie, indie_pop",Rock,2009,247693,0.55,0.57,6,-8.418,1,0.0296,0.209,0.111,0.0568,0.758,118.764,4
TRLOIMO128F42AC94F,Let Me Take You There,Plain White T's,https://p.scdn.co/mp3-preview/11b27c68c2d7d8be8d0a41a1218aafbca7ad0ac7?cid=774b29d4f13844c495f206cafdad9c86,3ewK5ZfOAEaIUEc7utEot3,"rock, alternative, indie_pop, emo, love, beautiful, pop_rock, chill",Rock,2006,226320,0.481,0.735,9,-5.128,1,0.0321,0.215,0.0776,0.324,0.169,125.567,4
TRAWOQC128F424BB69,Myriad Harbour,The New Pornographers,https://p.scdn.co/mp3-preview/f60221d6ed661a3513f32addda471d0c7e41cdaa?cid=774b29d4f13844c495f206cafdad9c86,2CM97NcPUBgvTtKyWR7kn9,"indie, indie_rock, indie_pop",Rock,2007,242160,0.683,0.79,7,-6.232,1,0.0328,0.214,2.98e-05,0.0713,0.846,107.534,4
TRLIWPE12903CE91C4,Swim Until You Can't See Land,Frightened Rabbit,https://p.scdn.co/mp3-preview/062429797902342cf22ef2bb8081c4149c2259f0?cid=774b29d4f13844c495f206cafdad9c86,0cPF3h1Xobt4QXk7FKSzvb,"indie, indie_rock, indie_pop, mellow",,2010,262373,0.339,0.881,7,-4.307,1,0.0355,0.0499,0.0,0.0967,0.566,81.029,4
TRPBWHX128F933F338,Pull My Heart Away,Jack Peñate,https://p.scdn.co/mp3-preview/d999063909e7477cc086ff76bc12985255dc46e0?cid=774b29d4f13844c495f206cafdad9c86,1vJOfcKh8j21Oqt2dc9rel,"alternative, indie, indie_pop",Rock,2009,247413,0.498,0.87,0,-2.908,1,0.0293,0.0178,0.000588,0.0655,0.601,94.97,3
TRYHTOU128F932EBF9,Electric Twist,A Fine Frenzy,https://p.scdn.co/mp3-preview/b512ef171f0b85a9def2d87824365c4b7f7064a7?cid=774b29d4f13844c495f206cafdad9c86,2jQ7ZztDfmt4qeW0tOMIqY,"indie, pop, female_vocalists, singer_songwriter, indie_pop",,2009,271506,0.773,0.646,8,-4.902,1,0.125,0.079,0.000297,0.0866,0.858,135.0,4
TRZSADA128F930C627,Walk On The Water,Creedence Clearwater Revival,https://p.scdn.co/mp3-preview/9a6c5d69bfe8e2fcf8a0f41327be12b7869bb0cf?cid=774b29d4f13844c495f206cafdad9c86,1yfuQlsoBwK19s8PVoRTVb,"classic_rock, 60s, blues_rock",Pop,1976,279133,0.429,0.709,2,-9.442,1,0.046,0.000493,0.538,0.23,0.46,125.003,4
TRMBBAL128F92E4B44,First of May,Bee Gees,https://p.scdn.co/mp3-preview/c589e5db154f46c9a7514f70602242603fdfbabc?cid=774b29d4f13844c495f206cafdad9c86,1bEzxyJJcadq40MFXhTTtr,"pop, 60s, oldies",,2010,167973,0.283,0.349,2,-9.32,1,0.0305,0.362,1.62e-05,0.0932,0.306,130.932,4
TROKYVE128F1461E5D,A World Without Love,Peter & Gordon,https://p.scdn.co/mp3-preview/3fe92406983c7aa0ed38154b6fdbfd1391cbf419?cid=774b29d4f13844c495f206cafdad9c86,02clEcOWJn5GIx1cQFqdGO,"60s, oldies",Pop,2008,160880,0.513,0.712,4,-8.674,1,0.0622,0.216,0.0,0.133,0.788,129.823,4
TRSGXPQ128F9306C04,If You Wanna Be Happy,Jimmy Soul,https://p.scdn.co/mp3-preview/bbf8dbf17546f27593b89697f771927b7a11a920?cid=774b29d4f13844c495f206cafdad9c86,06jp18IPhHWXYWTXiHNwhB,"60s, oldies",,1997,139600,0.67,0.871,10,-7.501,1,0.0365,0.603,0.00218,0.338,0.907,93.468,4
TRMNLOT128F1473B10,I Ain't Marching Anymore,Phil Ochs,https://p.scdn.co/mp3-preview/e927186eca5f72e1be5f98eafddddf420551800d?cid=774b29d4f13844c495f206cafdad9c86,01nnnUPGPRxzNsyGewWI0B,"folk, 60s",Folk,2006,154893,0.498,0.492,6,-6.517,1,0.0458,0.633,0.0,0.0762,0.662,131.104,4
TRVSJOM12903CD2DC1,One Less Lonely Girl,Justin Bieber,https://p.scdn.co/mp3-preview/a6952b6a2d75d49d021cc5a937527e5862c97fee?cid=774b29d4f13844c495f206cafdad9c86,0A0oZES1ToJ5LopTrqY9xk,"pop, rnb, love",Pop,2010,229106,0.579,0.75,4,-4.424,1,0.198,0.157,0.0,0.276,0.715,86.932,4
TRWNPDZ128F934B946,Fire Bomb,Rihanna,https://p.scdn.co/mp3-preview/01b4df21e15405bf2b81f4baae629f6185683929?cid=774b29d4f13844c495f206cafdad9c86,2igOUypyg58AbiUPgrlPNN,"rnb, beautiful, pop_rock",RnB,2009,257786,0.561,0.847,5,-4.728,1,0.0446,0.13,0.0,0.151,0.443,149.909,4
TRZTSWS128F9355F2F,Break Up To Make Up,Jeremih,https://p.scdn.co/mp3-preview/db8976566c25848a334cc0948d7574f0f3cb1757?cid=774b29d4f13844c495f206cafdad9c86,2noUMJZh3dooDmoHXJ1ut6,rnb,RnB,2009,227520,0.643,0.454,11,-8.396,1,0.037,0.305,0.0,0.184,0.667,93.882,4
TRUCRUF128F14B0255,Player's Prayer,Lloyd,https://p.scdn.co/mp3-preview/813c974d04afa01cd4d94e3addc6455f0239b327?cid=774b29d4f13844c495f206cafdad9c86,2nc4v8qvhyfAn9JyO8v5eq,"rnb, male_vocalists",RnB,2007,251120,0.513,0.698,5,-6.716,0,0.124,0.398,0.0,0.153,0.502,123.512,4
TRGNDNE128F92E50F5,I'll Be Lovin' U Long Time,Mariah Carey,https://p.scdn.co/mp3-preview/bb7063e7ac2d909969f7feec0a850d9cbc9bf2ba?cid=774b29d4f13844c495f206cafdad9c86,0BVg2HLpftmKpsgn7VuY1D,"pop, rnb",,2008,181026,0.466,0.723,1,-5.366,1,0.0758,0.164,0.0,0.314,0.442,178.914,4
TRUNGSY128F92CC88B,Bottle Pop,The Pussycat Dolls,https://p.scdn.co/mp3-preview/ecb2a47425a2c4ea1ca258bde6b499cff8d7a2d4?cid=774b29d4f13844c495f206cafdad9c86,0DhbTvconLX4BN9NFiIWzN,"pop, female_vocalists, dance, rnb",,2010,210080,0.818,0.668,7,-7.463,1,0.0435,0.00497,0.000164,0.296,0.797,116.037,4
TRBNGTP128F429F7F4,(I Got That) Boom Boom,Britney Spears,https://p.scdn.co/mp3-preview/88564542c45926191794735236648168c31439d3?cid=774b29d4f13844c495f206cafdad9c86,0tNWazdQePRjpRAcTLa27a,"pop, rnb",Pop,2003,289400,0.859,0.863,7,-2.748,1,0.143,0.105,0.0,0.447,0.811,109.987,4
TRNYCAH12903CB19F2,Hello Good Morning,Diddy - Dirty Money,https://p.scdn.co/mp3-preview/e210a2201d283f0220add10d35ee030822ae94eb?cid=774b29d4f13844c495f206cafdad9c86,0b3lplKp2GTXnpvk97zvKn,"dance, hip_hop, rnb",,2010,268746,0.621,0.952,2,-2.467,1,0.246,0.0681,0.0,0.676,0.559,103.931,4
TRZGLNO128F92D65BE,Where Did He Go,Keri Hilson,https://p.scdn.co/mp3-preview/609f4166b9cfb68dd19ef3250d866c903f4cea22?cid=774b29d4f13844c495f206cafdad9c86,09m1Gbf3ZgF1oEWCw2O0zh,rnb,RnB,2009,295560,0.309,0.603,0,-5.888,1,0.0759,0.237,0.0,0.072,0.619,178.716,4
TRWOXPU128F92EB3D3,A Little Too Not Over You,David Archuleta,https://p.scdn.co/mp3-preview/0e420a887a41259d95bd6e22a0bf11c79d859d61?cid=774b29d4f13844c495f206cafdad9c86,10QsFPJ3owUxJKe0fzA1A2,"pop, rnb, male_vocalists",,2008,198066,0.531,0.694,0,-4.877,0,0.0321,0.0131,0.0,0.378,0.538,163.978,3
TRXVDVM128E078442F,Secret Lovers,Atlantic Starr,https://p.scdn.co/mp3-preview/e5545d1eeac27f737f678d9187aa616e3cb880e0?cid=774b29d4f13844c495f206cafdad9c86,02mjj38Ide6jJxZFIFK1kx,"80s, soul, rnb, oldies",,2003,215680,0.528,0.518,0,-11.621,1,0.0676,0.654,0.0,0.233,0.623,79.55,4
TRBEFXF128F4263CE9,Dontchange,Musiq,https://p.scdn.co/mp3-preview/610ea168c3a0d400fba1bc911b318c10200d7028?cid=774b29d4f13844c495f206cafdad9c86,24Mwwgp7EwJLShrTeJBZo3,rnb,RnB,2012,304253,0.475,0.499,6,-7.747,0,0.0348,0.19,0.0,0.108,0.192,101.843,4
TRUCZTB128F4218750,What Was I Thinkin',Dierks Bentley,https://p.scdn.co/mp3-preview/ca371b2db23a8bde425857715de23c78eff587ad?cid=774b29d4f13844c495f206cafdad9c86,0r8iDf65NHgFgZOGLwj5r8,country,Country,2003,260826,0.551,0.825,5,-6.24,0,0.044,0.152,6.2e-06,0.0999,0.933,164.857,4
TRQYEBP128F92E4F05,People Are Crazy,Billy Currington,https://p.scdn.co/mp3-preview/f8d3d6b6e92005128435f6a60f5904b811fe87c2?cid=774b29d4f13844c495f206cafdad9c86,0ucud295w9xVvzuAZIWymS,country,Country,2010,232520,0.655,0.714,5,-4.998,1,0.0264,0.236,0.000473,0.125,0.351,141.97,4
TRKCQHG128F92E0C1C,Good Directions,Billy Currington,https://p.scdn.co/mp3-preview/ea3f9a0ec5df13fb11a60b991e7d15a0272c24c1?cid=774b29d4f13844c495f206cafdad9c86,1Xuwo2xp5kYBHw1rnDeuUQ,"country, love",Country,2007,215853,0.725,0.724,5,-2.189,1,0.0307,0.352,0.0,0.154,0.442,122.48,4
TRMMDVB12903CE2FF6,Redneck Yacht Club,Craig Morgan,https://p.scdn.co/mp3-preview/180550eb9cb41abf4444242dc35f342143a499bf?cid=774b29d4f13844c495f206cafdad9c86,0jOyxfEvvhGQPcPt5KXmiK,country,Country,2008,230373,0.485,0.806,8,-5.476,1,0.0364,0.525,0.0,0.0925,0.807,168.077,4
TRCEVIT128F932BA0E,Highway 20 Ride,Zac Brown Band,https://p.scdn.co/mp3-preview/0f4a26377eb99afdd4c995887ec08634041e5dc3?cid=774b29d4f13844c495f206cafdad9c86,0R6DMs3ly6EvMUL56XI1rk,country,,2011,228093,0.599,0.412,3,-7.185,1,0.0324,0.518,7.44e-06,0.107,0.402,76.084,4
TROXWBT128F9305E67,Red Dirt Road,Brooks & Dunn,https://p.scdn.co/mp3-preview/54324316bae191946db2af96e2dfd7a7bf651604?cid=774b29d4f13844c495f206cafdad9c86,0VfvJTraX71EEuGT3IRBaf,country,Country,2011,262173,0.55,0.819,5,-5.745,1,0.0402,0.0622,0.000291,0.114,0.453,136.127,4
TRVWVKY128F148D60A,I Love This Bar,Toby Keith,https://p.scdn.co/mp3-preview/2fde254f689606493dc38fe7acd0a37790d80908?cid=774b29d4f13844c495f206cafdad9c86,0SUigymKEdV1QiAFOW24CH,country,Country,2009,334200,0.609,0.834,2,-5.983,1,0.0432,0.0214,0.0116,0.352,0.48,115.051,4
TREWFHB128F422B0ED,The More I Drink,Blake Shelton,https://p.scdn.co/mp3-preview/fe26d3451e804a772fa1bc18f92f7cacda9b287b?cid=774b29d4f13844c495f206cafdad9c86,0Aacekp01BPEazyDdxuV4u,country,Country,2013,217186,0.658,0.909,2,-4.044,1,0.0388,0.0243,0.0,0.352,0.706,112.361,4
TRGRDUH128F42AE383,She's Everything,Brad Paisley,https://p.scdn.co/mp3-preview/65bf41dc259b9df00b586407037544869f34f455?cid=774b29d4f13844c495f206cafdad9c86,12qGGK8c456WLt9USnCjK3,"country, love",Country,2009,266920,0.355,0.478,0,-8.323,1,0.0335,0.569,2.9e-06,0.194,0.269,102.971,4
TRARTPH128E0789C05,Settle For A Slowdown,Dierks Bentley,https://p.scdn.co/mp3-preview/c22ecaa9b1bd5e5f7acd2a2d76ba901f4cee3186?cid=774b29d4f13844c495f206cafdad9c86,14utGjIhWUXpZP0t1vsC26,"country, love",Country,2008,223760,0.53,0.644,5,-6.437,1,0.0325,0.0717,1.63e-05,0.262,0.213,80.918,4
TRBHUSP128F4242DD0,Should've Been A Cowboy,Toby Keith,https://p.scdn.co/mp3-preview/1268a50c9ef187b328bbb2770fa3c00d0a9b406d?cid=774b29d4f13844c495f206cafdad9c86,0baFOYeB57X6VHpBrPGXSr,country,Country,2010,209133,0.587,0.801,7,-3.451,1,0.0316,0.314,0.0,0.309,0.717,133.806,4
TRFAWKX12903CE30F4,Big Green Tractor,Jason Aldean,https://p.scdn.co/mp3-preview/97a1a023c04544498e0c4db59943a3c08b31aa5a?cid=774b29d4f13844c495f206cafdad9c86,1UjgaRJsIwb4HoqV208Rtc,country,Country,2005,204200,0.616,0.596,4,-5.035,1,0.0289,0.654,0.0,0.218,0.58,137.077,4
TRACBYL12903CFDBC6,Love Your Love The Most,Eric Church,https://p.scdn.co/mp3-preview/55f676e2d6f7d51ab175e6fc914023a0f1a57fa3?cid=774b29d4f13844c495f206cafdad9c86,2dH0T4OV62t92QLvaIFaAq,"country, love",Country,2009,168146,0.4,0.537,10,-6.112,1,0.0296,0.207,0.0,0.126,0.452,74.437,4
TRQTFUV128F426BFC7,Must Be Doin' Somethin' Right,Billy Currington,https://p.scdn.co/mp3-preview/8c230972ad3db24893b534eb90df881ce9866974?cid=774b29d4f13844c495f206cafdad9c86,011IpMbLIddCWJoBZm7ISt,"country, love",Country,2013,271093,0.485,0.615,9,-4.356,1,0.0273,0.193,0.0,0.0586,0.409,167.967,4
TRMGWRE128F429FEF5,We Rode In Trucks,Luke Bryan,https://p.scdn.co/mp3-preview/214477a7f44ae141e42f4cff8d010916007b9628?cid=774b29d4f13844c495f206cafdad9c86,0PYt8m71aLu9dh65bYZBW5,country,Country,2007,270853,0.544,0.713,4,-6.365,1,0.0274,0.0291,0.0,0.0648,0.665,145.994,4
TRHJSEZ128F1459DCC,I Got A Feelin',Billy Currington,https://p.scdn.co/mp3-preview/244401661bc31dbd7104c3d029ae786a8823d300?cid=774b29d4f13844c495f206cafdad9c86,0s88rm5EP0HSbzxiG88nr0,"country, love",Country,2007,193653,0.653,0.727,2,-5.238,1,0.0269,0.28,0.0,0.135,0.692,112.052,4
TRQIZVH128F428075C,Redneck Woman,Gretchen Wilson,https://p.scdn.co/mp3-preview/ad66fb50ac360c1e91fd053e5ec0add7fcffc724?cid=774b29d4f13844c495f206cafdad9c86,08L8nEDh8H9nV1v6IhElNC,country,Country,2004,222026,0.507,0.818,6,-5.702,1,0.178,0.0954,0.0,0.381,0.755,184.943,4
TRXCSMP128F428A359,I'm Already There,Lonestar,https://p.scdn.co/mp3-preview/15b6c99a32e3c79acfb5c04a7e4c58f7674163e5?cid=774b29d4f13844c495f206cafdad9c86,1zUjl6AlsqBJ3Vm4PJ5fyx,"country, love",,2003,252640,0.546,0.44,3,-5.679,1,0.0277,0.677,0.0,0.358,0.238,133.534,4
TRTGKUX128F1459D78,Brokenheartsville,Joe Nichols,https://p.scdn.co/mp3-preview/007b5d1c8ece0b68785dfe580917a2828cb0b7a4?cid=774b29d4f13844c495f206cafdad9c86,007n10xGvSbc7dKgAORVIq,country,Country,2011,231346,0.458,0.677,10,-4.327,1,0.031,0.126,0.000587,0.0944,0.488,208.056,4
TRRLHBX128F9343438,The Man I Want To Be,Chris Young,https://p.scdn.co/mp3-preview/3b388bde1f4acd425c900addd8e24ccc97d0d806?cid=774b29d4f13844c495f206cafdad9c86,02yUfWLcjSPWju7QDohbmR,country,Country,2014,207813,0.479,0.521,7,-4.471,1,0.0264,0.631,1.47e-06,0.104,0.255,141.812,4
TRSRXBC128F92CDB0A,Boots On,Randy Houser,https://p.scdn.co/mp3-preview/5542d7a3d8daf65566b92ed5ce1bf7c0e2e84c4a?cid=774b29d4f13844c495f206cafdad9c86,12BpYl2cvAybJGqyMESrrS,country,Country,2010,171320,0.707,0.883,8,-4.562,1,0.0339,0.0487,1.22e-05,0.258,0.894,111.971,4
TRVABNY128F147B0C7,Sinners Like Me,Eric Church,https://p.scdn.co/mp3-preview/5fd5e58b05ca3da30d25806fda8c4acfa5631f87?cid=774b29d4f13844c495f206cafdad9c86,28tfu1ORvHxBj6Axl4NjY8,country,Country,2006,233360,0.458,0.538,1,-8.49,1,0.0292,0.195,2.68e-06,0.199,0.521,139.987,3
TRXHDNL128EF3570CC,Right Where I Need To Be,Gary Allan,https://p.scdn.co/mp3-preview/334d7439c813d32ddcb8be7b88974fd544be1e95?cid=774b29d4f13844c495f206cafdad9c86,1rbVbXulluaJacWoLRL05f,country,Country,2007,182493,0.435,0.626,1,-9.353,1,0.0325,0.218,1.48e-05,0.105,0.69,165.584,4
TRISZNC12903CA4806,Do I,Luke Bryan,https://p.scdn.co/mp3-preview/82323f1437ff806c29f5fd63fc5f87374b25a620?cid=774b29d4f13844c495f206cafdad9c86,0aYgF3SUk1AxDpIdv5oAxO,country,Country,2009,239413,0.581,0.691,9,-5.33,1,0.0333,0.257,0.0,0.11,0.299,137.985,4
TROMDMC12903CE3041,International Harvester,Craig Morgan,https://p.scdn.co/mp3-preview/153ab1088ad9f31691b5fea6b06d670978e92aff?cid=774b29d4f13844c495f206cafdad9c86,0RBqE3v9UI0g1stNQmYMmN,country,Country,2008,231200,0.702,0.821,2,-5.299,1,0.0439,0.101,0.0,0.127,0.425,95.485,4
TRJHPZP128E0789C02,Lot Of Leavin' Left To Do,Dierks Bentley,https://p.scdn.co/mp3-preview/ed5ce9f60bade151cc378103cc69f3d21ab02e0a?cid=774b29d4f13844c495f206cafdad9c86,1sguZ4tAVqpXmW1m5ran7i,country,Country,2008,273506,0.578,0.857,11,-4.129,1,0.0289,0.00152,0.0167,0.494,0.697,118.032,4
TRVWQFC12903D0139C,American Ride,Toby Keith,https://p.scdn.co/mp3-preview/59cc68a9540f4a1b576535c7b5faa364866d2cb8?cid=774b29d4f13844c495f206cafdad9c86,05SqjNKOW8f8NexCgd98I4,country,Country,2009,168866,0.517,0.926,9,-2.964,1,0.0775,0.0984,2.04e-06,0.373,0.772,174.058,4
TRAHCDM128F148D60C,American Soldier,Toby Keith,https://p.scdn.co/mp3-preview/62a62ae4a124b2f2e7287b41080a7d5e283fec8d?cid=774b29d4f13844c495f206cafdad9c86,4cG1Bu2EdPA9KqrOCviKP0,country,Country,2008,262400,0.476,0.579,9,-7.226,1,0.042,0.143,3.43e-06,0.0611,0.197,163.938,4
TRUWTAW128F429FEF1,All My Friends Say,Luke Bryan,https://p.scdn.co/mp3-preview/bc16917d20d6bad02adc334f68c8e6a015aebc14?cid=774b29d4f13844c495f206cafdad9c86,0ScnmIsROmhXmNHJuZy0mu,country,Country,2008,239186,0.683,0.898,9,-3.719,1,0.0325,0.0562,0.0,0.201,0.943,117.029,4
TREMDLA128F4286AF4,Life Ain't Always Beautiful,Gary Allan,https://p.scdn.co/mp3-preview/4bd7e2d292a93f97ed82164d230413f68e480360?cid=774b29d4f13844c495f206cafdad9c86,085nd22wmHaTyvGxJr4FHy,country,Country,2007,224866,0.467,0.454,2,-10.034,1,0.0262,0.199,0.000296,0.105,0.272,85.993,4
TRAUWUX128F92FE41C,When You Say Nothing At All,Alison Krauss,https://p.scdn.co/mp3-preview/b161bace583d8c3cee0dffbaf844b899e8e493bc?cid=774b29d4f13844c495f206cafdad9c86,0zu7EjQ4ij0uVpqp9eGR1J,country,Country,1995,260800,0.669,0.244,3,-12.493,1,0.0267,0.757,0.00016,0.0841,0.326,86.707,4
TRPZEWS128F92F585E,That's How Country Boys Roll,Billy Currington,https://p.scdn.co/mp3-preview/0a84a8ca4b26b81666a3f58ab915e8c15c8e77e2?cid=774b29d4f13844c495f206cafdad9c86,0Ob45DGUq28JvRPNmLJyCK,country,Country,2012,225666,0.676,0.918,2,-3.114,1,0.0341,0.0608,0.0,0.0648,0.907,120.982,4
TRQRHUG128F14A8949,Settlin',Sugarland,https://p.scdn.co/mp3-preview/7b77c54e2ea0a65c77355a8ee96b02eec7636ad2?cid=774b29d4f13844c495f206cafdad9c86,06IfZH6q52G6YTW6FCNFuH,country,Country,2006,207066,0.624,0.935,3,-1.826,1,0.0482,0.114,0.000184,0.129,0.572,122.052,4
TRNPVZD128EF3570CD,Songs About Rain,Gary Allan,https://p.scdn.co/mp3-preview/5a072550378c54446962326bef27477e0ba6ab3d?cid=774b29d4f13844c495f206cafdad9c86,0b1DsZ6JTknlB36oXXxhBE,country,Country,2007,237960,0.572,0.531,7,-8.348,1,0.028,0.0375,0.0,0.0724,0.251,121.399,3
TRXXVOG128F92F411D,Don't Think I Don't Think About It,Darius Rucker,https://p.scdn.co/mp3-preview/e0c6e9d4ce629e63dc3e5d79c2415c8696adfd4c?cid=774b29d4f13844c495f206cafdad9c86,0XfFxeXzMkIy5SWAVpOQin,"country, male_vocalists",Country,2008,183306,0.578,0.752,9,-5.264,1,0.033,0.0275,0.0,0.125,0.405,149.689,4
TRBZPAI128F932B9F4,Whatever it is,Zac Brown Band,https://p.scdn.co/mp3-preview/99ad0dc821a67113fa79324b2645c5a226e212d0?cid=774b29d4f13844c495f206cafdad9c86,2X53YEmzGYnDEQF9zYLTRR,country,Country,2014,208346,0.647,0.582,1,-6.662,1,0.0282,0.422,2.17e-05,0.106,0.704,83.893,4
TRWSITX128F147B0D0,Two Pink Lines,Eric Church,https://p.scdn.co/mp3-preview/6fd163681ff26abe9456b1959d6d55135a9662c9?cid=774b29d4f13844c495f206cafdad9c86,6JMnANjDGdA0XgaW47Um49,country,Country,2013,208426,0.586,0.912,5,-5.861,1,0.0457,0.0272,0.0,0.132,0.842,122.062,4
TRJLVOB128F931EB19,Baltimore Blues No. 1,Deer Tick,https://p.scdn.co/mp3-preview/622d25d63d0ca7ec26a4ed35368c10cf24b30687?cid=774b29d4f13844c495f206cafdad9c86,04Ig5A5j2NQNRSZQsSHcwI,"folk, country",,2007,181173,0.75,0.55,2,-4.467,0,0.0311,0.431,0.00104,0.225,0.398,115.083,4
TRVDFCY128F4261D33,There's Your Trouble,Dixie Chicks,https://p.scdn.co/mp3-preview/68040d4a00fef1325c11e02e680fbf753f2ad8b2?cid=774b29d4f13844c495f206cafdad9c86,1KmIavJ5LFEp2xnvP9R1TG,country,Country,1998,192920,0.739,0.831,2,-6.764,1,0.0259,0.471,0.0,0.339,0.912,126.712,4
TRZDMLR128F42854CB,I'm Gonna Miss Her,Brad Paisley,https://p.scdn.co/mp3-preview/3eb73288ffd9de692a77a8c2923c16c29df0db18?cid=774b29d4f13844c495f206cafdad9c86,1UYEq5z9p1tePB2AOKy8AY,country,Country,2010,193613,0.561,0.455,6,-9.676,1,0.0277,0.55,0.0,0.114,0.309,98.364,4
TRNPJJC128F9322C78,SuperStar,Taylor Swift,https://p.scdn.co/mp3-preview/314dd1c030d2f26bd8a30a2caa7986a9a1b9b18a?cid=774b29d4f13844c495f206cafdad9c86,0XfTh16YcKPzdxMPTeKTAq,"female_vocalists, country",Country,2008,261453,0.61,0.531,2,-6.123,1,0.0239,0.367,0.0,0.351,0.228,85.979,4
TREZPCG128F42AE124,The Long Way Around,Dixie Chicks,https://p.scdn.co/mp3-preview/f7dfbd5e92287e509d0a94c04a78cd33cdce9950?cid=774b29d4f13844c495f206cafdad9c86,16D1W4BryVlcLI4JcTRFkU,country,Country,2006,272900,0.599,0.87,0,-3.377,1,0.0367,0.427,1.11e-05,0.15,0.249,128.454,4
TRCTJJN128F1461F0A,Strawberry Wine,Deana Carter,https://p.scdn.co/mp3-preview/1d236ba06e349c2fbb5e5e1bc9fc491ed68614a2?cid=774b29d4f13844c495f206cafdad9c86,18A2fjSSKFgPKIjcr10Xvq,country,Country,2012,292533,0.563,0.483,1,-5.694,1,0.0262,0.355,0.0,0.0314,0.205,122.539,3
TRVHCIE128F92CAE87,Pancho And Lefty,Townes Van Zandt,https://p.scdn.co/mp3-preview/6758b43bd7ca17f65e927d134b043090076116a1?cid=774b29d4f13844c495f206cafdad9c86,0LdScbtQfXtqi0ZTYwuGGh,"folk, singer_songwriter, country",Country,1971,220573,0.636,0.277,1,-14.185,1,0.0306,0.784,0.0,0.234,0.685,133.363,4
TRRUGMB12903C99C99,It Goes On And On,The Avett Brothers,https://p.scdn.co/mp3-preview/351c3a46c7b9a88b013b027041690a058911d15e?cid=774b29d4f13844c495f206cafdad9c86,26ZnKnKnvNd7jMHErWLBBh,"indie, folk, country",,2009,177026,0.392,0.681,5,-4.962,1,0.028,0.273,0.0,0.162,0.403,146.335,4
TRKHNVB12903C99C9A,Incomplete And Insecure,The Avett Brothers,https://p.scdn.co/mp3-preview/c6d7f1dc0ca4fa5e485365b5b8aca16e2ede0576?cid=774b29d4f13844c495f206cafdad9c86,0APM4nbnwD7gCaCrajxbSr,"indie, country",,2009,155973,0.371,0.332,0,-7.138,1,0.0316,0.54,9.91e-06,0.083,0.25,179.465,3
TREPQXL128F4242DED,"Courtesy Of The Red, White And Blue (The Angry American)",Toby Keith,https://p.scdn.co/mp3-preview/78b60d3fb9b8d27756a884e80e51b422c15de6d5?cid=774b29d4f13844c495f206cafdad9c86,0M7mWKqwTIaVjYyxfZmtTa,country,Country,2002,195533,0.424,0.661,2,-5.547,1,0.0425,0.521,1.62e-06,0.0719,0.384,111.762,4
TRUWKDV128F92DE274,A Perfectly Good Heart,Taylor Swift,https://p.scdn.co/mp3-preview/8754232e833284490dd832de0f5853175eaa32bc?cid=774b29d4f13844c495f206cafdad9c86,0KPNFpl66BLu5kjG6jluWx,country,Country,2006,220146,0.483,0.751,4,-5.726,1,0.0365,0.00349,0.0,0.128,0.268,156.092,4
TRXTJOP128F425554C,Tough Little Boys,Gary Allan,https://p.scdn.co/mp3-preview/a136df18efb80dbc1f4fd777ed967e70dbe9a0bc?cid=774b29d4f13844c495f206cafdad9c86,0TABjCLvdqgY9p4f4e5WyD,country,Country,2011,237333,0.549,0.412,2,-8.699,1,0.0248,0.702,0.000173,0.162,0.198,84.21,4
TRCLYRC128F146E9A9,Chicks Dig It,Chris Cagle,https://p.scdn.co/mp3-preview/9fb267d1691b1fdfaed71da7f10dbb08e872ba8d?cid=774b29d4f13844c495f206cafdad9c86,0nprj2O0teCglthuhzTG5o,country,Country,2003,210560,0.596,0.921,7,-4.987,1,0.0504,0.0221,0.0,0.303,0.703,104.024,4
TRBSBBC128F9328DBF,Just Might (Make Me Believe),Sugarland,https://p.scdn.co/mp3-preview/62fc14190ee62792a9cf3a0e6a35474fbfb0a5e6?cid=774b29d4f13844c495f206cafdad9c86,3Mra3KRm1ila5BOQNLLCff,country,Country,2004,247800,0.487,0.504,1,-5.207,1,0.0261,0.123,0.0,0.109,0.331,139.717,4
TRGZRNJ128F92F4139,It Won't Be Like This For Long,Darius Rucker,https://p.scdn.co/mp3-preview/3a988d9fbbe9879585f5d919ea8d5d1c63563004?cid=774b29d4f13844c495f206cafdad9c86,0tYxO9mqBNKPAuWi59TjAg,country,Country,2009,216480,0.586,0.525,4,-5.98,1,0.0272,0.349,0.0,0.14,0.43,143.846,4
TRFTYOQ12903CA4808,Someone Else Calling You Baby,Luke Bryan,https://p.scdn.co/mp3-preview/3efac37b03f7cde81308ff3cd1c0317fe8ac16fc?cid=774b29d4f13844c495f206cafdad9c86,15svhPD8lXnw8Gr1GNOVVS,country,Country,2009,228213,0.502,0.921,8,-3.724,1,0.0652,0.0474,0.0,0.0736,0.384,115.035,4
TRLSCIQ12903CFDBEE,Feel That Fire,Dierks Bentley,https://p.scdn.co/mp3-preview/d845f56c5e0b0d01c515ce3304cefbd8ab5ea403?cid=774b29d4f13844c495f206cafdad9c86,0U7Q336Pth6J3mPy736fQq,country,Country,2009,201506,0.412,0.833,1,-3.865,1,0.0352,0.371,1.28e-05,0.208,0.669,179.846,4
TRETBHZ128F92CDAF6,Always The Love Songs,Eli Young Band,https://p.scdn.co/mp3-preview/6394b2a747140e9894af8d8b9e2979da3d472e97?cid=774b29d4f13844c495f206cafdad9c86,1iJ5VHTDgkrJObnvOvfBPm,country,Country,2008,221800,0.474,0.766,4,-3.419,1,0.0291,0.291,1.38e-05,0.685,0.402,149.988,4
TRVKWHZ128EF3570CF,Her Man,Gary Allan,https://p.scdn.co/mp3-preview/8c9e4f89e4bcacef36ce1bd41265e8665547927a?cid=774b29d4f13844c495f206cafdad9c86,1t1nSL1iGFPvWXpoGCGB9X,country,Country,1998,165026,0.634,0.387,6,-12.551,1,0.0308,0.416,0.0,0.111,0.396,128.523,4
TRVLJHI128E0791742,XXX's And OOO's (An American Girl),Trisha Yearwood,https://p.scdn.co/mp3-preview/50ccb3e373c540806680ffcc5fe6eea3fc9d301b?cid=774b29d4f13844c495f206cafdad9c86,08c3wmdjKSjxTJY9cHSts7,country,Country,1995,167906,0.711,0.642,0,-8.909,1,0.0319,0.176,0.0,0.0814,0.762,125.831,4
TRMZPXZ128F92F3495,Angel From Montgomery,John Prine,https://p.scdn.co/mp3-preview/4be75d0430732ca1381ab32b0bf2a6367a35b87b?cid=774b29d4f13844c495f206cafdad9c86,07lbb0Ve9LNKv4ifj5E8q8,"folk, singer_songwriter, country",,2010,297306,0.43,0.237,11,-9.998,1,0.0297,0.917,0.000323,0.978,0.247,128.069,4
TRYDQHN128F92E7199,The Lighthouse's Tale,Nickel Creek,https://p.scdn.co/mp3-preview/5bf041a90668b20fb37df6f46b0266a2afd0ed10?cid=774b29d4f13844c495f206cafdad9c86,05HjafWVI238CLw5RDNkas,country,Country,2000,301666,0.463,0.297,4,-12.147,0,0.0323,0.664,0.0,0.0601,0.301,115.745,4
TRUWVZG128F92E379D,At the Beach,The Avett Brothers,https://p.scdn.co/mp3-preview/c2a7c705606a51edf50a04ede675abc9434daf90?cid=774b29d4f13844c495f206cafdad9c86,03xNUQYx0Mb7Sdsq0YcZgY,country,Country,2004,249173,0.563,0.756,7,-7.916,1,0.0565,0.37,1.55e-05,0.114,0.624,105.121,4
TRFROET128F148CF1F,You Shouldn't Kiss Me Like This,Toby Keith,https://p.scdn.co/mp3-preview/a92fe2020afe75e3b15d988bc4c265cea1fefe5c?cid=774b29d4f13844c495f206cafdad9c86,1sRWNs5sTxEFENoZCq3w3p,country,Country,1999,221733,0.428,0.659,7,-7.7,1,0.0352,0.461,1.47e-05,0.271,0.316,168.891,4
TROYHKD128F92F3EDD,T-R-O-U-B-L-E,Travis Tritt,https://p.scdn.co/mp3-preview/ff5cb93f22e57b9495c17225e5793935e342a7ad?cid=774b29d4f13844c495f206cafdad9c86,0DbehT3Slm40eTuQcQBN95,country,Country,2007,180160,0.297,0.982,7,-4.326,1,0.051,0.0133,0.000699,0.689,0.793,179.311,4
TRULQPU128F148CF17,How Do You Like Me Now?!,Toby Keith,https://p.scdn.co/mp3-preview/c0ebb4577f39d91e496fed47bc8c4a501be8ecf3?cid=774b29d4f13844c495f206cafdad9c86,096QkhA360rvklpln8XSuc,country,Country,1999,207493,0.65,0.674,0,-9.04,1,0.0324,0.0621,8.48e-06,0.103,0.672,109.531,4
TRKOZVY12903CFDBD0,Hell On The Heart,Eric Church,https://p.scdn.co/mp3-preview/ab1d89d516e68c8c59e1ca980a7ad6bcfe5b5868?cid=774b29d4f13844c495f206cafdad9c86,5krkgeQ1U9SuwGIjr88tdE,country,Country,2011,164733,0.639,0.898,0,-3.819,1,0.0314,0.0795,2.43e-06,0.0944,0.929,123.001,4
TROLCEJ128F4284281,What Do I Do With My Heart,Eagles,https://p.scdn.co/mp3-preview/cfdda6f2c56b5a8068f2d1cbc99cad8ed8537aa5?cid=774b29d4f13844c495f206cafdad9c86,2avkClg0OGMdIhzKUW7nbd,"rock, classic_rock, country",,2007,234346,0.62,0.439,0,-7.163,1,0.0264,0.486,2.34e-05,0.108,0.31,78.133,4
TRPLFFW128F4291A08,Who's Cheatin' Who,Alan Jackson,https://p.scdn.co/mp3-preview/2c36ac7d917cb4a44f8cf2075a2248d8a2d0f276?cid=774b29d4f13844c495f206cafdad9c86,0bvt6gWmsIkDBoOFluKVXq,country,Country,2003,242973,0.655,0.82,7,-8.582,1,0.0294,0.225,8.33e-06,0.136,0.965,133.264,4
TRADPSL128F932B9F6,Where The Boat Leaves From,Zac Brown Band,https://p.scdn.co/mp3-preview/d39a17d84518c83a58fae4c65863c0b147b7e69e?cid=774b29d4f13844c495f206cafdad9c86,2ojsE7uptG3qk3yTDV0iCX,country,,2008,222533,0.756,0.796,1,-5.047,1,0.039,0.363,1.56e-06,0.0496,0.817,92.008,4
TREKHZB128F1455ABC,The Caretaker,Johnny Cash,https://p.scdn.co/mp3-preview/bc8e1f4e37b7ec739d5299278c902b5ffecc424c?cid=774b29d4f13844c495f206cafdad9c86,00kFSPOCJCXNNWwx6rJhj0,country,,2011,126119,0.436,0.0722,10,-18.649,1,0.0428,0.99,0.0171,0.103,0.37,79.991,5
TRFFTKR12903CE3144,Hicktown,Jason Aldean,https://p.scdn.co/mp3-preview/b49e2cbd18eb0e9726ff63e5d9894ac40ab04b9d?cid=774b29d4f13844c495f206cafdad9c86,0kKMMk5Gi65oAVbnhdtPw9,country,Country,2005,306026,0.697,0.877,6,-3.885,1,0.0348,0.00913,6.93e-06,0.0726,0.768,121.534,4
TRPCZWR128F92F4129,History In The Making,Darius Rucker,https://p.scdn.co/mp3-preview/e27394be6e7886833cdd2ce5f61816b5375b5c72?cid=774b29d4f13844c495f206cafdad9c86,0ATZMDjrPxQfShsNgOhOr8,country,Country,2010,210533,0.471,0.672,0,-7.016,1,0.0333,0.0362,0.0,0.336,0.411,157.706,4
TRPDXOE128F92E7476,Jealous Of The Moon,Nickel Creek,https://p.scdn.co/mp3-preview/f40cae3af82f89a3c29932f99176e038de350b64?cid=774b29d4f13844c495f206cafdad9c86,1b6Riwtc1bGoMPec05t9bt,country,Country,2012,281800,0.553,0.27,0,-12.157,1,0.0287,0.773,0.00064,0.113,0.245,110.524,3
TRDBIRM128F147B0D1,Livin' Part Of Life,Eric Church,https://p.scdn.co/mp3-preview/2b33c356c5e361cd26c3f346fa702f618348c0f0?cid=774b29d4f13844c495f206cafdad9c86,0X6LpTaCRqlMUmjCynuo5a,country,,2006,269173,0.451,0.648,1,-8.659,1,0.0355,0.481,0.0,0.201,0.857,146.792,4
TRDSBHM128F148236E,Happy Man,Seasick Steve,https://p.scdn.co/mp3-preview/a98b7fb0f8ca05849df36ee524cff0fc83f4df56?cid=774b29d4f13844c495f206cafdad9c86,0LS1oxNtlgODdXOvQqKcqZ,"blues, country",,2009,214386,0.601,0.651,7,-5.98,1,0.189,0.573,0.0,0.403,0.518,128.92,4
TRIRBKA128F9307358,Guinevere,Eli Young Band,https://p.scdn.co/mp3-preview/a276244be07f51fb7520c01c8114fd050230e317?cid=774b29d4f13844c495f206cafdad9c86,1NckXqegY729L57qC9Fvne,country,Country,2008,287733,0.447,0.674,0,-4.74,1,0.0326,0.464,0.000253,0.0866,0.161,141.924,4
TRIEHEI128F4295858,Me And Charlie Talking,Miranda Lambert,https://p.scdn.co/mp3-preview/8dba127875177baee15de7e4b553908a51f44066?cid=774b29d4f13844c495f206cafdad9c86,4IOVThlzDO4CphzbVIGd5U,country,Country,2005,251600,0.596,0.906,2,-4.422,1,0.0346,0.138,1.02e-06,0.0316,0.336,100.461,4
TRJJYOO128F428D132,You're Gonna Miss Me When I'm Gone,Brooks & Dunn,https://p.scdn.co/mp3-preview/8c1b072a2638b065e877a71ef231435f9335a381?cid=774b29d4f13844c495f206cafdad9c86,06R9SXVJVQ1vLBcgzbaMWP,country,Country,1991,291786,0.653,0.482,7,-11.037,1,0.0245,0.0613,0.000146,0.144,0.373,133.586,4
TRPPAYQ128F428CCD3,Misery Path,Amorphis,https://p.scdn.co/mp3-preview/0a5f8ce65a45f3c82c40c77d7c0ed9848a257b63?cid=774b29d4f13844c495f206cafdad9c86,0DeRxivTSXW8uqno9yBB19,"metal, death_metal, melodic_death_metal, doom_metal",Metal,1992,257626,0.121,0.915,8,-4.991,1,0.0789,5.35e-05,0.86,0.312,0.256,88.969,4
TRIRCYZ128F423C331,Epona,Eluveitie,https://p.scdn.co/mp3-preview/8082babd78e8974ab48510252f7a60554bd410a1?cid=774b29d4f13844c495f206cafdad9c86,1uLEALqfgW6e7XqfGKkic4,"metal, melodic_death_metal",New Age,2017,227703,0.494,0.948,2,-6.569,0,0.0859,0.00253,0.029,0.4,0.451,144.968,4
TRDUXSE128F4280051,Sancta Terra,Epica,https://p.scdn.co/mp3-preview/822049d517e991bece2e32ad68c912082e3a82ac?cid=774b29d4f13844c495f206cafdad9c86,18Hylt453skxPAgEUDNBFf,"power_metal, gothic_metal, symphonic_metal",Metal,2013,297720,0.481,0.87,8,-3.793,1,0.0415,0.036,0.000299,0.084,0.49,89.828,4
TRHMWSH12903D03B21,Where The Rain Grows,Helloween,https://p.scdn.co/mp3-preview/44ee113b3c0941f77d41a18a585d337fcde4817b?cid=774b29d4f13844c495f206cafdad9c86,0MoJYJzxBvNX9QI4xqq1ju,power_metal,Metal,1994,286800,0.465,0.96,10,-6.773,0,0.0766,1.38e-05,0.22,0.0992,0.461,122.074,4
TRWPPIY128F427D9BF,Mujer Amante,Rata Blanca,https://p.scdn.co/mp3-preview/07fe942f3a59d9a2d6dffd1b9187a5d9a513237e?cid=774b29d4f13844c495f206cafdad9c86,04IAfwJXvMlxpz5B70Lybj,"heavy_metal, power_metal",Metal,2004,363120,0.497,0.649,11,-10.206,0,0.0333,0.0143,3.84e-06,0.0477,0.583,115.358,4
TRUXLWW128F14567C4,Learning To Fly,Stratovarius,https://p.scdn.co/mp3-preview/76779b83fae56f2b19611fe3bd47fee2f5bf27d0?cid=774b29d4f13844c495f206cafdad9c86,3bAYZ7Mm8DgV2HXjNxNiWv,power_metal,Rock,2003,382293,0.365,0.992,6,-4.511,1,0.0778,1.88e-06,0.671,0.134,0.462,164.962,4
TRHGYNY128F4227D8B,The Story Ain't Over,Avantasia,https://p.scdn.co/mp3-preview/d82739da8552e414f57f2a9ea52d1fe6fd2b37bc?cid=774b29d4f13844c495f206cafdad9c86,1c3gGq8cCkHR3uvOKx8FMa,"metal, power_metal, symphonic_metal",,2011,329092,0.37,0.788,3,-4.793,1,0.049,0.0157,0.0,0.504,0.263,118.478,4
TRAQHNX128E07822A7,Fast-Track,Radiohead,https://p.scdn.co/mp3-preview/df69e7fe803e72af8eaf6672c9d3822e006a1c23?cid=774b29d4f13844c495f206cafdad9c86,20YDRczXYpDpekhHhsQBo6,"electronic, alternative_rock, experimental, instrumental, downtempo, avant_garde",Rock,2001,197640,0.462,0.905,1,-7.108,0,0.19,0.0569,0.867,0.122,0.403,103.465,4
TRZDKDU12903CAC615,Adios Ayer,José Padilla,https://p.scdn.co/mp3-preview/0cd74e0bbfd511413d2a9ef814007aaba1ef29e0?cid=774b29d4f13844c495f206cafdad9c86,0QH3vXYBdsCmdxyQPSR1af,"chillout, downtempo, lounge",,2010,333866,0.628,0.486,0,-12.813,1,0.0534,0.0985,0.000299,0.195,0.325,94.939,4
TRIGYZP128F9342E6A,Show Me What I'm Looking For,Carolina Liar,https://p.scdn.co/mp3-preview/e168572bc5a20ff15f619a9aa06a602694be2f56?cid=774b29d4f13844c495f206cafdad9c86,0xPrQpI1m5Vj9scHf0cZTD,"rock, alternative, alternative_rock, male_vocalists, love",,2010,238613,0.447,0.775,0,-4.451,1,0.0363,0.00931,0.0,0.107,0.323,105.12,4
TRAWVYP128F9305DF2,Two Is Better Than One,Boys Like Girls,https://p.scdn.co/mp3-preview/59cef672f643870e7a4b68a291939670fc9be6d1?cid=774b29d4f13844c495f206cafdad9c86,0UEx96eKnQgjjku9GtKPjh,"alternative_rock, male_vocalists, emo, love, beautiful, pop_rock",,2010,243026,0.507,0.695,0,-4.871,1,0.0336,0.2,0.0,0.0971,0.24,127.94,4
TRFSYYG128F9326215,Missing Persons 1 & 2,OneRepublic,https://p.scdn.co/mp3-preview/289cd350e8aede2ca6f4bdad1dcf3615074aec55?cid=774b29d4f13844c495f206cafdad9c86,0PtU7G83PFe3apGJSVhMJp,"rock, alternative, alternative_rock, male_vocalists, pop_rock",,2009,299426,0.269,0.443,0,-12.359,1,0.0388,0.491,0.00169,0.093,0.087,164.877,3
TREFVVJ128F146E4D1,Para Tu Amor,Juanes,https://p.scdn.co/mp3-preview/0112f1be0c4dedbecc5f8ba3ffc3645adb69e13e?cid=774b29d4f13844c495f206cafdad9c86,07Kv362UKOrAnvqYYNVUVA,"pop, male_vocalists, 00s",Latin,2004,249000,0.608,0.497,8,-7.575,1,0.0241,0.39,0.0,0.105,0.538,95.0,4
TRMKCCV128F92EB22E,Light On,David Cook,https://p.scdn.co/mp3-preview/8dab15dc46fdfc0f71567697a96beacaebbd5aeb?cid=774b29d4f13844c495f206cafdad9c86,1BnoZbPDh9dbYqabvM6qZg,"rock, alternative_rock, male_vocalists",Rock,2008,229013,0.448,0.83,9,-4.156,0,0.0332,0.0673,0.0,0.113,0.362,131.991,4
TRJRSCW128F92FDB4C,The Mess I Made,Parachute,https://p.scdn.co/mp3-preview/9fa1e42b0786b543d8c7c67c40b990f3b24749d9?cid=774b29d4f13844c495f206cafdad9c86,0hwJDnHhXkieZLXACWYlwQ,"rock, male_vocalists, chill",Rock,2009,230613,0.423,0.572,6,-5.109,1,0.0347,0.0158,0.0,0.231,0.17,165.394,4
TRTUWMO128F92F2A09,Dear Vienna,Owl City,https://p.scdn.co/mp3-preview/c778e17673d72ba9f7240567ea85bb3a003a778b?cid=774b29d4f13844c495f206cafdad9c86,2LBdBoz94BqE2MfNkrxkwy,"electronic, indie, male_vocalists, synthpop",,2008,238640,0.638,0.691,1,-7.948,1,0.0274,0.0105,3.31e-05,0.161,0.424,120.015,4
TRDQHPF12903CDA54E,Open All Night,Bruce Springsteen,https://p.scdn.co/mp3-preview/92c657123c97fa4179febd7114050ff398b77f48?cid=774b29d4f13844c495f206cafdad9c86,0CnViZ37b7QU9GvQiPk42t,"rock, folk, male_vocalists",Rock,1973,173813,0.648,0.386,6,-12.459,1,0.0395,0.752,0.0,0.213,0.542,144.129,4
TRABQJG128F4267518,You Sang To Me,Marc Anthony,https://p.scdn.co/mp3-preview/49150c3b02b1d266289494107a93dec13c2c1667?cid=774b29d4f13844c495f206cafdad9c86,0mGlP2CU9IwOQ3ACGu2fjz,"pop, male_vocalists, love",,1999,347333,0.567,0.889,10,-5.4,1,0.0284,0.011,2.65e-06,0.234,0.757,165.977,4
TRNEITZ128F92F29EA,Designer Skyline,Owl City,https://p.scdn.co/mp3-preview/552b0abb83b0826f3e785ccbf576078a42337629?cid=774b29d4f13844c495f206cafdad9c86,30KmLL37wpJbsxdjml65li,"electronic, indie, male_vocalists, synthpop",,2007,208640,0.522,0.804,11,-7.457,1,0.0304,0.0399,0.000643,0.139,0.709,159.96,4
TRXHDTA128F42A077A,The Fear You Won't Fall,Joshua Radin,https://p.scdn.co/mp3-preview/fcb53970605a9c4e0ae0f9ab0e9083453d46efaf?cid=774b29d4f13844c495f206cafdad9c86,6Qb4ZbQh166MU0OYFZlVqn,"acoustic, male_vocalists, love, mellow",,2006,182613,0.314,0.263,11,-13.857,1,0.0564,0.363,0.000277,0.355,0.29,174.332,3
TRLKHYI128F426A243,Opened Once,Jeff Buckley,https://p.scdn.co/mp3-preview/f4de4d81280b8ca415c2b7ea7278262be437e3eb?cid=774b29d4f13844c495f206cafdad9c86,0IzT1EzbwL0O15cjMRmYfz,"rock, singer_songwriter, male_vocalists, beautiful",Rock,1994,207933,0.429,0.16,9,-15.406,0,0.0325,0.963,0.179,0.0892,0.185,74.49,4
TRXLPRQ12903D05327,They Bring Me To You,Joshua Radin,https://p.scdn.co/mp3-preview/da218e646cd8c03c963bdeba9d5b597e4f6d01dd?cid=774b29d4f13844c495f206cafdad9c86,1Yc9u3govirMJGtKwi5TTK,"singer_songwriter, acoustic, male_vocalists",,2008,238893,0.572,0.492,4,-8.467,1,0.0237,0.065,1.15e-05,0.441,0.22,91.962,4
TRLUXSK128F14AE297,Paperthin Hymn,Anberlin,https://p.scdn.co/mp3-preview/b8954d8229db85bc7ef9f2c43ce2c51df77f5199?cid=774b29d4f13844c495f206cafdad9c86,0vOPexXUWe0ItW7Xbvk6x0,"rock, alternative, alternative_rock, emo",Rock,2013,196133,0.439,0.828,2,-4.181,0,0.0322,0.000713,0.0,0.135,0.492,90.242,4
TRKGOUE12903CF4702,Secret Valentine,We the Kings,https://p.scdn.co/mp3-preview/516f05d62776070ab0e50ad5238956d67d1d055c?cid=774b29d4f13844c495f206cafdad9c86,1J3r1kILWjBmG9eTt9Iyc8,"emo, love, pop_rock",Rock,2007,208346,0.396,0.917,1,-4.121,1,0.0542,0.00308,0.0,0.17,0.303,160.031,4
TRVBPPL128F9346B85,A Day Late,Anberlin,https://p.scdn.co/mp3-preview/81f9d81ae495a0f823f11d8ae3b07dccdb770a99?cid=774b29d4f13844c495f206cafdad9c86,0vXSWiNKRVoUMNyWlX2XVi,"rock, alternative, emo, love, pop_rock",Rock,2016,204653,0.47,0.804,9,-4.935,1,0.0862,0.00161,0.0,0.119,0.581,168.579,4
TRODVKZ128F426D462,Art Is Hard,Cursive,https://p.scdn.co/mp3-preview/97f64e863bfe8fee5346562712090c46ff22b158?cid=774b29d4f13844c495f206cafdad9c86,0l0QLKmD2DVfNBt3fxRhaf,"indie, indie_rock, emo",Rock,2003,171360,0.368,0.592,3,-6.74,1,0.0632,0.0119,1.56e-06,0.0905,0.275,105.761,4
TRIGDLF128F93419D3,Tell Me I'm A Wreck,Every Avenue,https://p.scdn.co/mp3-preview/5a7fb88d7c36a1377d259d391d4c9daf95a43e3a?cid=774b29d4f13844c495f206cafdad9c86,17IkqxJGfjKkii7GBJFnDW,"rock, emo",Rock,2009,219960,0.576,0.75,5,-2.265,1,0.0319,0.00186,0.0,0.195,0.726,127.889,4
TRBIVUY128F148724E,Drunk Kid Catholic,Bright Eyes,https://p.scdn.co/mp3-preview/5e54d7108bebaae1e6e7f49e8fcd8f8ca2f8b058?cid=774b29d4f13844c495f206cafdad9c86,3ksXDxdFDhFLljTszmzqJ4,"indie, emo",Rock,2006,190106,0.23,0.576,0,-8.689,1,0.19,0.0714,0.0,0.62,0.384,47.204,4
TRAFUNV128F92CFEB2,MIA,Chevelle,https://p.scdn.co/mp3-preview/68f28305e619bf3f00183c23667681d8227ddd97?cid=774b29d4f13844c495f206cafdad9c86,2hxweZgog2IrkKP86KGATI,"rock, alternative, alternative_rock, hard_rock, emo, grunge, guitar, nu_metal",Folk,1999,141533,0.379,0.913,4,-7.357,1,0.0872,0.000421,0.116,0.151,0.108,117.438,4
TRSFVJN128F4289D26,Faces in the Hall,Gym Class Heroes,https://p.scdn.co/mp3-preview/80994d6ae9c35476195fbe4fd0f5bb13f5a68bb8?cid=774b29d4f13844c495f206cafdad9c86,1jQlUGewes2CPhjF1STyIV,"rock, alternative, indie, rap, hip_hop, emo, love",Rap,2005,253546,0.803,0.675,0,-7.658,1,0.155,0.0204,6.37e-06,0.0961,0.549,102.015,4
TRJHALL128F92C48B6,Sweet and Low,Fugazi,https://p.scdn.co/mp3-preview/9543cd6b82fc755c9e34fb94bfef2f25ccd09d5f?cid=774b29d4f13844c495f206cafdad9c86,631426HZlYtHaXq6LHFTLP,"indie, punk, instrumental, post_hardcore",Rock,1993,214573,0.785,0.259,9,-13.326,0,0.178,0.361,0.432,0.0921,0.37,104.463,4
TRRHKBY128F92E28DD,Heart Less,A Day to Remember,https://p.scdn.co/mp3-preview/bfafe20ac541d4a8f8aa8b873ad0a5adc676d58d?cid=774b29d4f13844c495f206cafdad9c86,3yLQyVTT0np6l0zI4pn5lD,"post_hardcore, screamo",,2008,173133,0.283,0.955,0,-5.13,1,0.145,0.000924,4.87e-05,0.676,0.291,116.816,4
TRAUAQD128F424500F,The Sweet Suffering,Anathema,https://p.scdn.co/mp3-preview/a9a3ec4977fca59699b37a6a21bc562f99c69018?cid=774b29d4f13844c495f206cafdad9c86,0oJmUkGfd6gu814DrJArwX,doom_metal,Metal,1992,401520,0.222,0.92,0,-8.412,1,0.123,0.000961,0.702,0.146,0.275,185.148,4
TRMGYHR128F92F9039,Tiger Feet,MUD,https://p.scdn.co/mp3-preview/48b4c6ad32f5974d0a2546799e47fb0fbb1e5519?cid=774b29d4f13844c495f206cafdad9c86,0cge1uwWQtdJvkUol1FbVS,"70s, oldies",,2012,230400,0.526,0.882,11,-9.197,1,0.0866,0.0959,0.0,0.487,0.731,93.683,4
TRAINQO128F92EB88D,Islands in the Stream,Bee Gees,https://p.scdn.co/mp3-preview/592539a5a102db1c1dcd51e32d23558983ea8d5d?cid=774b29d4f13844c495f206cafdad9c86,1bGFeN30V3DpkoA93lBFBQ,"pop, oldies",Pop,2010,259493,0.778,0.65,1,-6.211,1,0.0565,0.0583,0.000284,0.0574,0.749,98.017,4
TREAMGW12903CF9507,Teach Me Tiger,April Stevens,https://p.scdn.co/mp3-preview/c437896dfa28474465ce838d52fe3cb0fca53662?cid=774b29d4f13844c495f206cafdad9c86,041Sn1xYsAkyrsKNWqb8Yt,"60s, oldies, lounge",,2011,143426,0.555,0.122,10,-18.625,1,0.0513,0.854,0.000103,0.141,0.555,116.628,4
TRRSCIC128F92CC95B,Lovebug,Jonas Brothers,https://p.scdn.co/mp3-preview/24c4272b45a1e7614b0b3f490800eca8529544f5?cid=774b29d4f13844c495f206cafdad9c86,0JlPOiJFrlFnC5QHcLPyPV,"pop, love, 00s, pop_rock",Pop,2008,220693,0.597,0.499,4,-6.216,1,0.0581,0.126,0.0,0.214,0.521,79.071,4
TRVRKIS12903D07703,From Where You Are,Lifehouse,https://p.scdn.co/mp3-preview/7433b7f9dc6f6ccd674041e48b99b9acd450dffc?cid=774b29d4f13844c495f206cafdad9c86,0FlJ6af2kDJaLeUNYaRQqi,"rock, alternative, love, mellow",Rock,2017,181002,0.406,0.444,9,-9.766,0,0.0269,0.153,2.91e-06,0.114,0.287,87.439,4
TRIVDZY12903CC7671,Stilettos,Holy Fuck,https://p.scdn.co/mp3-preview/6d5866b63f038c75a1fba0a6067ea0283d2a8cec?cid=774b29d4f13844c495f206cafdad9c86,0OoN8IkgErrAAihOSjeEaZ,"psychedelic_rock, idm, noise",,2010,235466,0.489,0.958,6,-3.495,0,0.062,0.00572,0.873,0.0749,0.508,170.083,4
TRXNJMK128F426E1A0,Disguises,The Who,https://p.scdn.co/mp3-preview/7546301d881bb25a3bb602c7ddc9097ab17d0122?cid=774b29d4f13844c495f206cafdad9c86,67ioa3tkVK9ZUlSkxpDqxg,"rock, classic_rock, 60s, psychedelic_rock",,2000,225733,0.525,0.525,4,-8.812,1,0.0749,0.021,9.91e-05,0.112,0.598,130.027,4
TRONJUZ128F427B8D7,Rich Kid Blues,The Raconteurs,https://p.scdn.co/mp3-preview/aeac94d190d22286b528eb5c813f647325a2269d?cid=774b29d4f13844c495f206cafdad9c86,15bktuJ45m7p8vb455dEIA,"rock, alternative, alternative_rock, 00s, cover, blues_rock",Rock,2008,274240,0.297,0.742,7,-5.037,1,0.0425,0.0133,0.000114,0.128,0.0595,97.913,4
TRHPKWO128F92E01D5,The Lightning Strike,Snow Patrol,https://p.scdn.co/mp3-preview/3b7a63ff155501de7ee18b5ba12ff690083b6d65?cid=774b29d4f13844c495f206cafdad9c86,1rERCOiL17Ouhs8GdCB6bt,"rock, indie, 00s",Rock,2008,978466,0.251,0.642,2,-7.185,1,0.0403,0.0739,0.0356,0.114,0.0697,132.022,4
TROIRVF128F4266157,Far Far,Yael Naim,https://p.scdn.co/mp3-preview/f731b279cd771f0f710133ff3e1629890c072ac7?cid=774b29d4f13844c495f206cafdad9c86,1VLouarYcy3DFuFoZ4YKYh,"female_vocalists, folk, acoustic, french, mellow",,2007,260986,0.363,0.288,9,-11.3,1,0.0514,0.776,0.0,0.0996,0.184,61.981,4
TRBLMJP128F14988B7,J'En Ai Marre,Alizée,https://p.scdn.co/mp3-preview/eb9caefed890271d19c33a1547ab51b1653e43de?cid=774b29d4f13844c495f206cafdad9c86,04FYkPzHgXF5f3OuF5pHXj,"pop, french",Pop,2004,307000,0.784,0.873,8,-5.718,1,0.0379,0.44,0.0,0.0902,0.977,124.971,4
TRYSJOT12903CA7352,June Evenings,Air France,https://p.scdn.co/mp3-preview/4f3ea09ac0380f002ee3083d80d778ff38e37741?cid=774b29d4f13844c495f206cafdad9c86,1pJK7DwoQy70Hkr4y9Do6d,"electronic, indie, synthpop, swedish, lounge",Electronic,2008,241506,0.588,0.841,8,-5.762,0,0.0531,0.0178,0.763,0.112,0.537,134.018,4
TRGTQMF128F932BEE2,Rosa Pastel,Belanova,https://p.scdn.co/mp3-preview/32b8b6ee27b5a175010334c55288e19f4e3357f8?cid=774b29d4f13844c495f206cafdad9c86,0hyacTfQfIGLgS5QYpKtsB,"pop, female_vocalists, synthpop",Pop,2006,185920,0.81,0.612,11,-7.054,0,0.0311,0.0186,0.00875,0.43,0.629,127.994,4
TRXIQQG128F429F80A,Flash In The Night,Secret Service,https://p.scdn.co/mp3-preview/0cff4265e88bcdb57c2b98fb8be78b08345dd653?cid=774b29d4f13844c495f206cafdad9c86,2IUWDFVMeFaxDhJ3MXhQsU,"80s, synthpop, swedish",,2000,218200,0.686,0.909,6,-3.742,1,0.055,0.117,0.0095,0.742,0.716,125.435,4
TRPZUNA128F92FCDB2,Electro Movimiento,Calle 13,https://p.scdn.co/mp3-preview/173ece7204611ed47e0419f820ad96f9777e477b?cid=774b29d4f13844c495f206cafdad9c86,0MtkTew3ejrLe5UiSN1VAZ,synthpop,,2012,198687,0.763,0.74,8,-10.498,1,0.226,0.116,0.0,0.123,0.667,109.981,4
TRHJCOG128F429DAA7,Ghost Dream,Blouse,https://p.scdn.co/mp3-preview/900ff5a79e0f00c865d7b7c41750c490cb62aeab?cid=774b29d4f13844c495f206cafdad9c86,2IpdQtarLhy5kEjRChun7A,"new_wave, synthpop",Rock,2011,201559,0.632,0.747,6,-7.459,0,0.0295,0.124,0.25,0.252,0.81,117.019,4
TRQFHSW12903CF7E43,Just Impolite,Plushgun,https://p.scdn.co/mp3-preview/9dac0de58e9be704d3b15d2a8e86bc71854a4dcb?cid=774b29d4f13844c495f206cafdad9c86,0LSlXiQXOZUv0Bbb4q0z5m,"electronic, indie, synthpop",,2010,231466,0.589,0.779,9,-6.938,1,0.114,0.156,4.6e-06,0.0848,0.658,174.98,4
TRIQVNA128F92F9292,Build High,Pixies,https://p.scdn.co/mp3-preview/7e6e85a572b1e413567176b8d88f008ff5f6dcfb?cid=774b29d4f13844c495f206cafdad9c86,0E1n0sl1NMepB3THsWPN5T,"rock, alternative, indie, alternative_rock, indie_rock, grunge, gothic",Rock,1987,87373,0.425,0.85,7,-10.243,1,0.0339,0.0575,0.0347,0.0545,0.943,139.187,4
TRZZYMU128E0792400,Flutter Girl,Chris Cornell,https://p.scdn.co/mp3-preview/086e8821cd2cf926fa217c3ed8ee584fc13ff74b?cid=774b29d4f13844c495f206cafdad9c86,22KU2R34xEWwt8WqeMFTHD,"rock, alternative, grunge",Rock,1999,265173,0.588,0.835,9,-5.497,1,0.0356,0.121,0.0,0.0837,0.396,113.019,4
TRFRJTK128E078991E,Ironside,Nine Black Alps,https://p.scdn.co/mp3-preview/8e21706fda0511ddce4d7714fff8b28c093977e1?cid=774b29d4f13844c495f206cafdad9c86,0tMC6Hm4lhtef2eibZvRNK,"rock, alternative, indie, indie_rock, grunge, noise",Rock,2005,166053,0.44,0.996,7,-4.556,0,0.128,3.49e-05,0.0127,0.416,0.14,134.774,4
TROSUNC128F427E889,In The Moonlight,Pearl Jam,https://p.scdn.co/mp3-preview/7dc518c063db621304f4f625009db407a34e3e05?cid=774b29d4f13844c495f206cafdad9c86,0pmHTYxB5ZobIwRJIFdlMQ,"rock, grunge",Rock,2003,186013,0.416,0.931,7,-4.479,1,0.0643,0.0142,0.272,0.152,0.231,105.688,3
TRNIIFM128E078E1CD,The Way You Lived,CKY,https://p.scdn.co/mp3-preview/d767e9b73bfad566342e52f10c701b5e1160f88d?cid=774b29d4f13844c495f206cafdad9c86,1SPd4sFQWpMRKLTdpMAYlY,"rock, alternative_rock, grunge",Rock,2005,225533,0.287,0.935,9,-4.864,0,0.0435,3.88e-05,3.34e-06,0.146,0.786,137.876,3
TRQMSHM128E078E1D1,Tripled Manic State,CKY,https://p.scdn.co/mp3-preview/b5f31fd6e3352521dc8fde63ffa2a14075f19dc6?cid=774b29d4f13844c495f206cafdad9c86,0MyvstxoXxakLo9Zm8HaP9,"rock, alternative_rock, punk, progressive_rock, grunge",Rock,2005,203426,0.409,0.878,4,-5.714,0,0.0337,0.00136,3.96e-05,0.164,0.893,95.732,4
TRDWPBE128E079295F,How Do You Know You?,Days of the New,https://p.scdn.co/mp3-preview/ac9d04c2112426202726bc01136d794b4bb8761a?cid=774b29d4f13844c495f206cafdad9c86,2G6djhQmxbadZFqvWyVF3y,"alternative_rock, grunge",Rock,1997,333760,0.601,0.584,11,-9.213,1,0.0263,0.245,0.000383,0.153,0.456,124.525,4
TRRXFHO128EF3550BC,Fast as I Can,Stone Temple Pilots,https://p.scdn.co/mp3-preview/d3c68ac4bdb4cc91d9b9995d233ebd1d97a602e3?cid=774b29d4f13844c495f206cafdad9c86,1MjCvnob720XbcxplOpaL6,"alternative_rock, grunge",,2010,213586,0.481,0.965,0,-4.755,1,0.0452,0.000194,1.62e-06,0.454,0.659,97.445,4
TRSGCOS128F14836C3,Flor Venenosa,Héroes del Silencio,https://p.scdn.co/mp3-preview/61df87eb627cdb44f7b0a20b5c8f97cedc8aed31?cid=774b29d4f13844c495f206cafdad9c86,2pCDBt25PUzgxAiWgjJ7kS,"rock, gothic",Rock,1988,248973,0.633,0.887,5,-3.239,1,0.0327,0.348,0.0,0.165,0.626,110.193,4
TRVTOKP128F42AEB2D,Corazon Espinado,Santana,https://p.scdn.co/mp3-preview/5b0741c22dd6d8f316263e30379d1d7a1eff6636?cid=774b29d4f13844c495f206cafdad9c86,0397PARWxxZwkiYRCK42P8,"rock, guitar",,2007,274360,0.695,0.783,11,-5.468,0,0.0289,0.115,0.337,0.122,0.962,120.1,4
TRKRASZ128F42282B8,Woman Like a Man,Damien Rice,https://p.scdn.co/mp3-preview/12f1a9a6079cf7a746bb13611da7dd52614bddd3?cid=774b29d4f13844c495f206cafdad9c86,0ELLyUCo5Z61r7neY9zwod,"indie, folk, singer_songwriter, acoustic, guitar, britpop",Folk,2004,286640,0.499,0.704,2,-5.649,0,0.0484,0.171,5.36e-06,0.0943,0.605,80.921,4
TRFZCOL128F425C770,Simple As It Should Be,Tristan Prettyman,https://p.scdn.co/mp3-preview/61f46fba49ff36ec7b11d077e44d7b992671462a?cid=774b29d4f13844c495f206cafdad9c86,5zF56KE89F9N4MvZGLaQsf,"pop, female_vocalists, folk, singer_songwriter, acoustic, guitar",,2005,229346,0.644,0.373,7,-10.377,1,0.0374,0.882,0.0,0.11,0.535,156.958,4
TRGLLXB128F92D5589,What's Been Going On,Amos Lee,https://p.scdn.co/mp3-preview/7d0a236e70f8c4dba8f6b328b8a194949b7c7596?cid=774b29d4f13844c495f206cafdad9c86,1q2yciMI9xjFWL8ZdiRrEo,"folk, singer_songwriter, soul, acoustic, guitar",Folk,2008,254466,0.468,0.356,1,-8.487,1,0.03,0.388,1.07e-05,0.114,0.191,137.07,4
TRJOTPI128F92F0D51,Ojalá,Silvio Rodríguez,https://p.scdn.co/mp3-preview/e9a136fea41894577f5d66ed8eedb3676f6cf31b?cid=774b29d4f13844c495f206cafdad9c86,1hZUBUgluuE38eXtOpExKY,guitar,,1978,212481,0.526,0.235,7,-14.074,0,0.0991,0.907,4.44e-06,0.111,0.377,91.24,1
TRNLTBQ128F428B8EE,Nada Es Para Siempre,Luis Fonsi,https://p.scdn.co/mp3-preview/9164d1042c637625823f5828fa3b0dc6ccdf776d?cid=774b29d4f13844c495f206cafdad9c86,1F42yfl5FWNefHR88V9oll,"pop, guitar",,2006,239880,0.523,0.513,4,-8.399,0,0.0397,0.211,0.0,0.129,0.496,155.989,4
TRBZKDX128F4255A4A,Por Besarte,Lu,https://p.scdn.co/mp3-preview/f295fcc4a4baec43b46d5c2c4d396f11259fde98?cid=774b29d4f13844c495f206cafdad9c86,0JCLAFZZENDUGXVZrV9Mvy,"pop, guitar",Pop,2011,217400,0.443,0.784,6,-4.433,0,0.0422,0.193,0.0,0.0717,0.525,176.06,4
TRTLZCR128F92E4B15,Shop Vac,Jonathan Coulton,https://p.scdn.co/mp3-preview/392d3445f3dcf7bb160c8b3097c3a44ccce66b3f?cid=774b29d4f13844c495f206cafdad9c86,0TBHBP7vzq9jUXlvfPibRO,"rock, indie, singer_songwriter, guitar",Rock,2009,205080,0.589,0.43,4,-6.521,1,0.0393,0.818,0.0,0.129,0.692,75.424,4
TRGTPNQ128F424F973,My Week Beats Your Year,Telefon Tel Aviv,https://p.scdn.co/mp3-preview/12a169a81302ed5b451a69892f6451d4f5fe1a17?cid=774b29d4f13844c495f206cafdad9c86,02MLk9sT8J4F5iSWU9JmOC,"electronic, idm",Electronic,2004,249120,0.723,0.929,1,-3.233,0,0.0675,0.011,0.27,0.572,0.653,120.013,4
TRBCVBK128E07813EC,Rock the House (radio edit),Gorillaz,https://p.scdn.co/mp3-preview/dc5cc2d9371cec078ce0d98bf783274b916cbf35?cid=774b29d4f13844c495f206cafdad9c86,6P1SNP4w09zcvdt4oytb5d,"rock, electronic, alternative, hip_hop, idm, drum_and_bass",Rock,2002,183640,0.808,0.815,2,-6.603,1,0.116,0.0762,0.00135,0.204,0.644,85.971,4
TROPMOC128F427AF98,Webers,Caribou,https://p.scdn.co/mp3-preview/2aad2ddc4ed5da4342b8e0511368aa9ee45b5546?cid=774b29d4f13844c495f206cafdad9c86,2jT8jyVWQlgIVmVuSpZ2iz,"electronic, experimental, idm",,2006,332693,0.775,0.372,6,-12.714,0,0.0818,0.011,0.315,0.0923,0.105,134.404,4
TRVIQST128F4251D45,Only Superstition,Coldplay,https://p.scdn.co/mp3-preview/f7bc154c027a99c11ed2e7810516be5e9f9da73b?cid=774b29d4f13844c495f206cafdad9c86,4eJNA83TrqZ3S6LSyK8rSf,"rock, alternative, alternative_rock, british, britpop",Rock,1999,228666,0.413,0.793,9,-9.136,0,0.0289,0.155,6.01e-05,0.0885,0.685,87.307,4
TRWBMNY128E0780CB0,I Ran Away,Coldplay,https://p.scdn.co/mp3-preview/fcced07918e843e55a8dc11612847d49636af697?cid=774b29d4f13844c495f206cafdad9c86,03Ghjnx5nh4Vpj02flzxSN,"rock, britpop",Rock,2002,266606,0.517,0.634,9,-9.646,1,0.0262,0.0504,0.127,0.0778,0.351,109.593,4
TRAXDVA128F4251862,New Generation,Suede,https://p.scdn.co/mp3-preview/c927bf215b22a922db88e75def09bc28d0706f24?cid=774b29d4f13844c495f206cafdad9c86,0MBjHE9gk6OwnYpebVX0eb,"indie, britpop",Punk,1994,277840,0.433,0.792,1,-7.72,1,0.0424,0.0983,2.43e-05,0.271,0.411,123.727,4
TRRTIKG128EF349E4C,Disco Friends,Just Jack,https://p.scdn.co/mp3-preview/d6246842952b0bae376e0bd3562aa06d45b71167?cid=774b29d4f13844c495f206cafdad9c86,1V0b56oTUpOQ93BqrKyVm6,"electronic, pop, chillout, hip_hop, britpop",Pop,2007,180693,0.704,0.491,9,-6.478,0,0.108,0.228,0.00106,0.136,0.547,95.771,4
TRPPUVJ128F93259A2,Fag Hag,Lily Allen,https://p.scdn.co/mp3-preview/c4c93e313d72dc5ef41b9d049b0d78a1cb6e16dd?cid=774b29d4f13844c495f206cafdad9c86,2o8GPj6lSYuIswtOFQg9P3,"pop, female_vocalists, british, britpop",Pop,2009,175986,0.674,0.936,11,-5.994,1,0.0658,0.0539,0.0356,0.123,0.707,139.933,4
TRGTVVB128F1485912,Stripper Vicar,Mansun,https://p.scdn.co/mp3-preview/7b903966d6115244866aacab0890ac068dfa8c2a?cid=774b29d4f13844c495f206cafdad9c86,0iv1uWXEynkPVBkWBkRP3C,"indie, 90s, britpop",Rock,2008,245493,0.578,0.956,8,-5.923,1,0.039,6.39e-05,3.11e-05,0.382,0.459,111.475,4
TRFCEOE128F1451F2D,Fix You (Live),Coldplay,https://p.scdn.co/mp3-preview/032a2dc858a604ec6b97c0ef3dc80637d0d7c518?cid=774b29d4f13844c495f206cafdad9c86,4EDJwS5DuNl3H1nL0OpZWk,"alternative_rock, britpop",Rock,2005,363013,0.148,0.499,3,-6.81,1,0.0322,0.0131,0.000247,0.817,0.194,140.174,4
TRBPTYF128F423EEA3,A Ribbon,Devendra Banhart,https://p.scdn.co/mp3-preview/64a1acfd8212ed4cb8af7b9ea36bedc8ed339ae3?cid=774b29d4f13844c495f206cafdad9c86,11YnGHiUSgFdrmHzfXRz16,"indie, folk, singer_songwriter",Folk,2013,158826,0.442,0.439,2,-10.421,0,0.0342,0.879,0.167,0.122,0.39,116.451,4
TRKWPGK128F428630A,Fountains And Tramways,Beirut,https://p.scdn.co/mp3-preview/1487a50c52ce4f8ece6619bfacc2c9dfd524aace?cid=774b29d4f13844c495f206cafdad9c86,2Hx0xhg81TcaBfsuUyCjsn,"indie, mellow",,2007,239080,0.679,0.417,0,-15.159,1,0.0344,0.374,0.445,0.0956,0.745,129.979,4
TRPOMAV128F92CA91A,Schwarze Biene (Black Maja),Bohren & der Club of Gore,https://p.scdn.co/mp3-preview/97f311a34ede099754c24ae19b0c5ed1f78d8d63?cid=774b29d4f13844c495f206cafdad9c86,7ydK1QcHh5FS9QKC3DUzZz,"jazz, dark_ambient",Jazz,2008,491400,0.168,0.00629,7,-21.149,1,0.065,0.967,0.938,0.0779,0.0328,66.1,5
TRJWZII128F92CA924,Orgelblut,Bohren & der Club of Gore,https://p.scdn.co/mp3-preview/48291b26c953ec0f94b118e4983694a9c9d295d4?cid=774b29d4f13844c495f206cafdad9c86,2T5FgGd5rdLYB8q1K330kY,"jazz, dark_ambient",Jazz,2008,372853,0.258,0.00302,9,-21.968,0,0.0452,0.809,0.859,0.121,0.0575,110.639,4
TRRNCQO128F932FB29,Deadbeat I,Desiderii Marginis,https://p.scdn.co/mp3-preview/5dd30931f65614e19a4cb71c207bd11265834b4a?cid=774b29d4f13844c495f206cafdad9c86,4DGaTxfHglojzG5gHvCDqM,dark_ambient,,2001,325960,0.0917,0.452,7,-15.84,1,0.064,0.76,0.963,0.109,0.0557,76.781,3
TRWFIGX128F42920CA,Blasphemous rumours,Angelzoom,https://p.scdn.co/mp3-preview/7b7cbf330714563f57fdcdb7129a354cd591127d?cid=774b29d4f13844c495f206cafdad9c86,0EMVhlaLH40yw63Y12lY9A,"female_vocalists, ambient, dark_ambient, cover",,2005,201680,0.488,0.356,11,-7.803,1,0.0301,0.834,3.44e-05,0.106,0.086,117.88,4
TRQMAUR128F427563B,Six Feet Up,The Octopus Project,https://p.scdn.co/mp3-preview/3ba54683f81f0090c9613e4788d2d5399004f4c9?cid=774b29d4f13844c495f206cafdad9c86,4f7gNEhsvEjUTndwO4C4f6,"rock, electronic, instrumental, noise, chill",Rock,2005,233413,0.56,0.839,0,-8.584,1,0.0807,0.00527,0.248,0.092,0.346,88.144,3
TRSBLAG128F92FF641,He Hit Me,Grizzly Bear,https://p.scdn.co/mp3-preview/60e0fd7743b593264313c21fccd6b560d3457701?cid=774b29d4f13844c495f206cafdad9c86,4QtfEsn9cc392Mb9t8tx9j,cover,,2007,263013,0.429,0.237,9,-9.745,0,0.0334,0.56,0.385,0.11,0.308,171.685,4
TRWMGXO128F428A28F,"Mahna, Mahna",Cake,https://p.scdn.co/mp3-preview/e88cc77c3a63f0a5de4ee5ec811aa6b12f4220d7?cid=774b29d4f13844c495f206cafdad9c86,5FnyVsDPOblZ8gVvaXta9z,cover,Rock,2007,174066,0.742,0.483,7,-11.369,1,0.155,0.213,0.471,0.0733,0.638,89.883,4
TRSSUEJ128F4295E1A,Just Missed the Train,Kelly Clarkson,https://p.scdn.co/mp3-preview/9ae999a958999ac1aa9c6aeb60036ecfecc6a02b?cid=774b29d4f13844c495f206cafdad9c86,3rXR3nXyvw3QOHrT2NAHH9,"pop, female_vocalists, cover, pop_rock",Pop,2011,250506,0.394,0.804,7,-4.748,1,0.0413,0.0263,3.78e-05,0.111,0.312,74.746,4
TRHPZIT128F148B263,She Hates Me,Richard Cheese,https://p.scdn.co/mp3-preview/882e687586f92d6b32c3957e088fe32fb684a7f5?cid=774b29d4f13844c495f206cafdad9c86,1r2ve29p4VgWmkFTEx3KIT,"cover, lounge",Rock,2002,96266,0.598,0.394,9,-8.646,1,0.101,0.177,0.0,0.103,0.596,146.449,4
TRUKRLU128E07962F6,Sin Documentos,Julieta Venegas,https://p.scdn.co/mp3-preview/3e928f1ddd8a698413e9530ef271ec1890481f82?cid=774b29d4f13844c495f206cafdad9c86,1InSlqXj7M7oZa4rjljREJ,"female_vocalists, cover",,2006,228680,0.7,0.717,9,-5.689,0,0.0495,0.0955,0.0,0.099,0.594,96.003,4
TRXIHCK128E079699E,Way Over Yonder In The Minor Key,Billy Bragg,https://p.scdn.co/mp3-preview/b2dd75da3f873ce35a516301ab57d51973d92356?cid=774b29d4f13844c495f206cafdad9c86,0gs7Dvwm2wlzV5G0ruOjls,"folk, acoustic, cover",,2012,247853,0.3,0.476,11,-9.712,1,0.0379,0.501,0.0,0.112,0.222,170.928,4
TRCMTEO128F931DBA8,The Pioneers,Tunng,https://p.scdn.co/mp3-preview/31096207a0cf855cb1000a776e9b478cdc30e3e7?cid=774b29d4f13844c495f206cafdad9c86,31rPGmB19BaFU71EOvSpap,"indie, folk, cover",Rock,2019,265880,0.654,0.468,11,-10.792,0,0.0351,0.552,0.00121,0.309,0.172,116.073,4
TRYTUWN128F1472303,Rec & Play,I'm from Barcelona,https://p.scdn.co/mp3-preview/42156c1b01a8133774fd0c2528078823926b2a7f?cid=774b29d4f13844c495f206cafdad9c86,0LZCGtYfMoZuDL6r88mxAx,"indie, pop, indie_pop, swedish",Rock,2007,175546,0.68,0.878,0,-4.487,1,0.0334,0.0624,1.93e-05,0.95,0.737,126.02,4
TRQWCDQ12903CA734F,Maundy Thursday,Air France,https://p.scdn.co/mp3-preview/f7481656526cb8a00e6ce3ba30705ad4ccf554d3?cid=774b29d4f13844c495f206cafdad9c86,1xEJFjOUv1OGoCExD4HXhD,"electronic, ambient, swedish",Electronic,2008,170200,0.331,0.34,0,-17.766,1,0.0702,0.698,0.925,0.164,0.123,133.514,4
TRGNBVA12903CA735B,Windmill Wedding,Air France,https://p.scdn.co/mp3-preview/8e17dae1483e7deccaa001845c75f4240e03667e?cid=774b29d4f13844c495f206cafdad9c86,1eJtwdTwuyBvQVTtRWrMUW,"piano, swedish",Electronic,2008,193360,0.283,0.327,5,-14.55,1,0.0438,0.945,0.479,0.338,0.0588,148.514,3
TRBHVEV128F425C018,One In A Million,Bosson,https://p.scdn.co/mp3-preview/c203cf932a1613c338075775e18afb48802ed9a2?cid=774b29d4f13844c495f206cafdad9c86,1dywsQz7KmLT5fV84mE5nG,"pop, love, swedish",RnB,2001,214133,0.634,0.883,2,-4.445,0,0.0388,0.113,2.97e-06,0.224,0.676,99.988,4
TRTWTQH12903CEA899,Black Refuge,Junip,https://p.scdn.co/mp3-preview/8b002d2e76de7de039cd5f249aa796164790f8a3?cid=774b29d4f13844c495f206cafdad9c86,1EDFYVa50sXCyhRK6NNgcp,"rock, alternative, indie, folk, indie_rock, acoustic, beautiful, swedish",,2010,207533,0.404,0.902,4,-7.765,0,0.036,0.0614,0.63,0.463,0.427,87.408,4
TRLNICN12903CA735F,Karibien,Air France,https://p.scdn.co/mp3-preview/80691f7a33fd2367932687b3c47f491f9674dee3?cid=774b29d4f13844c495f206cafdad9c86,1bJIGaI7n5lZfc5uO8Qhl4,"electronic, indie, experimental, swedish",,2008,194506,0.479,0.95,9,-7.997,0,0.0829,2.33e-05,0.597,0.101,0.647,140.005,4
TRRLNWO128F92F2485,Undantag,Bo Kaspers Orkester,https://p.scdn.co/mp3-preview/5ccd5129b69ad896d14c8055457343a6d99ca97d?cid=774b29d4f13844c495f206cafdad9c86,06e8JNPVkQAVfFnEkf2EFt,"jazz, swedish",Jazz,1998,256959,0.73,0.593,0,-8.158,0,0.0323,0.711,0.000767,0.114,0.56,128.015,4
TRBJFDB128F428DF1E,Long Arm Of The Law,Looptroop,https://p.scdn.co/mp3-preview/2994ec0fdfcc9c98106c87dbdff710f8697a3458?cid=774b29d4f13844c495f206cafdad9c86,3sBeDCAoWUL5Lxfn7i5LZv,"rap, hip_hop, swedish",Rap,2000,319280,0.706,0.62,8,-9.208,1,0.402,0.246,6.41e-06,0.175,0.798,92.355,4
TRHRRRI128F92D25F9,Good Arms vs. Bad Arms,Frightened Rabbit,https://p.scdn.co/mp3-preview/7d5050d270d12b60e03c69c664f2dc89bbca53f5?cid=774b29d4f13844c495f206cafdad9c86,0mJRi70lKwrTP4ewi3m6Ib,"indie, mellow",Rock,2008,308666,0.371,0.801,10,-5.866,1,0.033,0.126,0.006,0.281,0.211,153.161,3
TRSGIYX128F149F01F,Medicating,Boys Night Out,https://p.scdn.co/mp3-preview/7841258a4f98f796bb97878efce53082f5a0777d?cid=774b29d4f13844c495f206cafdad9c86,5HY4485xp2sHT9w97y5LyV,"emo, screamo",Rock,2006,242213,0.445,0.936,11,-4.888,0,0.0715,0.00279,0.0,0.422,0.748,167.142,4
TRAZIQK12903CCFB3A,Sweat It Out,Breathe Carolina,https://p.scdn.co/mp3-preview/774ffa8f49b57e84374abcaec0747f650d098f96?cid=774b29d4f13844c495f206cafdad9c86,0yBgT4lCESbVlYSdRbYh2L,"electronic, screamo",,2011,231160,0.735,0.956,8,-4.034,1,0.157,0.00575,0.0,0.0888,0.87,119.964,4
TRQEZBQ128F4272086,Brimful Of Asha - The Norman Cook Remix (Single Version),Cornershop,https://p.scdn.co/mp3-preview/da622af9726d1dd10b920640c46bbb91179b2d33?cid=774b29d4f13844c495f206cafdad9c86,29capylmokCeuNAWqGitij,"rock, electronic, lounge",,1997,243666,0.686,0.936,11,-3.923,1,0.0571,0.22,0.0,0.0964,0.942,125.665,4
TRJHQWM128F423F06E,A Warning (Dub),Thievery Corporation,https://p.scdn.co/mp3-preview/7cd64e9e585bf727e9d3650e8bce2d8c9f61b629?cid=774b29d4f13844c495f206cafdad9c86,3MxVbkReqYzBTi587yjo4L,"chillout, trip_hop, downtempo, lounge",Electronic,1997,141093,0.66,0.537,4,-17.893,0,0.338,0.0357,0.842,0.108,0.168,184.036,4
TRBVJTN128F92FB80C,Rapture at Sea,Eastern Sun,https://p.scdn.co/mp3-preview/b796cd97429df32b55409026d3db4bb35f1e51b3?cid=774b29d4f13844c495f206cafdad9c86,0HdeZ0MFWni6PQhWp5htQj,"ambient, chillout, lounge, chill",Electronic,2004,457520,0.69,0.62,1,-10.614,0,0.0358,0.237,0.948,0.118,0.275,89.986,4
TRHWZYC128E0796038,Para no Olvidar,Los Rodríguez,https://p.scdn.co/mp3-preview/e15836d0e834061f14bdae32d338a7d7ad4e96f3?cid=774b29d4f13844c495f206cafdad9c86,1aZZe66tDYYcwxPG1HourV,lounge,,2001,234813,0.593,0.926,7,-3.696,0,0.0322,0.242,1.57e-06,0.207,0.961,104.854,4
TRSWFJV128F42274B9,White Slave,Funki Porcini,https://p.scdn.co/mp3-preview/248c4c3e599feb8f28682006f28ba39abf69769e?cid=774b29d4f13844c495f206cafdad9c86,1tMjwGphiN9GchDdsvP38P,"downtempo, lounge",Electronic,1995,165226,0.673,0.112,0,-27.482,1,0.29,0.377,0.492,0.34,0.859,76.833,4
TRMVHHY128F935046D,Uno Entre 1000,Gustavo Cerati,https://p.scdn.co/mp3-preview/161558a9f8fa491343540a2b04f342ca511fa28e?cid=774b29d4f13844c495f206cafdad9c86,08THJWH8yk4DFPUSLaSsdX,"rock, lounge",Rock,2006,249386,0.53,0.674,4,-6.104,0,0.0272,0.00238,0.744,0.147,0.577,86.95,4
TRIWFSE128F1469667,Hoo-Bangin' (WSCG Style),Westside Connection,https://p.scdn.co/mp3-preview/b988b3c65958966c7f4fcd72e0d04d3f0fce5b91?cid=774b29d4f13844c495f206cafdad9c86,1cikrStdIjqYJrpM0gfFuo,,Rap,1996,238200,0.91,0.435,1,-7.157,1,0.361,0.04,0.0,0.191,0.391,92.18,4
TROKKUM128F4268326,Old Habits Die Hard,Mick Jagger,https://p.scdn.co/mp3-preview/4e7e9d1e717b45d55c3ac2de0f87005895f952ce?cid=774b29d4f13844c495f206cafdad9c86,0jtBlrvyAkE8lgo68TaIPv,"rock, classic_rock, soundtrack",,2007,264333,0.607,0.869,10,-4.023,1,0.0441,0.263,0.0,0.165,0.324,110.027,4
TRBCRKT128F9303898,I Hate the Way You Love,The Kills,https://p.scdn.co/mp3-preview/169da0390aeb2f822aeefa207b42b791db0a2914?cid=774b29d4f13844c495f206cafdad9c86,3iyESqwBfuE53sbqWv12hp,"rock, alternative, indie, female_vocalists, alternative_rock, indie_rock",Rock,2005,217946,0.578,0.965,11,-5.959,1,0.0996,0.411,0.0541,0.887,0.526,133.241,4
TRBFKOV128F426DDF1,Birds and the Bees,The Bird and the Bee,https://p.scdn.co/mp3-preview/0156a082bfeaf05781518e8969d50ec407f0d22c?cid=774b29d4f13844c495f206cafdad9c86,31aTWvrpWHCV3TguTRLEBA,"indie, female_vocalists, indie_pop, beautiful, chill",Rock,2007,229466,0.756,0.368,6,-11.293,1,0.0294,0.314,0.0,0.0853,0.214,121.001,3
TRMMUBQ128F42B81FD,The Driveway,Miley Cyrus,https://p.scdn.co/mp3-preview/6ad8ec2e1421cb1ff8253f27a6d5603640f57d25?cid=774b29d4f13844c495f206cafdad9c86,0GHQhjDZUXiTM2Gl5G59zL,"pop, female_vocalists, pop_rock",Pop,2008,223080,0.433,0.869,4,-3.687,1,0.0475,0.0245,0.0,0.105,0.551,164.976,4
TRVJRYL128F4298F72,"Sea Green, See Blue",Jaymay,https://p.scdn.co/mp3-preview/7e3758d64dd9cd884ae29a37b268372820f26be3?cid=774b29d4f13844c495f206cafdad9c86,1TY5KmqtwL4rwpdPAsVav6,"female_vocalists, folk",,2007,377200,0.616,0.187,4,-14.409,1,0.0414,0.923,6.67e-05,0.127,0.313,117.618,4
TRRFLHE12903CDE735,I Will Love Again,Lara Fabian,https://p.scdn.co/mp3-preview/de651c843218bbb7b6e1f6646b04294cae09801c?cid=774b29d4f13844c495f206cafdad9c86,1pGO9TYY2G3iCgJW4906Qh,"pop, female_vocalists",,2000,226893,0.604,0.657,9,-11.328,0,0.0372,0.0491,1.27e-05,0.102,0.356,126.977,4
TRZLUVQ128F424CC72,The Savage Union,Edguy,https://p.scdn.co/mp3-preview/caf8974bbe12422d7cff9491f9fd660942589731?cid=774b29d4f13844c495f206cafdad9c86,1MuVCZYGqaYfBg1O7bxNrD,"power_metal, symphonic_metal",,2008,255360,0.451,0.938,11,-6.224,1,0.051,3.21e-05,0.00551,0.301,0.459,99.996,4
TROBSUH12903CDCE6C,Absence of Fear,War Of Ages,https://p.scdn.co/mp3-preview/714920630384b51494c3500206ddc30d0630cc59?cid=774b29d4f13844c495f206cafdad9c86,1RNLbvwXrspJSjnLT5YJAr,"metalcore, grindcore",Metal,2006,198120,0.252,0.954,1,-4.37,0,0.094,0.000391,0.0003,0.147,0.466,194.045,4
TRQHXAL128F42915DB,Implosion of Eternity,Origin,https://p.scdn.co/mp3-preview/59bfc0bbbaef967c151bffd90c4aa68ad0458a46?cid=774b29d4f13844c495f206cafdad9c86,1ubofujPLlq83UtECvTHAQ,"death_metal, grindcore",Metal,2002,186600,0.352,0.992,11,-4.364,1,0.224,0.000873,0.0117,0.314,0.185,120.625,4
TRVKJMI128F1490EBA,Doperide,Saliva,https://p.scdn.co/mp3-preview/4ba284c6bf88199b7d0946e78107f2b3c9d572f9?cid=774b29d4f13844c495f206cafdad9c86,59ZP7DwBoQikHWp8yASqgU,"rock, metal, hard_rock, nu_metal",Rock,2001,206666,0.514,0.897,8,-3.633,1,0.0638,0.000323,0.0889,0.407,0.705,190.016,4
TRCRSAS12903CC6811,Don't Haunt This Place,The Rural Alberta Advantage,https://p.scdn.co/mp3-preview/792967c5a45a65316eb5a5b4e34550968eadc4cc?cid=774b29d4f13844c495f206cafdad9c86,03GoJ5KTrhQ8vWiD0KtPgY,"indie, pop_rock",Rock,2009,155373,0.638,0.834,8,-8.975,1,0.199,0.037,0.0,0.0621,0.745,168.074,4
TRFGYZI128F4243BFF,En Algún Lugar,Duncan Dhu,https://p.scdn.co/mp3-preview/786ab9eae518fcdf94c7b925758dbc4a7d61a83b?cid=774b29d4f13844c495f206cafdad9c86,01Kyr15m8Dfm2Z57XoXKO7,"pop, 80s, pop_rock",Pop,2013,235626,0.527,0.859,7,-6.685,1,0.0687,0.176,0.0866,0.157,0.443,74.214,4
TRPKZWR128F931240B,O Tempo Não Pára,Cazuza,https://p.scdn.co/mp3-preview/d114173b1e2a79519c30d564b4ddb8935bf71554?cid=774b29d4f13844c495f206cafdad9c86,10C3nAydzBvNfaY86NwUuA,"rock, 80s, pop_rock",,1988,279893,0.358,0.766,2,-9.715,1,0.0603,0.0343,0.0,0.983,0.362,76.904,4
TRDMDPT128E0784824,This Cowboy Song,Sting,https://p.scdn.co/mp3-preview/e2974fb436cd1accf4a1073ab33e7cfcbddd57bd?cid=774b29d4f13844c495f206cafdad9c86,5zZDKuI7Rvz0mmA5XTMWUe,"rock, pop, pop_rock",Rock,1994,299600,0.651,0.872,0,-8.259,1,0.0355,0.0211,0.0315,0.0558,0.91,100.313,4
TRNVOBZ128F933EDB9,Stuck Between,Riverside,https://p.scdn.co/mp3-preview/0e1a3e07f51786454e4cd71757dc8e66cdfdb063?cid=774b29d4f13844c495f206cafdad9c86,43MtJpIYulrEQ2E8oMH6Rb,"progressive_rock, polish",Rock,2006,236280,0.567,0.709,4,-8.0,0,0.041,0.221,0.177,0.161,0.648,156.009,4
TRXRKDL128F934B397,Moje mieszkanie,Mikromusic,https://p.scdn.co/mp3-preview/55f337b3692d3f758396e04467310c31a26ec81a?cid=774b29d4f13844c495f206cafdad9c86,1BZGfHtc9QkpD09Gym1oSu,"female_vocalists, jazz, polish",Jazz,2009,289733,0.704,0.455,5,-9.932,1,0.0322,0.67,6.09e-06,0.105,0.263,99.953,4
TRCYLSI128F428276B,Jak Aniola Glos,Feel,https://p.scdn.co/mp3-preview/f90f805405ad1500addba150ceef5578dfbb2ecb?cid=774b29d4f13844c495f206cafdad9c86,2xhKVZ6yPVuj7ELBFq91X4,polish,,2007,206573,0.633,0.674,7,-5.01,1,0.0271,0.34,0.0,0.217,0.725,94.006,4
TRWNAYV128F92E6CCB,Ain't That a Bitch,Aerosmith,https://p.scdn.co/mp3-preview/ae18576da6240fe763fe1f7891ce88774421696a?cid=774b29d4f13844c495f206cafdad9c86,5BYs1MzSOtId1t2itGmHh2,"rock, classic_rock, hard_rock, blues_rock",Rap,1997,325240,0.487,0.831,0,-4.585,0,0.0382,0.0238,0.0,0.183,0.3,127.991,4
TRVJGDX128F42645CA,House Of Broken Love,Great White,https://p.scdn.co/mp3-preview/1797d6e3f8c4b724432cc61560b1be6f03a4675b?cid=774b29d4f13844c495f206cafdad9c86,0tFscEe2fMwsHflVPsyaAD,"hard_rock, blues_rock",Rock,1989,358426,0.581,0.468,9,-15.763,0,0.0314,0.0251,0.0845,0.0831,0.49,116.04,3
TRSIDGD128F92E3334,Soul Singing,The Black Crowes,https://p.scdn.co/mp3-preview/52a92bb921f67827100c8721708f29e25f1ddf4a?cid=774b29d4f13844c495f206cafdad9c86,00xZWfZIuZITPBnBRnZJ0m,"rock, blues_rock",,2013,293680,0.497,0.621,5,-7.099,1,0.0551,0.3,9.4e-05,0.84,0.484,80.956,4
TRINMQB128F930F503,Haunted Graffiti,Ariel Pink's Haunted Graffiti,https://p.scdn.co/mp3-preview/2ab2bfe884bd307dafefd9be8d9340dd73ffea6a?cid=774b29d4f13844c495f206cafdad9c86,2A9jPHhP1Q0b94ivfU0B2n,"indie, pop, avant_garde",Rock,2004,230666,0.347,0.854,8,-5.728,0,0.113,0.735,0.0281,0.119,0.563,135.739,4
TRSJCUG128F935095D,Untitled #5,John Frusciante,https://p.scdn.co/mp3-preview/e5ae9ffbf12a6857b3484f99c45c95a64e19a71c?cid=774b29d4f13844c495f206cafdad9c86,1VITiDHgzKNWb0W3xfCuE4,"experimental, psychedelic, psychedelic_rock, avant_garde",,1994,89959,0.343,0.13,9,-19.154,0,0.0371,0.963,0.748,0.169,0.339,61.895,4
TRXEAZB128E078EDCE,Something In The Way,4hero,https://p.scdn.co/mp3-preview/7d8c0a7fbbd168a10c670396218b586c78cb1cde?cid=774b29d4f13844c495f206cafdad9c86,7hhGYiCQqlaG9CrWP2ncoK,"chillout, trip_hop, downtempo, chill, drum_and_bass",Rock,2007,298840,0.78,0.884,1,-6.445,1,0.0434,0.204,0.783,0.0959,0.749,115.948,4
TRDGUPO128F9332CF6,Down To Earth,Bungle,https://p.scdn.co/mp3-preview/7ee68b12ed4084db1b59ff5f8ad29cbd279a8fef?cid=774b29d4f13844c495f206cafdad9c86,4Atkdf9dK6M0D4Z8buuFRb,drum_and_bass,Pop,2007,378805,0.503,0.904,10,-6.521,0,0.0606,0.00132,0.886,0.133,0.373,174.013,4
TRFDSKQ128F423C31F,I Want Tomorrow,Enya,https://p.scdn.co/mp3-preview/fe5d8e7e4c7edee00ecb433206972bbde7142adc?cid=774b29d4f13844c495f206cafdad9c86,3UFiLGPJZJ1RDAtjogsDYm,new_age,New Age,1987,242226,0.392,0.0952,2,-19.911,1,0.0308,0.745,0.0558,0.0884,0.14,142.104,3
TRGCMVF128F423C6AB,Paint The Sky With Stars,Enya,https://p.scdn.co/mp3-preview/63e04093c407d39d62d43a3e38cddd500745ebb0?cid=774b29d4f13844c495f206cafdad9c86,5lW3TOgcgvMJeiGAJ0M94Z,new_age,New Age,1997,253506,0.182,0.195,9,-17.866,1,0.0409,0.916,0.0454,0.0991,0.0444,97.787,3
TRWZYFS128F1453ADF,The First of Autumn,Enya,https://p.scdn.co/mp3-preview/263e321646fde10ffed086031b74a232c3a05221?cid=774b29d4f13844c495f206cafdad9c86,4ZFz7FQf2JRvsG51HyOgpj,new_age,New Age,2000,188146,0.658,0.372,1,-15.797,1,0.048,0.578,0.956,0.0995,0.713,129.18,3
TRHHKVQ128F423C322,March Of The Celts,Enya,https://p.scdn.co/mp3-preview/41c1ddffb703c552091c826383dbe5b0c11df44d?cid=774b29d4f13844c495f206cafdad9c86,3IlYls7raj4GZ6lqOHaqCS,new_age,New Age,1987,197666,0.441,0.0295,6,-25.906,1,0.0338,0.888,0.876,0.0723,0.0634,107.085,4
TRUHOTT128F92F48BE,Cathar Rhythm,Era,https://p.scdn.co/mp3-preview/2a73e7dba463439ccdb01a30332a738d854b072c?cid=774b29d4f13844c495f206cafdad9c86,04p6e1oeECSO64By9DlM03,new_age,New Age,2005,198653,0.713,0.503,7,-9.799,0,0.0271,0.455,0.157,0.102,0.483,113.818,4
TRJPSUJ128F423C32A,The Sun In The Stream,Enya,https://p.scdn.co/mp3-preview/e17add06018ce100457d7449b182eaa02b730d71?cid=774b29d4f13844c495f206cafdad9c86,1lPYx9CtR5dUBxUBvywoB4,new_age,New Age,1987,175866,0.0605,0.152,4,-18.672,0,0.0402,0.348,0.00496,0.106,0.053,61.385,4
TROXVJF128F930344B,Devore Amante,Era,https://p.scdn.co/mp3-preview/6b06a815ec9c082a5258de924622e20fd15a88c1?cid=774b29d4f13844c495f206cafdad9c86,1Kzl5hRFmuJ11YAdSxn7G9,new_age,New Age,2000,256786,0.437,0.402,11,-8.578,0,0.0343,0.212,0.492,0.083,0.125,128.083,4
TRGGULV128F4295F6A,How Can I Keep From Singing?,Enya,https://p.scdn.co/mp3-preview/fb77937aca7b066e66f1242ff0e277ac19dfe573?cid=774b29d4f13844c495f206cafdad9c86,0nThdvlErIL2MEpbE7iKu0,"ambient, new_age",New Age,1991,264600,0.281,0.138,2,-17.1,1,0.0388,0.948,0.0196,0.098,0.0398,128.86,4
TRBGNJF128F423C327,Deireadh An Tuath,Enya,https://p.scdn.co/mp3-preview/5abacb1dd0f412197834a703970c4f649437744d?cid=774b29d4f13844c495f206cafdad9c86,2n7XFI9ZcQOrYxYYHBoDde,new_age,New Age,1987,104573,0.144,0.164,2,-22.481,1,0.0375,0.87,0.0675,0.106,0.0377,57.008,4
TRMXREA128F423C33A,Bard Dance,Enya,https://p.scdn.co/mp3-preview/b28801546413f1dc270c37a928e7fdb1295ec6e2?cid=774b29d4f13844c495f206cafdad9c86,0lm0rizD3o0PUhJjf3owjc,new_age,,1987,84906,0.481,0.162,7,-23.685,0,0.069,0.447,0.952,0.109,0.659,176.044,4
TRSHTTA128F1469578,Why!...,Enigma,https://p.scdn.co/mp3-preview/4f7081c7809a9bb4ad3267ca0874cddf332498ee?cid=774b29d4f13844c495f206cafdad9c86,0BU330hJD4niBWT3eE7Y5t,"ambient, chillout, new_age",,1996,299373,0.581,0.635,4,-10.274,0,0.0446,0.198,0.103,0.131,0.333,81.985,4
TRCMLOO128F423C33D,To Go Beyond (II),Enya,https://p.scdn.co/mp3-preview/fd38488ac0414440fa3fe3ade49d626f0f6b1343?cid=774b29d4f13844c495f206cafdad9c86,0ByQTlpoNtceUPavKN6FMS,new_age,New Age,1987,179906,0.233,0.166,2,-20.24,1,0.0371,0.909,0.821,0.0962,0.0392,91.068,3
TRNQKFJ128F427561F,Responsible Stu,The Octopus Project,https://p.scdn.co/mp3-preview/da88e684f912a14ac41b2f955bf278868222366c?cid=774b29d4f13844c495f206cafdad9c86,27WbkIF1m12xxG15D75IKw,"electronic, experimental, new_age",,2005,220720,0.73,0.694,0,-10.784,1,0.0498,0.513,0.726,0.103,0.6,120.028,4
TRSUNIO128F92DD214,Night Village,Deep Forest,https://p.scdn.co/mp3-preview/9bf0e71f2069a5c99f87c5a8e96f339561cd3e16?cid=774b29d4f13844c495f206cafdad9c86,0PNJQTpE2oBUbOFgzSxBz5,"electronic, ambient, chillout, new_age",,2000,248173,0.803,0.275,11,-18.61,1,0.0607,0.345,0.879,0.0881,0.744,137.976,4
TRUZEBD128F429231D,We Will Fall Together,Streetlight Manifesto,https://p.scdn.co/mp3-preview/361c7eab9357b22e8b54f0ded0c5ebfc7704dba7?cid=774b29d4f13844c495f206cafdad9c86,2oRJOGttP04fYcWLZbU84t,ska,,2007,289293,0.548,0.907,11,-4.331,0,0.0609,0.0296,3.28e-06,0.106,0.785,137.971,4
TRYVGMA128F92EF67B,Frijolero,Molotov,https://p.scdn.co/mp3-preview/0ec29103be0f4e6410619511a034eadc5a84273d?cid=774b29d4f13844c495f206cafdad9c86,161qdMVBH8Gmuyvi27aoRA,"rock, ska",,2003,209613,0.773,0.669,2,-3.845,1,0.0361,0.107,0.0,0.0733,0.863,95.005,4
TRGQQTX128F4295082,San Simeon,Goldfinger,https://p.scdn.co/mp3-preview/9c76deafb1c529d1a242247b1309854391589ddb?cid=774b29d4f13844c495f206cafdad9c86,1BmrcDdnIcUb9YMvRxhfEs,"punk, ska",,2000,203466,0.419,0.895,4,-5.134,1,0.093,0.00696,0.0,0.598,0.647,168.326,4
TROSQKR128E078ECCB,Let's Get Back,No Doubt,https://p.scdn.co/mp3-preview/8a08eedd1267ed1d58e4af0433cd7f82b093036a?cid=774b29d4f13844c495f206cafdad9c86,6JGBpjfkIVH6vD9FoBcQ8g,"pop, ska",,1992,251960,0.59,0.868,0,-8.883,0,0.0456,0.0653,0.0139,0.216,0.858,127.178,4
TRBDCVK128F4234243,Gunpowder,Black Joe Lewis & The Honeybears,https://p.scdn.co/mp3-preview/a423525a919e3e4c2e7b1fb954985c2debe9f9f4?cid=774b29d4f13844c495f206cafdad9c86,0EQynTyzzOSrxUoEhzDEWD,"soul, blues, funk, ska",,2009,129360,0.705,0.696,0,-3.343,1,0.0448,0.181,0.00426,0.264,0.971,138.707,4
TRCMJGD128F9324693,For The Dishwasher,Grandaddy,https://p.scdn.co/mp3-preview/006a9eb44ef419c72862b2c03cad218a6f71507b?cid=774b29d4f13844c495f206cafdad9c86,05sUh0V86HHkbTS1oZYotR,"electronic, indie, alternative_rock, indie_rock, ska",Rock,1999,230666,0.479,0.409,4,-10.921,1,0.0296,0.0478,0.0952,0.211,0.0581,79.393,4
TRFUGIV128F932E354,The Goldrush,Coldplay,https://p.scdn.co/mp3-preview/2b9004a08b684ddb6f51a5eae063cd848578ba29?cid=774b29d4f13844c495f206cafdad9c86,6SuRRWIeUNJsd8S9s4nVKO,"rock, alternative, britpop",Rock,2009,149253,0.56,0.627,5,-9.991,1,0.0333,0.654,0.365,0.08,0.937,135.282,4
TRIUCQG128F932C14B,Growing Old Is Getting Old,Silversun Pickups,https://p.scdn.co/mp3-preview/0ae6d4555136e3f35304205ffb5c55e0bfae8cdb?cid=774b29d4f13844c495f206cafdad9c86,0zK5AjPkmYw0SNcYjXuT75,"alternative, indie, indie_rock",Rock,2009,353626,0.509,0.707,4,-7.076,1,0.0449,0.0234,0.0458,0.266,0.423,122.094,4
TRSNEMA128F92F279A,Space Olympics,The Lonely Island,https://p.scdn.co/mp3-preview/3d1ae5802c073af41450857ec7d12870412b8036?cid=774b29d4f13844c495f206cafdad9c86,2TvuR9sbolLCusuyNDrkcr,,,2009,175226,0.416,0.924,0,-2.924,0,0.267,0.591,0.0,0.201,0.435,92.745,4
TRYPQWF128F92E4B3B,Re: Your Brains,Jonathan Coulton,https://p.scdn.co/mp3-preview/2e861ceb4f20618e852075672dcd51ed72ac5d9b?cid=774b29d4f13844c495f206cafdad9c86,0CslphwXnc5L8pwdsswTV5,,,2009,235053,0.617,0.43,0,-6.251,1,0.038,0.818,0.0,0.275,0.483,87.505,4
TRBGSFN128F9324F03,Love Letter to Japan,The Bird and the Bee,https://p.scdn.co/mp3-preview/ebdea6e109a00dca544e1c95a5b694cc81c4b0ec?cid=774b29d4f13844c495f206cafdad9c86,2a0g8qojyJRHYI6oMFVCxv,"electronic, indie",Rock,2009,247040,0.771,0.693,6,-10.425,1,0.0359,0.159,1.24e-06,0.0935,0.749,120.073,4
TRQLOHX128F9301F1B,Ho Ho Hopefully,The Maine,https://p.scdn.co/mp3-preview/0913197ca6a298e2f26f4e4d4a99c5ac1621bff4?cid=774b29d4f13844c495f206cafdad9c86,1Qrh8ihzVI6rTtUFWZA7P2,"acoustic, love",,2008,219053,0.597,0.451,1,-6.342,1,0.03,0.601,0.0,0.203,0.363,119.991,4
TRKCGMA12903CC9B23,Yours Alone,Dum Dum Girls,https://p.scdn.co/mp3-preview/6cfb8da51a79725abbbdfa95ee7ad4760b559782?cid=774b29d4f13844c495f206cafdad9c86,3OhEdH56NVk6zbEYWDfaR8,,Rock,2010,136200,0.307,0.957,4,-4.508,0,0.0657,0.0713,0.394,0.337,0.465,184.019,4
TRKUJFP12903CAF672,Break Your Little Heart,All Time Low,https://p.scdn.co/mp3-preview/cf03a2e7b5205623f9cfcf9ff4349d217a0aab8c?cid=774b29d4f13844c495f206cafdad9c86,0kcC5X0Zrm4NEb08eyzoG8,,Rock,2009,171706,0.417,0.956,1,-3.002,1,0.0488,0.00274,0.0,0.334,0.681,147.925,4
TRKLLJO128F9307E25,"Hello, Brooklyn",All Time Low,https://p.scdn.co/mp3-preview/b88ecabd566669fbdaab17e71836ce2f05019511?cid=774b29d4f13844c495f206cafdad9c86,0tfAvzE7YwTBMePPNk7EuQ,,Rock,2009,209813,0.493,0.89,9,-3.157,1,0.0673,0.0835,0.0,0.0661,0.749,147.982,4
TRJLGXB128F93043EA,Colourful,Skream,https://p.scdn.co/mp3-preview/c594caebfa32ee62920c2dc4d3cf3bd1634bcfe8?cid=774b29d4f13844c495f206cafdad9c86,21rILkLpA1vsYZZwN8L72h,,Electronic,2006,313093,0.717,0.559,8,-8.317,1,0.0449,0.00113,0.919,0.0737,0.192,140.032,4
TROUKKW128F4279282,The Cut,Benga,https://p.scdn.co/mp3-preview/b6ed1b1b2d2979bfef2ff95ee7bf40d72fbefb82?cid=774b29d4f13844c495f206cafdad9c86,0XZFl6wC7Wv0gnJQuW1GNh,,Electronic,2008,286160,0.732,0.967,6,-7.908,1,0.0965,0.00654,0.649,0.763,0.137,139.966,4
TRGVKBK128F429EA2D,The Fake Headlines,The New Pornographers,https://p.scdn.co/mp3-preview/a02300b16cec94999b1db4a8f9689051ea91b11a?cid=774b29d4f13844c495f206cafdad9c86,2sWB1vS7iSNl3VtCFEqaDC,"pop, indie_rock",,2000,165520,0.437,0.64,0,-7.96,1,0.0467,0.0423,2.78e-05,0.137,0.585,176.128,4
TRLMNEE128F42A52E0,Go Places,The New Pornographers,https://p.scdn.co/mp3-preview/6f3dd6fba00d24c0cdf7acb84219051817483a4b?cid=774b29d4f13844c495f206cafdad9c86,1rj7ppFYWy9Aby8nPqOq0s,"indie, indie_rock",Rock,2007,272666,0.605,0.469,0,-8.025,1,0.0332,0.815,0.00033,0.259,0.334,116.766,3
TROPNKC128F42A52DD,Entering White Cecilia,The New Pornographers,https://p.scdn.co/mp3-preview/ab66940b6a71d80975566822736a390a15641d98?cid=774b29d4f13844c495f206cafdad9c86,3eNTBstSSJ9oD2q5XR5eNJ,"indie, indie_rock",Rock,2007,208760,0.686,0.737,2,-6.585,1,0.052,0.0512,0.00147,0.277,0.828,130.739,4
TRLUGYK128F429EA69,Chump Change,The New Pornographers,https://p.scdn.co/mp3-preview/94019cee2e2fcae3a71e4a2c9c3517c087ec7a32?cid=774b29d4f13844c495f206cafdad9c86,3u3N5utJ20EPPG3CDZunbT,"indie, indie_rock",,2003,258640,0.683,0.786,4,-4.089,1,0.0616,0.0418,0.0,0.271,0.788,122.052,4
TRVDTSL128F425A866,the Love Song,K-OS,https://p.scdn.co/mp3-preview/a1f080c9cbcb799bc32c45bf6abf7849b624a2e3?cid=774b29d4f13844c495f206cafdad9c86,0D01CHXz6zBaJOYWVY3cuF,hip_hop,Rap,2004,256946,0.668,0.9,5,-6.867,0,0.108,0.0908,2.28e-06,0.287,0.637,89.078,4
TRAVWZA128F931F36E,Ahead By A Century,The Tragically Hip,https://p.scdn.co/mp3-preview/ca7bb90c78e0fff26544dd836c0cdce6cfb33603?cid=774b29d4f13844c495f206cafdad9c86,08Y9AveUHnXIL06ZSy0fGT,rock,Rock,2009,225400,0.76,0.641,7,-7.309,1,0.027,0.0168,0.0198,0.0891,0.437,126.607,4
TRYZTNS128F93617F3,One More Night (Your Ex-Lover Remains Dead),Stars,https://p.scdn.co/mp3-preview/8a70c32703713c0b887efb49ec22e1fd6896b803?cid=774b29d4f13844c495f206cafdad9c86,2eJ5YYoiXRpUnRzPz84US7,"indie, female_vocalists, indie_pop",,2004,315746,0.656,0.407,0,-7.535,1,0.0271,0.00402,0.661,0.451,0.414,84.135,4
TRYUTWL128F1453E56,Waiting For A Dream,Rufus Wainwright,https://p.scdn.co/mp3-preview/e3ba9eb1bdcf26e99d0097594fced58a8db477f7?cid=774b29d4f13844c495f206cafdad9c86,0F0EfANPwxFkc0ktcdeRE8,"alternative, indie, singer_songwriter",Rock,2004,254133,0.485,0.529,6,-7.025,0,0.0303,0.185,1.05e-05,0.743,0.0678,130.04,4
TRXVLCB128F42629ED,Casio Bossa Nova,Holy Fuck,https://p.scdn.co/mp3-preview/84f4664219e0146367fe6d9f6b528cc1f3351114?cid=774b29d4f13844c495f206cafdad9c86,4BNTq2wJxCyZs38knCbOqO,"electronic, experimental",Electronic,2005,386200,0.566,0.955,11,-5.309,0,0.0849,0.000832,0.00896,0.253,0.364,124.471,4
TRDZTKM128F42629E7,Korg Rhythm Afro,Holy Fuck,https://p.scdn.co/mp3-preview/6d15410fb2481a86e7d596e851cf62fff285cc02?cid=774b29d4f13844c495f206cafdad9c86,1iwZuGMcKL15GEOW5uZLaj,"electronic, experimental, instrumental",Electronic,2005,408880,0.755,0.859,11,-8.175,0,0.105,0.00487,0.468,0.399,0.808,146.759,4
TRUYTGI128F92F61A7,Lover's Spit (Redux),Broken Social Scene,https://p.scdn.co/mp3-preview/21f3762a52ad4b5ba24579a5fd0a51c89bfe862c?cid=774b29d4f13844c495f206cafdad9c86,0b965sK50pXU1y39mLsu6W,"indie, female_vocalists, beautiful",Rock,2008,452920,0.559,0.397,0,-12.051,1,0.0331,0.44,0.749,0.128,0.0634,123.907,4
TRRMNLW128F92D92B0,Feuer Frei,Nachtmahr,https://p.scdn.co/mp3-preview/b085691e2d934147a6fbc9d256e47bcbdb19e28b?cid=774b29d4f13844c495f206cafdad9c86,1FjyLdteE3saWL1YRjQ3Of,industrial,,2008,278066,0.61,0.983,0,-4.169,1,0.0438,4.6e-05,0.548,0.381,0.484,130.01,4
TRXKMEK128F42AD873,Disko Partizani,Shantel,https://p.scdn.co/mp3-preview/518e19396cb464b7117be96cc2d48be35e1204d0?cid=774b29d4f13844c495f206cafdad9c86,06F8XjvbBVYtvH0sESQERB,,,2008,296066,0.719,0.872,8,-5.415,1,0.0428,0.11,0.0456,0.279,0.866,99.99,4
TRZWIXD128F92F16A4,Beauty Beats,Beats Antique,https://p.scdn.co/mp3-preview/91123847c94f0185c5653b2536de6aa25587ee11?cid=774b29d4f13844c495f206cafdad9c86,0Jk5J9HrDmCEKV7xYmaB6m,,,2008,225000,0.601,0.755,8,-5.528,1,0.0405,0.0575,0.887,0.347,0.508,180.02,4
TRTQACQ128F1474D68,Mama Tierra,Macaco,https://p.scdn.co/mp3-preview/40a91e33167d7f4b8fcfa88daf98b00b711c2e2a?cid=774b29d4f13844c495f206cafdad9c86,0CBHSBnipHqafrBf3mIsrE,,,2007,286493,0.804,0.892,2,-4.117,0,0.137,0.134,6.34e-06,0.129,0.871,100.005,4
TRPFLVP128F146E14D,Al otro lado del Río,Jorge Drexler,https://p.scdn.co/mp3-preview/9b68253f05bc64d0d6473f9927ff81896b41ecd8?cid=774b29d4f13844c495f206cafdad9c86,1FqxdFOowkF5ymdvHcwNaC,"soundtrack, acoustic",,2010,194626,0.769,0.307,7,-12.331,1,0.0323,0.809,0.00193,0.0985,0.619,92.948,3
TRXEIRM128EF346710,Loucura,Mariza,https://p.scdn.co/mp3-preview/5cc2993fac9ecbe381d98f3be703d5aa04848771?cid=774b29d4f13844c495f206cafdad9c86,190iXp2Kdem8WpjfWAE5Bl,,World,2014,208826,0.591,0.21,3,-10.523,0,0.0417,0.79,1.27e-05,0.0995,0.422,116.502,4
TRSIJOT128F147DF35,Respira,Ojos de Brujo,https://p.scdn.co/mp3-preview/d180b89e8867a0db163a2b35c99669d3a0029da4?cid=774b29d4f13844c495f206cafdad9c86,05z8DizQlgg1ARVcxgkmfx,,,2005,201773,0.762,0.727,5,-5.768,0,0.0725,0.115,0.00251,0.0481,0.927,88.942,3
TRRWMIP128F42881A6,Tu Guardian,Juanes,https://p.scdn.co/mp3-preview/9354ce8514943c78597aef20be7761fc0a08b38b?cid=774b29d4f13844c495f206cafdad9c86,0aH9P0IsTC9YHZIcrHQfiR,pop,Latin,2004,265533,0.426,0.44,0,-6.724,1,0.0275,0.0758,2.81e-06,0.15,0.244,149.955,3
TRZPCXO128F14628F5,Emigrantes,Orishas,https://p.scdn.co/mp3-preview/90c1043534472a9531286a2e8912fa595351780b?cid=774b29d4f13844c495f206cafdad9c86,0adFAefCtNMD9PjSUVV4Od,,Latin,2002,213946,0.899,0.691,0,-6.562,0,0.129,0.237,0.0,0.18,0.793,98.531,4
TRGRDEC128F423C07D,Let It Be Sung,Jack Johnson,https://p.scdn.co/mp3-preview/4615607c424de3c1e9a02982001ef9f2250a6b57?cid=774b29d4f13844c495f206cafdad9c86,3YPpiU7RGEsokqwrK3unSJ,"singer_songwriter, soundtrack, acoustic, chill",,2006,248346,0.565,0.469,0,-10.735,1,0.0303,0.277,0.000744,0.301,0.487,62.508,4
TRWSHXR128EF355EAD,Hay Un Son,Orishas,https://p.scdn.co/mp3-preview/d05af4fb349a3b4901883f656c716e7742e1f2ff?cid=774b29d4f13844c495f206cafdad9c86,09fQ10W965wqqxLLdtXhNi,hip_hop,Latin,2007,189773,0.824,0.729,7,-5.733,0,0.336,0.224,0.0,0.119,0.841,100.02,4
TRBFJQM128F14A9877,Sunday Arak,Balkan Beat Box,https://p.scdn.co/mp3-preview/cd41ba62901ef79e07b1d0ffd4c2c2ff338f4551?cid=774b29d4f13844c495f206cafdad9c86,01VGYZbnp45oYug8wiQKhO,,World,2014,307693,0.83,0.833,6,-6.694,0,0.0526,0.0436,0.391,0.567,0.916,99.999,4
TRIVLOP128F1481266,Agua De Rosas,Lila Downs,https://p.scdn.co/mp3-preview/1970b0fe9c15b7562b7d726e3a826b71a77eb333?cid=774b29d4f13844c495f206cafdad9c86,1w9MBg2DuxrWtlEDzCKcYJ,,Latin,2009,262600,0.669,0.528,7,-4.412,1,0.053,0.361,1.24e-05,0.269,0.645,87.84,4
TRLSADE128F9321896,Lady In Black,Ensiferum,https://p.scdn.co/mp3-preview/bd59621ec5a9f15a400fe62a00b456d87938abdb?cid=774b29d4f13844c495f206cafdad9c86,18ackaFUN2B3bCXOztPuPO,cover,,2007,597186,0.23,0.000313,5,-6.171,1,0.0488,0.0243,4.35e-05,0.132,0.968,211.894,4
TRQMSQK12903CAF42E,"Sam, As In Samantha",Tiger Lou,https://p.scdn.co/mp3-preview/4000db29a3d18373d036bb2f8c1dcdcd5e3f479d?cid=774b29d4f13844c495f206cafdad9c86,5hZWozmAm6endbTjXhOXpL,swedish,,2019,211826,0.325,0.398,9,-10.689,1,0.0292,0.431,0.00168,0.114,0.0601,139.832,3
TRAVRKY128F429EA68,Loose Translation,The New Pornographers,https://p.scdn.co/mp3-preview/152b87cb5edf228dca95bb57666785fe280d0caf?cid=774b29d4f13844c495f206cafdad9c86,5Qu79Xa89JOQyZgMKWYtRk,"indie, pop, indie_rock",Rock,2003,179600,0.642,0.835,9,-4.444,1,0.0318,0.000764,1.84e-06,0.231,0.813,126.022,4
TRSWDOD128F932F295,Pitter-Pat,Erin McCarley,https://p.scdn.co/mp3-preview/e4df1dbe849f53d5fd26325bdd3b89cae183bb35?cid=774b29d4f13844c495f206cafdad9c86,0y1HE8lUCUGUcOgqkFn4yC,"female_vocalists, singer_songwriter",Pop,2009,259800,0.505,0.45,6,-8.211,1,0.0256,0.335,0.0,0.263,0.196,137.97,4
TRCXFTZ128F14B162D,Samba da Bencao,Bebel Gilberto,https://p.scdn.co/mp3-preview/c8fadd8be741c7271a0ccc2e6f86152337ca52f3?cid=774b29d4f13844c495f206cafdad9c86,1uVSJkagOwtgMmeexAp1hg,,Jazz,2000,287266,0.662,0.496,6,-9.711,1,0.0324,0.176,0.000163,0.104,0.569,80.68,4
TRCQFJI128F4284EEE,Never Felt This Way,Alicia Keys,https://p.scdn.co/mp3-preview/e3a3175defc9f69d99e10d1f8212ac70a948f66f?cid=774b29d4f13844c495f206cafdad9c86,0uUwnByckydEF8r0ifZ5ke,"female_vocalists, soul, rnb",RnB,2001,120933,0.489,0.135,4,-11.504,1,0.0395,0.94,2.25e-05,0.139,0.411,105.148,4
TRSPOSQ128F92D679E,Baby I Want You,Amos Lee,https://p.scdn.co/mp3-preview/d90c6646a76a0964fc030a9cdb00de22cc649f5a?cid=774b29d4f13844c495f206cafdad9c86,2JUB0FUw8yaDhpFsphsxGX,"folk, acoustic",Folk,2010,180866,0.636,0.196,7,-13.646,1,0.0352,0.781,0.000248,0.108,0.317,142.31,4
TRCLGNX128F1467340,Fins,Jimmy Buffett,https://p.scdn.co/mp3-preview/5324714be6bde6bbdce8f97a12db82e04870cace?cid=774b29d4f13844c495f206cafdad9c86,3Js4BgkyPB8CvWz9DZF7i0,"rock, singer_songwriter",Rock,1992,206360,0.661,0.783,4,-8.602,1,0.0466,0.00479,0.0,0.0382,0.895,136.685,4
TRHDYTO128F4282678,Sentimental Lady,Bob Welch,https://p.scdn.co/mp3-preview/fcb430102ca878a3bed07ab16184f91ba3b72def?cid=774b29d4f13844c495f206cafdad9c86,08Ut8QZdpTvXLUbPq6Wo7L,"classic_rock, 70s",Rock,2011,183840,0.536,0.527,4,-8.366,1,0.0303,0.679,4.77e-05,0.432,0.757,72.15,4
TRELYIU128F933BBBA,Droplets,Colbie Caillat,https://p.scdn.co/mp3-preview/9960453b9636b16eb0f81a17f4f0b74c31b14fad?cid=774b29d4f13844c495f206cafdad9c86,02vA4I3rMdRUZky0zVrNPY,"pop, female_vocalists, acoustic, love",,2009,203666,0.613,0.536,5,-7.718,1,0.034,0.471,0.0,0.114,0.286,125.948,4
TRDVCNF128F9329CEA,I'm Yours / Somewhere Over The Rainbow,Straight No Chaser,https://p.scdn.co/mp3-preview/0f14b9da96984866ab4f968177247ca44ce5c933?cid=774b29d4f13844c495f206cafdad9c86,1dlvJVzqW8BKVQauN8d3o5,"00s, cover",,2009,214893,0.426,0.313,0,-7.774,1,0.0429,0.781,0.0,0.097,0.416,77.483,4
TRAUHMB128F92DDCCA,MASQUERADE,Versailles,https://p.scdn.co/mp3-preview/6b8b423b3c16245ad1cdfd5151ef736323a3ec05?cid=774b29d4f13844c495f206cafdad9c86,1STAIjpBaQ0QIa4ApDX8Ag,"power_metal, symphonic_metal",,2010,243613,0.506,0.802,9,-5.767,0,0.0535,0.000359,0.000198,0.164,0.418,119.974,4
